2026-07-28T20:12:19 | INFO     | CloudVulnEngine | [3ad17793] GET / | status=200 | ip=127.0.0.1 | 3.98ms
2026-07-28T20:12:19 | WARNING  | CloudVulnEngine | [b2f75726] GET /favicon.ico | status=404 | ip=127.0.0.1 | 1.39ms
2026-07-28T20:13:15 | INFO     | CloudVulnEngine | [62b96a87] POST /api/analysis/target | status=200 | ip=127.0.0.1 | 21473.8ms
2026-07-28T20:13:15 | INFO     | CloudVulnEngine | Scan created: SCAN-2026-9945 | target=192.168.37.1
2026-07-28T20:13:15 | INFO     | CloudVulnEngine | [7e9e3555] POST /api/scans | status=201 | ip=127.0.0.1 | 19.76ms
2026-07-28T20:13:45 | INFO     | CloudVulnEngine | [ffd23f51] GET /api/reports/DEFAULT-001 | status=200 | ip=127.0.0.1 | 6.44ms
2026-07-28T20:13:45 | INFO     | CloudVulnEngine | [74f336d3] GET /api/reports/DEFAULT-001 | status=200 | ip=127.0.0.1 | 4.92ms
2026-07-28T20:14:05 | INFO     | CloudVulnEngine | [4cff0a66] GET /api/reports/DEFAULT-001/download | status=200 | ip=127.0.0.1 | 34.91ms
2026-07-28T20:14:19 | INFO     | CloudVulnEngine | [75eb4491] GET /api/reports/DEFAULT-001/download | status=200 | ip=127.0.0.1 | 11.7ms
2026-07-28T20:15:07 | INFO     | CloudVulnEngine | [106b5e94] GET /api/dashboard/summary | status=200 | ip=127.0.0.1 | 86.31ms
2026-07-28T20:15:07 | INFO     | CloudVulnEngine | [7fe62e0c] GET /api/dashboard/recent-scans | status=200 | ip=127.0.0.1 | 83.42ms
2026-07-28T20:15:07 | INFO     | CloudVulnEngine | [985fd094] GET /api/dashboard/activity | status=200 | ip=127.0.0.1 | 59.79ms
2026-07-28T20:15:07 | INFO     | CloudVulnEngine | [d1e4914d] GET /api/dashboard/risk-statistics | status=200 | ip=127.0.0.1 | 62.06ms
2026-07-28T20:15:07 | INFO     | CloudVulnEngine | [24acb7af] GET /api/dashboard/summary | status=200 | ip=127.0.0.1 | 42.03ms
2026-07-28T20:15:07 | INFO     | CloudVulnEngine | [1a1eafeb] GET /api/dashboard/recent-scans | status=200 | ip=127.0.0.1 | 28.91ms
2026-07-28T20:15:07 | INFO     | CloudVulnEngine | [4105ed8f] GET /api/dashboard/risk-statistics | status=200 | ip=127.0.0.1 | 18.07ms
2026-07-28T20:15:07 | INFO     | CloudVulnEngine | [70fd7aee] GET /api/dashboard/activity | status=200 | ip=127.0.0.1 | 37.11ms
2026-07-28T20:15:10 | INFO     | CloudVulnEngine | [9a474b97] GET /api/cve/search | status=200 | ip=127.0.0.1 | 3054.72ms
2026-07-28T20:15:12 | INFO     | CloudVulnEngine | [e19f2d84] GET /api/cve/search | status=200 | ip=127.0.0.1 | 2172.69ms
2026-07-28T20:16:36 | ERROR    | CloudVulnEngine | Unhandled exception on POST /api/auth/register: (sqlite3.OperationalError) no such column: users.last_login
[SQL: SELECT users.id AS users_id, users.email AS users_email, users.full_name AS users_full_name, users.hashed_password AS users_hashed_password, users.role AS users_role, users.is_active AS users_is_active, users.created_at AS users_created_at, users.last_login AS users_last_login 
FROM users 
WHERE users.email = ?
 LIMIT ? OFFSET ?]
[parameters: ('mananthapriyan@gmail.com', 1, 0)]
(Background on this error at: https://sqlalche.me/e/20/e3q8)
Traceback (most recent call last):
  File "C:\Users\Ananthapriyan M\AppData\Local\Programs\Python\Python314\Lib\site-packages\sqlalchemy\engine\base.py", line 1969, in _exec_single_context
    self.dialect.do_execute(
    ~~~~~~~~~~~~~~~~~~~~~~~^
        cursor, str_statement, effective_parameters, context
        ^^^^^^^^^^^^^^^^^^^^^^^^^^^^^^^^^^^^^^^^^^^^^^^^^^^^
    )
    ^
  File "C:\Users\Ananthapriyan M\AppData\Local\Programs\Python\Python314\Lib\site-packages\sqlalchemy\engine\default.py", line 952, in do_execute
    cursor.execute(statement, parameters)
    ~~~~~~~~~~~~~~^^^^^^^^^^^^^^^^^^^^^^^
sqlite3.OperationalError: no such column: users.last_login

The above exception was the direct cause of the following exception:

Traceback (most recent call last):
  File "C:\Users\Ananthapriyan M\AppData\Local\Programs\Python\Python314\Lib\site-packages\starlette\middleware\errors.py", line 164, in __call__
    await self.app(scope, receive, _send)
  File "C:\Users\Ananthapriyan M\AppData\Local\Programs\Python\Python314\Lib\site-packages\starlette\middleware\base.py", line 193, in __call__
    response = await self.dispatch_func(request, call_next)
               ^^^^^^^^^^^^^^^^^^^^^^^^^^^^^^^^^^^^^^^^^^^^
  File "C:\Users\Ananthapriyan M\Downloads\cloudvuln\backend\main.py", line 128, in security_middleware
    response = await call_next(request)
               ^^^^^^^^^^^^^^^^^^^^^^^^
  File "C:\Users\Ananthapriyan M\AppData\Local\Programs\Python\Python314\Lib\site-packages\starlette\middleware\base.py", line 168, in call_next
    raise app_exc from app_exc.__cause__ or app_exc.__context__
  File "C:\Users\Ananthapriyan M\AppData\Local\Programs\Python\Python314\Lib\site-packages\starlette\middleware\base.py", line 144, in coro
    await self.app(scope, receive_or_disconnect, send_no_error)
  File "C:\Users\Ananthapriyan M\AppData\Local\Programs\Python\Python314\Lib\site-packages\starlette\middleware\cors.py", line 96, in __call__
    await self.simple_response(scope, receive, send, request_headers=headers)
  File "C:\Users\Ananthapriyan M\AppData\Local\Programs\Python\Python314\Lib\site-packages\starlette\middleware\cors.py", line 154, in simple_response
    await self.app(scope, receive, send)
  File "C:\Users\Ananthapriyan M\AppData\Local\Programs\Python\Python314\Lib\site-packages\starlette\middleware\exceptions.py", line 63, in __call__
    await wrap_app_handling_exceptions(self.app, conn)(scope, receive, send)
  File "C:\Users\Ananthapriyan M\AppData\Local\Programs\Python\Python314\Lib\site-packages\starlette\_exception_handler.py", line 53, in wrapped_app
    raise exc
  File "C:\Users\Ananthapriyan M\AppData\Local\Programs\Python\Python314\Lib\site-packages\starlette\_exception_handler.py", line 42, in wrapped_app
    await app(scope, receive, sender)
  File "C:\Users\Ananthapriyan M\AppData\Local\Programs\Python\Python314\Lib\site-packages\fastapi\middleware\asyncexitstack.py", line 18, in __call__
    await self.app(scope, receive, send)
  File "C:\Users\Ananthapriyan M\AppData\Local\Programs\Python\Python314\Lib\site-packages\starlette\routing.py", line 660, in __call__
    await self.middleware_stack(scope, receive, send)
  File "C:\Users\Ananthapriyan M\AppData\Local\Programs\Python\Python314\Lib\site-packages\fastapi\routing.py", line 2672, in app
    await route.handle(scope, receive, send)
  File "C:\Users\Ananthapriyan M\AppData\Local\Programs\Python\Python314\Lib\site-packages\fastapi\routing.py", line 1266, in handle
    await super().handle(scope, receive, send)
  File "C:\Users\Ananthapriyan M\AppData\Local\Programs\Python\Python314\Lib\site-packages\starlette\routing.py", line 276, in handle
    await self.app(scope, receive, send)
  File "C:\Users\Ananthapriyan M\AppData\Local\Programs\Python\Python314\Lib\site-packages\fastapi\routing.py", line 150, in app
    await wrap_app_handling_exceptions(app, request)(scope, receive, send)
  File "C:\Users\Ananthapriyan M\AppData\Local\Programs\Python\Python314\Lib\site-packages\starlette\_exception_handler.py", line 53, in wrapped_app
    raise exc
  File "C:\Users\Ananthapriyan M\AppData\Local\Programs\Python\Python314\Lib\site-packages\starlette\_exception_handler.py", line 42, in wrapped_app
    await app(scope, receive, sender)
  File "C:\Users\Ananthapriyan M\AppData\Local\Programs\Python\Python314\Lib\site-packages\fastapi\routing.py", line 136, in app
    response = await f(request)
               ^^^^^^^^^^^^^^^^
  File "C:\Users\Ananthapriyan M\AppData\Local\Programs\Python\Python314\Lib\site-packages\fastapi\routing.py", line 690, in app
    raw_response = await run_endpoint_function(
                   ^^^^^^^^^^^^^^^^^^^^^^^^^^^^
    ...<3 lines>...
    )
    ^
  File "C:\Users\Ananthapriyan M\AppData\Local\Programs\Python\Python314\Lib\site-packages\fastapi\routing.py", line 346, in run_endpoint_function
    return await run_in_threadpool(dependant.call, **values)
           ^^^^^^^^^^^^^^^^^^^^^^^^^^^^^^^^^^^^^^^^^^^^^^^^^
  File "C:\Users\Ananthapriyan M\AppData\Local\Programs\Python\Python314\Lib\site-packages\starlette\concurrency.py", line 34, in run_in_threadpool
    return await anyio.to_thread.run_sync(func)
           ^^^^^^^^^^^^^^^^^^^^^^^^^^^^^^^^^^^^
  File "C:\Users\Ananthapriyan M\AppData\Local\Programs\Python\Python314\Lib\site-packages\anyio\to_thread.py", line 63, in run_sync
    return await get_async_backend().run_sync_in_worker_thread(
           ^^^^^^^^^^^^^^^^^^^^^^^^^^^^^^^^^^^^^^^^^^^^^^^^^^^^
        func, args, abandon_on_cancel=abandon_on_cancel, limiter=limiter
        ^^^^^^^^^^^^^^^^^^^^^^^^^^^^^^^^^^^^^^^^^^^^^^^^^^^^^^^^^^^^^^^^
    )
    ^
  File "C:\Users\Ananthapriyan M\AppData\Local\Programs\Python\Python314\Lib\site-packages\anyio\_backends\_asyncio.py", line 2502, in run_sync_in_worker_thread
    return await future
           ^^^^^^^^^^^^
  File "C:\Users\Ananthapriyan M\AppData\Local\Programs\Python\Python314\Lib\site-packages\anyio\_backends\_asyncio.py", line 986, in run
    result = context.run(func, *args)
  File "C:\Users\Ananthapriyan M\Downloads\cloudvuln\backend\main.py", line 251, in register
    existing = db.query(models.User).filter(models.User.email == user_in.email).first()
  File "C:\Users\Ananthapriyan M\AppData\Local\Programs\Python\Python314\Lib\site-packages\sqlalchemy\orm\query.py", line 2766, in first
    return self.limit(1)._iter().first()  # type: ignore
           ~~~~~~~~~~~~~~~~~~~^^
  File "C:\Users\Ananthapriyan M\AppData\Local\Programs\Python\Python314\Lib\site-packages\sqlalchemy\orm\query.py", line 2864, in _iter
    result: Union[ScalarResult[_T], Result[_T]] = self.session.execute(
                                                  ~~~~~~~~~~~~~~~~~~~~^
        statement,
        ^^^^^^^^^^
        params,
        ^^^^^^^
        execution_options={"_sa_orm_load_options": self.load_options},
        ^^^^^^^^^^^^^^^^^^^^^^^^^^^^^^^^^^^^^^^^^^^^^^^^^^^^^^^^^^^^^^
    )
    ^
  File "C:\Users\Ananthapriyan M\AppData\Local\Programs\Python\Python314\Lib\site-packages\sqlalchemy\orm\session.py", line 2373, in execute
    return self._execute_internal(
           ~~~~~~~~~~~~~~~~~~~~~~^
        statement,
        ^^^^^^^^^^
    ...<4 lines>...
        _add_event=_add_event,
        ^^^^^^^^^^^^^^^^^^^^^^
    )
    ^
  File "C:\Users\Ananthapriyan M\AppData\Local\Programs\Python\Python314\Lib\site-packages\sqlalchemy\orm\session.py", line 2271, in _execute_internal
    result: Result[Any] = compile_state_cls.orm_execute_statement(
                          ~~~~~~~~~~~~~~~~~~~~~~~~~~~~~~~~~~~~~~~^
        self,
        ^^^^^
    ...<4 lines>...
        conn,
        ^^^^^
    )
    ^
  File "C:\Users\Ananthapriyan M\AppData\Local\Programs\Python\Python314\Lib\site-packages\sqlalchemy\orm\context.py", line 306, in orm_execute_statement
    result = conn.execute(
        statement, params or {}, execution_options=execution_options
    )
  File "C:\Users\Ananthapriyan M\AppData\Local\Programs\Python\Python314\Lib\site-packages\sqlalchemy\engine\base.py", line 1421, in execute
    return meth(
        self,
        distilled_parameters,
        execution_options or NO_OPTIONS,
    )
  File "C:\Users\Ananthapriyan M\AppData\Local\Programs\Python\Python314\Lib\site-packages\sqlalchemy\sql\elements.py", line 526, in _execute_on_connection
    return connection._execute_clauseelement(
           ~~~~~~~~~~~~~~~~~~~~~~~~~~~~~~~~~^
        self, distilled_params, execution_options
        ^^^^^^^^^^^^^^^^^^^^^^^^^^^^^^^^^^^^^^^^^
    )
    ^
  File "C:\Users\Ananthapriyan M\AppData\Local\Programs\Python\Python314\Lib\site-packages\sqlalchemy\engine\base.py", line 1643, in _execute_clauseelement
    ret = self._execute_context(
        dialect,
    ...<8 lines>...
        cache_hit=cache_hit,
    )
  File "C:\Users\Ananthapriyan M\AppData\Local\Programs\Python\Python314\Lib\site-packages\sqlalchemy\engine\base.py", line 1848, in _execute_context
    return self._exec_single_context(
           ~~~~~~~~~~~~~~~~~~~~~~~~~^
        dialect, context, statement, parameters
        ^^^^^^^^^^^^^^^^^^^^^^^^^^^^^^^^^^^^^^^
    )
    ^
  File "C:\Users\Ananthapriyan M\AppData\Local\Programs\Python\Python314\Lib\site-packages\sqlalchemy\engine\base.py", line 1988, in _exec_single_context
    self._handle_dbapi_exception(
    ~~~~~~~~~~~~~~~~~~~~~~~~~~~~^
        e, str_statement, effective_parameters, cursor, context
        ^^^^^^^^^^^^^^^^^^^^^^^^^^^^^^^^^^^^^^^^^^^^^^^^^^^^^^^
    )
    ^
  File "C:\Users\Ananthapriyan M\AppData\Local\Programs\Python\Python314\Lib\site-packages\sqlalchemy\engine\base.py", line 2365, in _handle_dbapi_exception
    raise sqlalchemy_exception.with_traceback(exc_info[2]) from e
  File "C:\Users\Ananthapriyan M\AppData\Local\Programs\Python\Python314\Lib\site-packages\sqlalchemy\engine\base.py", line 1969, in _exec_single_context
    self.dialect.do_execute(
    ~~~~~~~~~~~~~~~~~~~~~~~^
        cursor, str_statement, effective_parameters, context
        ^^^^^^^^^^^^^^^^^^^^^^^^^^^^^^^^^^^^^^^^^^^^^^^^^^^^
    )
    ^
  File "C:\Users\Ananthapriyan M\AppData\Local\Programs\Python\Python314\Lib\site-packages\sqlalchemy\engine\default.py", line 952, in do_execute
    cursor.execute(statement, parameters)
    ~~~~~~~~~~~~~~^^^^^^^^^^^^^^^^^^^^^^^
sqlalchemy.exc.OperationalError: (sqlite3.OperationalError) no such column: users.last_login
[SQL: SELECT users.id AS users_id, users.email AS users_email, users.full_name AS users_full_name, users.hashed_password AS users_hashed_password, users.role AS users_role, users.is_active AS users_is_active, users.created_at AS users_created_at, users.last_login AS users_last_login 
FROM users 
WHERE users.email = ?
 LIMIT ? OFFSET ?]
[parameters: ('mananthapriyan@gmail.com', 1, 0)]
(Background on this error at: https://sqlalche.me/e/20/e3q8)
2026-07-28T20:16:46 | ERROR    | CloudVulnEngine | Unhandled exception on POST /api/auth/register: (sqlite3.OperationalError) no such column: users.last_login
[SQL: SELECT users.id AS users_id, users.email AS users_email, users.full_name AS users_full_name, users.hashed_password AS users_hashed_password, users.role AS users_role, users.is_active AS users_is_active, users.created_at AS users_created_at, users.last_login AS users_last_login 
FROM users 
WHERE users.email = ?
 LIMIT ? OFFSET ?]
[parameters: ('mananthapriyan@gmail.com', 1, 0)]
(Background on this error at: https://sqlalche.me/e/20/e3q8)
Traceback (most recent call last):
  File "C:\Users\Ananthapriyan M\AppData\Local\Programs\Python\Python314\Lib\site-packages\sqlalchemy\engine\base.py", line 1969, in _exec_single_context
    self.dialect.do_execute(
    ~~~~~~~~~~~~~~~~~~~~~~~^
        cursor, str_statement, effective_parameters, context
        ^^^^^^^^^^^^^^^^^^^^^^^^^^^^^^^^^^^^^^^^^^^^^^^^^^^^
    )
    ^
  File "C:\Users\Ananthapriyan M\AppData\Local\Programs\Python\Python314\Lib\site-packages\sqlalchemy\engine\default.py", line 952, in do_execute
    cursor.execute(statement, parameters)
    ~~~~~~~~~~~~~~^^^^^^^^^^^^^^^^^^^^^^^
sqlite3.OperationalError: no such column: users.last_login

The above exception was the direct cause of the following exception:

Traceback (most recent call last):
  File "C:\Users\Ananthapriyan M\AppData\Local\Programs\Python\Python314\Lib\site-packages\starlette\middleware\errors.py", line 164, in __call__
    await self.app(scope, receive, _send)
  File "C:\Users\Ananthapriyan M\AppData\Local\Programs\Python\Python314\Lib\site-packages\starlette\middleware\base.py", line 193, in __call__
    response = await self.dispatch_func(request, call_next)
               ^^^^^^^^^^^^^^^^^^^^^^^^^^^^^^^^^^^^^^^^^^^^
  File "C:\Users\Ananthapriyan M\Downloads\cloudvuln\backend\main.py", line 128, in security_middleware
    response = await call_next(request)
               ^^^^^^^^^^^^^^^^^^^^^^^^
  File "C:\Users\Ananthapriyan M\AppData\Local\Programs\Python\Python314\Lib\site-packages\starlette\middleware\base.py", line 168, in call_next
    raise app_exc from app_exc.__cause__ or app_exc.__context__
  File "C:\Users\Ananthapriyan M\AppData\Local\Programs\Python\Python314\Lib\site-packages\starlette\middleware\base.py", line 144, in coro
    await self.app(scope, receive_or_disconnect, send_no_error)
  File "C:\Users\Ananthapriyan M\AppData\Local\Programs\Python\Python314\Lib\site-packages\starlette\middleware\cors.py", line 96, in __call__
    await self.simple_response(scope, receive, send, request_headers=headers)
  File "C:\Users\Ananthapriyan M\AppData\Local\Programs\Python\Python314\Lib\site-packages\starlette\middleware\cors.py", line 154, in simple_response
    await self.app(scope, receive, send)
  File "C:\Users\Ananthapriyan M\AppData\Local\Programs\Python\Python314\Lib\site-packages\starlette\middleware\exceptions.py", line 63, in __call__
    await wrap_app_handling_exceptions(self.app, conn)(scope, receive, send)
  File "C:\Users\Ananthapriyan M\AppData\Local\Programs\Python\Python314\Lib\site-packages\starlette\_exception_handler.py", line 53, in wrapped_app
    raise exc
  File "C:\Users\Ananthapriyan M\AppData\Local\Programs\Python\Python314\Lib\site-packages\starlette\_exception_handler.py", line 42, in wrapped_app
    await app(scope, receive, sender)
  File "C:\Users\Ananthapriyan M\AppData\Local\Programs\Python\Python314\Lib\site-packages\fastapi\middleware\asyncexitstack.py", line 18, in __call__
    await self.app(scope, receive, send)
  File "C:\Users\Ananthapriyan M\AppData\Local\Programs\Python\Python314\Lib\site-packages\starlette\routing.py", line 660, in __call__
    await self.middleware_stack(scope, receive, send)
  File "C:\Users\Ananthapriyan M\AppData\Local\Programs\Python\Python314\Lib\site-packages\fastapi\routing.py", line 2672, in app
    await route.handle(scope, receive, send)
  File "C:\Users\Ananthapriyan M\AppData\Local\Programs\Python\Python314\Lib\site-packages\fastapi\routing.py", line 1266, in handle
    await super().handle(scope, receive, send)
  File "C:\Users\Ananthapriyan M\AppData\Local\Programs\Python\Python314\Lib\site-packages\starlette\routing.py", line 276, in handle
    await self.app(scope, receive, send)
  File "C:\Users\Ananthapriyan M\AppData\Local\Programs\Python\Python314\Lib\site-packages\fastapi\routing.py", line 150, in app
    await wrap_app_handling_exceptions(app, request)(scope, receive, send)
  File "C:\Users\Ananthapriyan M\AppData\Local\Programs\Python\Python314\Lib\site-packages\starlette\_exception_handler.py", line 53, in wrapped_app
    raise exc
  File "C:\Users\Ananthapriyan M\AppData\Local\Programs\Python\Python314\Lib\site-packages\starlette\_exception_handler.py", line 42, in wrapped_app
    await app(scope, receive, sender)
  File "C:\Users\Ananthapriyan M\AppData\Local\Programs\Python\Python314\Lib\site-packages\fastapi\routing.py", line 136, in app
    response = await f(request)
               ^^^^^^^^^^^^^^^^
  File "C:\Users\Ananthapriyan M\AppData\Local\Programs\Python\Python314\Lib\site-packages\fastapi\routing.py", line 690, in app
    raw_response = await run_endpoint_function(
                   ^^^^^^^^^^^^^^^^^^^^^^^^^^^^
    ...<3 lines>...
    )
    ^
  File "C:\Users\Ananthapriyan M\AppData\Local\Programs\Python\Python314\Lib\site-packages\fastapi\routing.py", line 346, in run_endpoint_function
    return await run_in_threadpool(dependant.call, **values)
           ^^^^^^^^^^^^^^^^^^^^^^^^^^^^^^^^^^^^^^^^^^^^^^^^^
  File "C:\Users\Ananthapriyan M\AppData\Local\Programs\Python\Python314\Lib\site-packages\starlette\concurrency.py", line 34, in run_in_threadpool
    return await anyio.to_thread.run_sync(func)
           ^^^^^^^^^^^^^^^^^^^^^^^^^^^^^^^^^^^^
  File "C:\Users\Ananthapriyan M\AppData\Local\Programs\Python\Python314\Lib\site-packages\anyio\to_thread.py", line 63, in run_sync
    return await get_async_backend().run_sync_in_worker_thread(
           ^^^^^^^^^^^^^^^^^^^^^^^^^^^^^^^^^^^^^^^^^^^^^^^^^^^^
        func, args, abandon_on_cancel=abandon_on_cancel, limiter=limiter
        ^^^^^^^^^^^^^^^^^^^^^^^^^^^^^^^^^^^^^^^^^^^^^^^^^^^^^^^^^^^^^^^^
    )
    ^
  File "C:\Users\Ananthapriyan M\AppData\Local\Programs\Python\Python314\Lib\site-packages\anyio\_backends\_asyncio.py", line 2502, in run_sync_in_worker_thread
    return await future
           ^^^^^^^^^^^^
  File "C:\Users\Ananthapriyan M\AppData\Local\Programs\Python\Python314\Lib\site-packages\anyio\_backends\_asyncio.py", line 986, in run
    result = context.run(func, *args)
  File "C:\Users\Ananthapriyan M\Downloads\cloudvuln\backend\main.py", line 251, in register
    existing = db.query(models.User).filter(models.User.email == user_in.email).first()
  File "C:\Users\Ananthapriyan M\AppData\Local\Programs\Python\Python314\Lib\site-packages\sqlalchemy\orm\query.py", line 2766, in first
    return self.limit(1)._iter().first()  # type: ignore
           ~~~~~~~~~~~~~~~~~~~^^
  File "C:\Users\Ananthapriyan M\AppData\Local\Programs\Python\Python314\Lib\site-packages\sqlalchemy\orm\query.py", line 2864, in _iter
    result: Union[ScalarResult[_T], Result[_T]] = self.session.execute(
                                                  ~~~~~~~~~~~~~~~~~~~~^
        statement,
        ^^^^^^^^^^
        params,
        ^^^^^^^
        execution_options={"_sa_orm_load_options": self.load_options},
        ^^^^^^^^^^^^^^^^^^^^^^^^^^^^^^^^^^^^^^^^^^^^^^^^^^^^^^^^^^^^^^
    )
    ^
  File "C:\Users\Ananthapriyan M\AppData\Local\Programs\Python\Python314\Lib\site-packages\sqlalchemy\orm\session.py", line 2373, in execute
    return self._execute_internal(
           ~~~~~~~~~~~~~~~~~~~~~~^
        statement,
        ^^^^^^^^^^
    ...<4 lines>...
        _add_event=_add_event,
        ^^^^^^^^^^^^^^^^^^^^^^
    )
    ^
  File "C:\Users\Ananthapriyan M\AppData\Local\Programs\Python\Python314\Lib\site-packages\sqlalchemy\orm\session.py", line 2271, in _execute_internal
    result: Result[Any] = compile_state_cls.orm_execute_statement(
                          ~~~~~~~~~~~~~~~~~~~~~~~~~~~~~~~~~~~~~~~^
        self,
        ^^^^^
    ...<4 lines>...
        conn,
        ^^^^^
    )
    ^
  File "C:\Users\Ananthapriyan M\AppData\Local\Programs\Python\Python314\Lib\site-packages\sqlalchemy\orm\context.py", line 306, in orm_execute_statement
    result = conn.execute(
        statement, params or {}, execution_options=execution_options
    )
  File "C:\Users\Ananthapriyan M\AppData\Local\Programs\Python\Python314\Lib\site-packages\sqlalchemy\engine\base.py", line 1421, in execute
    return meth(
        self,
        distilled_parameters,
        execution_options or NO_OPTIONS,
    )
  File "C:\Users\Ananthapriyan M\AppData\Local\Programs\Python\Python314\Lib\site-packages\sqlalchemy\sql\elements.py", line 526, in _execute_on_connection
    return connection._execute_clauseelement(
           ~~~~~~~~~~~~~~~~~~~~~~~~~~~~~~~~~^
        self, distilled_params, execution_options
        ^^^^^^^^^^^^^^^^^^^^^^^^^^^^^^^^^^^^^^^^^
    )
    ^
  File "C:\Users\Ananthapriyan M\AppData\Local\Programs\Python\Python314\Lib\site-packages\sqlalchemy\engine\base.py", line 1643, in _execute_clauseelement
    ret = self._execute_context(
        dialect,
    ...<8 lines>...
        cache_hit=cache_hit,
    )
  File "C:\Users\Ananthapriyan M\AppData\Local\Programs\Python\Python314\Lib\site-packages\sqlalchemy\engine\base.py", line 1848, in _execute_context
    return self._exec_single_context(
           ~~~~~~~~~~~~~~~~~~~~~~~~~^
        dialect, context, statement, parameters
        ^^^^^^^^^^^^^^^^^^^^^^^^^^^^^^^^^^^^^^^
    )
    ^
  File "C:\Users\Ananthapriyan M\AppData\Local\Programs\Python\Python314\Lib\site-packages\sqlalchemy\engine\base.py", line 1988, in _exec_single_context
    self._handle_dbapi_exception(
    ~~~~~~~~~~~~~~~~~~~~~~~~~~~~^
        e, str_statement, effective_parameters, cursor, context
        ^^^^^^^^^^^^^^^^^^^^^^^^^^^^^^^^^^^^^^^^^^^^^^^^^^^^^^^
    )
    ^
  File "C:\Users\Ananthapriyan M\AppData\Local\Programs\Python\Python314\Lib\site-packages\sqlalchemy\engine\base.py", line 2365, in _handle_dbapi_exception
    raise sqlalchemy_exception.with_traceback(exc_info[2]) from e
  File "C:\Users\Ananthapriyan M\AppData\Local\Programs\Python\Python314\Lib\site-packages\sqlalchemy\engine\base.py", line 1969, in _exec_single_context
    self.dialect.do_execute(
    ~~~~~~~~~~~~~~~~~~~~~~~^
        cursor, str_statement, effective_parameters, context
        ^^^^^^^^^^^^^^^^^^^^^^^^^^^^^^^^^^^^^^^^^^^^^^^^^^^^
    )
    ^
  File "C:\Users\Ananthapriyan M\AppData\Local\Programs\Python\Python314\Lib\site-packages\sqlalchemy\engine\default.py", line 952, in do_execute
    cursor.execute(statement, parameters)
    ~~~~~~~~~~~~~~^^^^^^^^^^^^^^^^^^^^^^^
sqlalchemy.exc.OperationalError: (sqlite3.OperationalError) no such column: users.last_login
[SQL: SELECT users.id AS users_id, users.email AS users_email, users.full_name AS users_full_name, users.hashed_password AS users_hashed_password, users.role AS users_role, users.is_active AS users_is_active, users.created_at AS users_created_at, users.last_login AS users_last_login 
FROM users 
WHERE users.email = ?
 LIMIT ? OFFSET ?]
[parameters: ('mananthapriyan@gmail.com', 1, 0)]
(Background on this error at: https://sqlalche.me/e/20/e3q8)
2026-07-28T20:17:06 | ERROR    | CloudVulnEngine | Unhandled exception on POST /api/auth/login: (sqlite3.OperationalError) no such column: users.last_login
[SQL: SELECT users.id AS users_id, users.email AS users_email, users.full_name AS users_full_name, users.hashed_password AS users_hashed_password, users.role AS users_role, users.is_active AS users_is_active, users.created_at AS users_created_at, users.last_login AS users_last_login 
FROM users 
WHERE users.email = ?
 LIMIT ? OFFSET ?]
[parameters: ('mananthapriyan@gmail.com', 1, 0)]
(Background on this error at: https://sqlalche.me/e/20/e3q8)
Traceback (most recent call last):
  File "C:\Users\Ananthapriyan M\AppData\Local\Programs\Python\Python314\Lib\site-packages\sqlalchemy\engine\base.py", line 1969, in _exec_single_context
    self.dialect.do_execute(
    ~~~~~~~~~~~~~~~~~~~~~~~^
        cursor, str_statement, effective_parameters, context
        ^^^^^^^^^^^^^^^^^^^^^^^^^^^^^^^^^^^^^^^^^^^^^^^^^^^^
    )
    ^
  File "C:\Users\Ananthapriyan M\AppData\Local\Programs\Python\Python314\Lib\site-packages\sqlalchemy\engine\default.py", line 952, in do_execute
    cursor.execute(statement, parameters)
    ~~~~~~~~~~~~~~^^^^^^^^^^^^^^^^^^^^^^^
sqlite3.OperationalError: no such column: users.last_login

The above exception was the direct cause of the following exception:

Traceback (most recent call last):
  File "C:\Users\Ananthapriyan M\AppData\Local\Programs\Python\Python314\Lib\site-packages\starlette\middleware\errors.py", line 164, in __call__
    await self.app(scope, receive, _send)
  File "C:\Users\Ananthapriyan M\AppData\Local\Programs\Python\Python314\Lib\site-packages\starlette\middleware\base.py", line 193, in __call__
    response = await self.dispatch_func(request, call_next)
               ^^^^^^^^^^^^^^^^^^^^^^^^^^^^^^^^^^^^^^^^^^^^
  File "C:\Users\Ananthapriyan M\Downloads\cloudvuln\backend\main.py", line 128, in security_middleware
    response = await call_next(request)
               ^^^^^^^^^^^^^^^^^^^^^^^^
  File "C:\Users\Ananthapriyan M\AppData\Local\Programs\Python\Python314\Lib\site-packages\starlette\middleware\base.py", line 168, in call_next
    raise app_exc from app_exc.__cause__ or app_exc.__context__
  File "C:\Users\Ananthapriyan M\AppData\Local\Programs\Python\Python314\Lib\site-packages\starlette\middleware\base.py", line 144, in coro
    await self.app(scope, receive_or_disconnect, send_no_error)
  File "C:\Users\Ananthapriyan M\AppData\Local\Programs\Python\Python314\Lib\site-packages\starlette\middleware\cors.py", line 96, in __call__
    await self.simple_response(scope, receive, send, request_headers=headers)
  File "C:\Users\Ananthapriyan M\AppData\Local\Programs\Python\Python314\Lib\site-packages\starlette\middleware\cors.py", line 154, in simple_response
    await self.app(scope, receive, send)
  File "C:\Users\Ananthapriyan M\AppData\Local\Programs\Python\Python314\Lib\site-packages\starlette\middleware\exceptions.py", line 63, in __call__
    await wrap_app_handling_exceptions(self.app, conn)(scope, receive, send)
  File "C:\Users\Ananthapriyan M\AppData\Local\Programs\Python\Python314\Lib\site-packages\starlette\_exception_handler.py", line 53, in wrapped_app
    raise exc
  File "C:\Users\Ananthapriyan M\AppData\Local\Programs\Python\Python314\Lib\site-packages\starlette\_exception_handler.py", line 42, in wrapped_app
    await app(scope, receive, sender)
  File "C:\Users\Ananthapriyan M\AppData\Local\Programs\Python\Python314\Lib\site-packages\fastapi\middleware\asyncexitstack.py", line 18, in __call__
    await self.app(scope, receive, send)
  File "C:\Users\Ananthapriyan M\AppData\Local\Programs\Python\Python314\Lib\site-packages\starlette\routing.py", line 660, in __call__
    await self.middleware_stack(scope, receive, send)
  File "C:\Users\Ananthapriyan M\AppData\Local\Programs\Python\Python314\Lib\site-packages\fastapi\routing.py", line 2672, in app
    await route.handle(scope, receive, send)
  File "C:\Users\Ananthapriyan M\AppData\Local\Programs\Python\Python314\Lib\site-packages\fastapi\routing.py", line 1266, in handle
    await super().handle(scope, receive, send)
  File "C:\Users\Ananthapriyan M\AppData\Local\Programs\Python\Python314\Lib\site-packages\starlette\routing.py", line 276, in handle
    await self.app(scope, receive, send)
  File "C:\Users\Ananthapriyan M\AppData\Local\Programs\Python\Python314\Lib\site-packages\fastapi\routing.py", line 150, in app
    await wrap_app_handling_exceptions(app, request)(scope, receive, send)
  File "C:\Users\Ananthapriyan M\AppData\Local\Programs\Python\Python314\Lib\site-packages\starlette\_exception_handler.py", line 53, in wrapped_app
    raise exc
  File "C:\Users\Ananthapriyan M\AppData\Local\Programs\Python\Python314\Lib\site-packages\starlette\_exception_handler.py", line 42, in wrapped_app
    await app(scope, receive, sender)
  File "C:\Users\Ananthapriyan M\AppData\Local\Programs\Python\Python314\Lib\site-packages\fastapi\routing.py", line 136, in app
    response = await f(request)
               ^^^^^^^^^^^^^^^^
  File "C:\Users\Ananthapriyan M\AppData\Local\Programs\Python\Python314\Lib\site-packages\fastapi\routing.py", line 690, in app
    raw_response = await run_endpoint_function(
                   ^^^^^^^^^^^^^^^^^^^^^^^^^^^^
    ...<3 lines>...
    )
    ^
  File "C:\Users\Ananthapriyan M\AppData\Local\Programs\Python\Python314\Lib\site-packages\fastapi\routing.py", line 346, in run_endpoint_function
    return await run_in_threadpool(dependant.call, **values)
           ^^^^^^^^^^^^^^^^^^^^^^^^^^^^^^^^^^^^^^^^^^^^^^^^^
  File "C:\Users\Ananthapriyan M\AppData\Local\Programs\Python\Python314\Lib\site-packages\starlette\concurrency.py", line 34, in run_in_threadpool
    return await anyio.to_thread.run_sync(func)
           ^^^^^^^^^^^^^^^^^^^^^^^^^^^^^^^^^^^^
  File "C:\Users\Ananthapriyan M\AppData\Local\Programs\Python\Python314\Lib\site-packages\anyio\to_thread.py", line 63, in run_sync
    return await get_async_backend().run_sync_in_worker_thread(
           ^^^^^^^^^^^^^^^^^^^^^^^^^^^^^^^^^^^^^^^^^^^^^^^^^^^^
        func, args, abandon_on_cancel=abandon_on_cancel, limiter=limiter
        ^^^^^^^^^^^^^^^^^^^^^^^^^^^^^^^^^^^^^^^^^^^^^^^^^^^^^^^^^^^^^^^^
    )
    ^
  File "C:\Users\Ananthapriyan M\AppData\Local\Programs\Python\Python314\Lib\site-packages\anyio\_backends\_asyncio.py", line 2502, in run_sync_in_worker_thread
    return await future
           ^^^^^^^^^^^^
  File "C:\Users\Ananthapriyan M\AppData\Local\Programs\Python\Python314\Lib\site-packages\anyio\_backends\_asyncio.py", line 986, in run
    result = context.run(func, *args)
  File "C:\Users\Ananthapriyan M\Downloads\cloudvuln\backend\main.py", line 283, in login
    user = db.query(models.User).filter(models.User.email == user_credentials.email).first()
  File "C:\Users\Ananthapriyan M\AppData\Local\Programs\Python\Python314\Lib\site-packages\sqlalchemy\orm\query.py", line 2766, in first
    return self.limit(1)._iter().first()  # type: ignore
           ~~~~~~~~~~~~~~~~~~~^^
  File "C:\Users\Ananthapriyan M\AppData\Local\Programs\Python\Python314\Lib\site-packages\sqlalchemy\orm\query.py", line 2864, in _iter
    result: Union[ScalarResult[_T], Result[_T]] = self.session.execute(
                                                  ~~~~~~~~~~~~~~~~~~~~^
        statement,
        ^^^^^^^^^^
        params,
        ^^^^^^^
        execution_options={"_sa_orm_load_options": self.load_options},
        ^^^^^^^^^^^^^^^^^^^^^^^^^^^^^^^^^^^^^^^^^^^^^^^^^^^^^^^^^^^^^^
    )
    ^
  File "C:\Users\Ananthapriyan M\AppData\Local\Programs\Python\Python314\Lib\site-packages\sqlalchemy\orm\session.py", line 2373, in execute
    return self._execute_internal(
           ~~~~~~~~~~~~~~~~~~~~~~^
        statement,
        ^^^^^^^^^^
    ...<4 lines>...
        _add_event=_add_event,
        ^^^^^^^^^^^^^^^^^^^^^^
    )
    ^
  File "C:\Users\Ananthapriyan M\AppData\Local\Programs\Python\Python314\Lib\site-packages\sqlalchemy\orm\session.py", line 2271, in _execute_internal
    result: Result[Any] = compile_state_cls.orm_execute_statement(
                          ~~~~~~~~~~~~~~~~~~~~~~~~~~~~~~~~~~~~~~~^
        self,
        ^^^^^
    ...<4 lines>...
        conn,
        ^^^^^
    )
    ^
  File "C:\Users\Ananthapriyan M\AppData\Local\Programs\Python\Python314\Lib\site-packages\sqlalchemy\orm\context.py", line 306, in orm_execute_statement
    result = conn.execute(
        statement, params or {}, execution_options=execution_options
    )
  File "C:\Users\Ananthapriyan M\AppData\Local\Programs\Python\Python314\Lib\site-packages\sqlalchemy\engine\base.py", line 1421, in execute
    return meth(
        self,
        distilled_parameters,
        execution_options or NO_OPTIONS,
    )
  File "C:\Users\Ananthapriyan M\AppData\Local\Programs\Python\Python314\Lib\site-packages\sqlalchemy\sql\elements.py", line 526, in _execute_on_connection
    return connection._execute_clauseelement(
           ~~~~~~~~~~~~~~~~~~~~~~~~~~~~~~~~~^
        self, distilled_params, execution_options
        ^^^^^^^^^^^^^^^^^^^^^^^^^^^^^^^^^^^^^^^^^
    )
    ^
  File "C:\Users\Ananthapriyan M\AppData\Local\Programs\Python\Python314\Lib\site-packages\sqlalchemy\engine\base.py", line 1643, in _execute_clauseelement
    ret = self._execute_context(
        dialect,
    ...<8 lines>...
        cache_hit=cache_hit,
    )
  File "C:\Users\Ananthapriyan M\AppData\Local\Programs\Python\Python314\Lib\site-packages\sqlalchemy\engine\base.py", line 1848, in _execute_context
    return self._exec_single_context(
           ~~~~~~~~~~~~~~~~~~~~~~~~~^
        dialect, context, statement, parameters
        ^^^^^^^^^^^^^^^^^^^^^^^^^^^^^^^^^^^^^^^
    )
    ^
  File "C:\Users\Ananthapriyan M\AppData\Local\Programs\Python\Python314\Lib\site-packages\sqlalchemy\engine\base.py", line 1988, in _exec_single_context
    self._handle_dbapi_exception(
    ~~~~~~~~~~~~~~~~~~~~~~~~~~~~^
        e, str_statement, effective_parameters, cursor, context
        ^^^^^^^^^^^^^^^^^^^^^^^^^^^^^^^^^^^^^^^^^^^^^^^^^^^^^^^
    )
    ^
  File "C:\Users\Ananthapriyan M\AppData\Local\Programs\Python\Python314\Lib\site-packages\sqlalchemy\engine\base.py", line 2365, in _handle_dbapi_exception
    raise sqlalchemy_exception.with_traceback(exc_info[2]) from e
  File "C:\Users\Ananthapriyan M\AppData\Local\Programs\Python\Python314\Lib\site-packages\sqlalchemy\engine\base.py", line 1969, in _exec_single_context
    self.dialect.do_execute(
    ~~~~~~~~~~~~~~~~~~~~~~~^
        cursor, str_statement, effective_parameters, context
        ^^^^^^^^^^^^^^^^^^^^^^^^^^^^^^^^^^^^^^^^^^^^^^^^^^^^
    )
    ^
  File "C:\Users\Ananthapriyan M\AppData\Local\Programs\Python\Python314\Lib\site-packages\sqlalchemy\engine\default.py", line 952, in do_execute
    cursor.execute(statement, parameters)
    ~~~~~~~~~~~~~~^^^^^^^^^^^^^^^^^^^^^^^
sqlalchemy.exc.OperationalError: (sqlite3.OperationalError) no such column: users.last_login
[SQL: SELECT users.id AS users_id, users.email AS users_email, users.full_name AS users_full_name, users.hashed_password AS users_hashed_password, users.role AS users_role, users.is_active AS users_is_active, users.created_at AS users_created_at, users.last_login AS users_last_login 
FROM users 
WHERE users.email = ?
 LIMIT ? OFFSET ?]
[parameters: ('mananthapriyan@gmail.com', 1, 0)]
(Background on this error at: https://sqlalche.me/e/20/e3q8)
2026-07-28T20:17:09 | INFO     | CloudVulnEngine | [e238a56a] GET /api/dashboard/summary | status=200 | ip=127.0.0.1 | 25.86ms
2026-07-28T20:17:09 | INFO     | CloudVulnEngine | [e8334797] GET /api/dashboard/activity | status=200 | ip=127.0.0.1 | 34.41ms
2026-07-28T20:17:09 | INFO     | CloudVulnEngine | [3f9a2114] GET /api/dashboard/recent-scans | status=200 | ip=127.0.0.1 | 36.28ms
2026-07-28T20:17:09 | INFO     | CloudVulnEngine | [7b98967d] GET /api/dashboard/risk-statistics | status=200 | ip=127.0.0.1 | 40.86ms
2026-07-28T20:17:09 | INFO     | CloudVulnEngine | [51ec9f4f] GET /api/dashboard/summary | status=200 | ip=127.0.0.1 | 32.95ms
2026-07-28T20:17:09 | INFO     | CloudVulnEngine | [0ddf59ca] GET /api/dashboard/activity | status=200 | ip=127.0.0.1 | 45.66ms
2026-07-28T20:17:09 | INFO     | CloudVulnEngine | [9b1678fd] GET /api/dashboard/recent-scans | status=200 | ip=127.0.0.1 | 34.76ms
2026-07-28T20:17:09 | INFO     | CloudVulnEngine | [e13071d0] GET /api/dashboard/risk-statistics | status=200 | ip=127.0.0.1 | 38.04ms
2026-07-28T20:17:22 | INFO     | CloudVulnEngine | [d9d736a4] GET /api/scans | status=200 | ip=127.0.0.1 | 14.88ms
2026-07-28T20:17:23 | INFO     | CloudVulnEngine | [fd87a3b4] GET /api/scans | status=200 | ip=127.0.0.1 | 12.59ms
2026-07-28T20:17:24 | INFO     | CloudVulnEngine | [bb4d9146] GET /api/reports/DEFAULT-001 | status=200 | ip=127.0.0.1 | 12.65ms
2026-07-28T20:17:24 | INFO     | CloudVulnEngine | [c63303d7] GET /api/reports/DEFAULT-001 | status=200 | ip=127.0.0.1 | 17.57ms
2026-07-28T20:17:24 | INFO     | CloudVulnEngine | [327eb421] POST /api/analysis/target | status=200 | ip=127.0.0.1 | 10708.75ms
2026-07-28T20:17:24 | INFO     | CloudVulnEngine | Scan created: SCAN-2026-6056 | target=api.production.cloudvuln.io
2026-07-28T20:17:24 | INFO     | CloudVulnEngine | [99d19f7b] POST /api/scans | status=201 | ip=127.0.0.1 | 30.91ms
2026-07-28T20:17:26 | INFO     | CloudVulnEngine | [bba319ea] POST /api/analysis/target | status=200 | ip=127.0.0.1 | 12195.46ms
2026-07-28T20:17:26 | INFO     | CloudVulnEngine | Scan created: SCAN-2026-8366 | target=api.production.cloudvuln.io
2026-07-28T20:17:26 | INFO     | CloudVulnEngine | [11544ab0] POST /api/scans | status=201 | ip=127.0.0.1 | 16.92ms
2026-07-28T20:17:46 | INFO     | CloudVulnEngine | [59ca44a9] GET /api/scans | status=200 | ip=127.0.0.1 | 19.98ms
2026-07-28T20:17:46 | INFO     | CloudVulnEngine | [4a053112] GET /api/scans | status=200 | ip=127.0.0.1 | 12.79ms
2026-07-28T20:17:59 | INFO     | CloudVulnEngine | [f3edfd7b] POST /api/analysis/target | status=200 | ip=127.0.0.1 | 10938.37ms
2026-07-28T20:17:59 | INFO     | CloudVulnEngine | Scan created: SCAN-2026-1078 | target=api.production.cloudvuln.io
2026-07-28T20:17:59 | INFO     | CloudVulnEngine | [337418e4] POST /api/scans | status=201 | ip=127.0.0.1 | 3.78ms
2026-07-28T20:18:01 | INFO     | CloudVulnEngine | [3d53502a] POST /api/analysis/target | status=200 | ip=127.0.0.1 | 12650.08ms
2026-07-28T20:18:01 | INFO     | CloudVulnEngine | Scan created: SCAN-2026-4425 | target=api.production.cloudvuln.io
2026-07-28T20:18:01 | INFO     | CloudVulnEngine | [a1d26c00] POST /api/scans | status=201 | ip=127.0.0.1 | 5.27ms
2026-07-29T19:09:27 | INFO     | CloudVulnEngine | [ecee092f] GET / | status=200 | ip=127.0.0.1 | 36.87ms
2026-07-29T19:09:27 | WARNING  | CloudVulnEngine | [a05410c4] GET /favicon.ico | status=404 | ip=127.0.0.1 | 1.85ms
2026-07-29T19:09:34 | INFO     | CloudVulnEngine | [e7967b47] GET /api/dashboard/summary | status=200 | ip=127.0.0.1 | 192.32ms
2026-07-29T19:09:34 | INFO     | CloudVulnEngine | [7a738af7] GET /api/dashboard/risk-statistics | status=200 | ip=127.0.0.1 | 354.29ms
2026-07-29T19:09:34 | INFO     | CloudVulnEngine | [5419cc61] GET /api/dashboard/activity | status=200 | ip=127.0.0.1 | 348.25ms
2026-07-29T19:09:34 | INFO     | CloudVulnEngine | [705ac5cc] GET /api/dashboard/recent-scans | status=200 | ip=127.0.0.1 | 391.93ms
2026-07-29T19:09:34 | INFO     | CloudVulnEngine | [f3404335] GET /api/dashboard/summary | status=200 | ip=127.0.0.1 | 196.55ms
2026-07-29T19:09:34 | INFO     | CloudVulnEngine | [d40c9d42] GET /api/dashboard/risk-statistics | status=200 | ip=127.0.0.1 | 124.5ms
2026-07-29T19:09:35 | INFO     | CloudVulnEngine | [0d7003a3] GET /api/dashboard/activity | status=200 | ip=127.0.0.1 | 123.8ms
2026-07-29T19:09:35 | INFO     | CloudVulnEngine | [a5ae4471] GET /api/dashboard/recent-scans | status=200 | ip=127.0.0.1 | 121.86ms
2026-07-29T19:09:37 | INFO     | CloudVulnEngine | [fb3e9a01] GET /api/cve/search | status=200 | ip=127.0.0.1 | 3517.42ms
2026-07-29T19:09:39 | INFO     | CloudVulnEngine | [20083a5c] GET /api/cve/search | status=200 | ip=127.0.0.1 | 1204.9ms
2026-07-29T19:09:55 | INFO     | CloudVulnEngine | [d530b550] POST /api/analysis/target | status=200 | ip=127.0.0.1 | 7288.03ms
2026-07-29T19:09:55 | INFO     | CloudVulnEngine | Scan created: SCAN-2026-4039 | target=api.production.cloudvuln.io
2026-07-29T19:09:55 | INFO     | CloudVulnEngine | [13603518] POST /api/scans | status=201 | ip=127.0.0.1 | 48.26ms
2026-07-29T19:09:59 | INFO     | CloudVulnEngine | [f45af98b] POST /api/analysis/target | status=200 | ip=127.0.0.1 | 11781.5ms
2026-07-29T19:09:59 | INFO     | CloudVulnEngine | Scan created: SCAN-2026-5032 | target=api.production.cloudvuln.io
2026-07-29T19:09:59 | INFO     | CloudVulnEngine | [8127a185] POST /api/scans | status=201 | ip=127.0.0.1 | 80.46ms
2026-07-29T19:10:11 | INFO     | CloudVulnEngine | [24e1a4e2] GET /api/scans | status=200 | ip=127.0.0.1 | 28.7ms
2026-07-29T19:10:11 | INFO     | CloudVulnEngine | [c2b4cf47] GET /api/scans | status=200 | ip=127.0.0.1 | 15.63ms
2026-07-29T19:10:22 | INFO     | CloudVulnEngine | [62c7b127] GET /api/reports/DEFAULT-001 | status=200 | ip=127.0.0.1 | 12.93ms
2026-07-29T19:10:22 | INFO     | CloudVulnEngine | [16051fb4] GET /api/reports/DEFAULT-001 | status=200 | ip=127.0.0.1 | 13.92ms
2026-07-29T19:10:27 | INFO     | CloudVulnEngine | [ec216fe0] GET /api/scans | status=200 | ip=127.0.0.1 | 18.2ms
2026-07-29T19:10:27 | INFO     | CloudVulnEngine | [44879b61] GET /api/scans | status=200 | ip=127.0.0.1 | 19.23ms
2026-07-29T19:10:58 | INFO     | CloudVulnEngine | [64116198] POST /api/analysis/target | status=200 | ip=127.0.0.1 | 6652.76ms
2026-07-29T19:10:58 | INFO     | CloudVulnEngine | Scan created: SCAN-2026-1756 | target=api.production.cloudvuln.io
2026-07-29T19:10:58 | INFO     | CloudVulnEngine | [fbc1b256] POST /api/scans | status=201 | ip=127.0.0.1 | 70.85ms
2026-07-29T19:11:00 | INFO     | CloudVulnEngine | [a85d690d] POST /api/analysis/target | status=200 | ip=127.0.0.1 | 9003.7ms
2026-07-29T19:11:01 | INFO     | CloudVulnEngine | Scan created: SCAN-2026-6747 | target=api.production.cloudvuln.io
2026-07-29T19:11:01 | INFO     | CloudVulnEngine | [fb781cb0] POST /api/scans | status=201 | ip=127.0.0.1 | 31.5ms
2026-07-29T19:11:18 | INFO     | CloudVulnEngine | [f5d67948] GET /api/dashboard/summary | status=200 | ip=127.0.0.1 | 32.88ms
2026-07-29T19:11:18 | INFO     | CloudVulnEngine | [dd855401] GET /api/dashboard/activity | status=200 | ip=127.0.0.1 | 95.17ms
2026-07-29T19:11:18 | INFO     | CloudVulnEngine | [47be27d3] GET /api/dashboard/risk-statistics | status=200 | ip=127.0.0.1 | 118.45ms
2026-07-29T19:11:18 | INFO     | CloudVulnEngine | [82f42b25] GET /api/dashboard/recent-scans | status=200 | ip=127.0.0.1 | 114.62ms
2026-07-29T19:11:18 | INFO     | CloudVulnEngine | [cd20d2ae] GET /api/dashboard/summary | status=200 | ip=127.0.0.1 | 77.23ms
2026-07-29T19:11:19 | INFO     | CloudVulnEngine | [fc844ce2] GET /api/dashboard/risk-statistics | status=200 | ip=127.0.0.1 | 30.39ms
2026-07-29T19:11:19 | INFO     | CloudVulnEngine | [695de3d8] GET /api/dashboard/activity | status=200 | ip=127.0.0.1 | 44.15ms
2026-07-29T19:11:19 | INFO     | CloudVulnEngine | [a19eb782] GET /api/dashboard/recent-scans | status=200 | ip=127.0.0.1 | 56.1ms
2026-07-29T19:20:06 | INFO     | CloudVulnEngine | [010c89bc] GET /api/dashboard/risk-statistics | status=200 | ip=127.0.0.1 | 10.17ms
2026-07-29T19:20:06 | INFO     | CloudVulnEngine | [e5383b7e] GET /api/dashboard/summary | status=200 | ip=127.0.0.1 | 13.13ms
2026-07-29T19:20:06 | INFO     | CloudVulnEngine | [beff53fa] GET /api/dashboard/activity | status=200 | ip=127.0.0.1 | 12.41ms
2026-07-29T19:20:06 | INFO     | CloudVulnEngine | [b99aea35] GET /api/dashboard/recent-scans | status=200 | ip=127.0.0.1 | 14.28ms
2026-07-29T19:20:06 | INFO     | CloudVulnEngine | [2a1fb18b] GET /api/dashboard/risk-statistics | status=200 | ip=127.0.0.1 | 3.08ms
2026-07-29T19:20:06 | INFO     | CloudVulnEngine | [8cfb07bc] GET /api/dashboard/summary | status=200 | ip=127.0.0.1 | 8.84ms
2026-07-29T19:20:06 | INFO     | CloudVulnEngine | [03e17b11] GET /api/dashboard/recent-scans | status=200 | ip=127.0.0.1 | 5.71ms
2026-07-29T19:20:06 | INFO     | CloudVulnEngine | [0b958ab4] GET /api/dashboard/activity | status=200 | ip=127.0.0.1 | 6.84ms
2026-07-29T19:20:08 | INFO     | CloudVulnEngine | [78495d27] GET /api/cve/search | status=200 | ip=127.0.0.1 | 1275.93ms
2026-07-29T19:20:09 | INFO     | CloudVulnEngine | [68429f9c] GET /api/cve/search | status=200 | ip=127.0.0.1 | 1497.58ms
2026-07-29T19:20:23 | INFO     | CloudVulnEngine | [9c794ac2] GET /api/dashboard/summary | status=200 | ip=127.0.0.1 | 9.75ms
2026-07-29T19:20:23 | INFO     | CloudVulnEngine | [8503acd9] GET /api/dashboard/risk-statistics | status=200 | ip=127.0.0.1 | 10.39ms
2026-07-29T19:20:23 | INFO     | CloudVulnEngine | [befc103f] GET /api/dashboard/recent-scans | status=200 | ip=127.0.0.1 | 10.8ms
2026-07-29T19:20:23 | INFO     | CloudVulnEngine | [c492c2dc] GET /api/dashboard/activity | status=200 | ip=127.0.0.1 | 10.73ms
2026-07-29T19:20:23 | INFO     | CloudVulnEngine | [7d810fd1] GET /api/dashboard/risk-statistics | status=200 | ip=127.0.0.1 | 4.94ms
2026-07-29T19:20:23 | INFO     | CloudVulnEngine | [869109da] GET /api/dashboard/summary | status=200 | ip=127.0.0.1 | 7.13ms
2026-07-29T19:20:23 | INFO     | CloudVulnEngine | [7de5c1b1] GET /api/dashboard/recent-scans | status=200 | ip=127.0.0.1 | 2.26ms
2026-07-29T19:20:23 | INFO     | CloudVulnEngine | [26184778] GET /api/dashboard/activity | status=200 | ip=127.0.0.1 | 3.27ms
2026-07-29T19:20:25 | INFO     | CloudVulnEngine | [befd43ef] GET /api/cve/search | status=200 | ip=127.0.0.1 | 2620.97ms
2026-07-29T19:20:27 | INFO     | CloudVulnEngine | [ccf2fea1] GET /api/cve/search | status=200 | ip=127.0.0.1 | 1229.45ms
2026-07-29T19:21:20 | INFO     | CloudVulnEngine | [f5c5e3a4] GET /api/dashboard/summary | status=200 | ip=127.0.0.1 | 9.38ms
2026-07-29T19:21:20 | INFO     | CloudVulnEngine | [38707e16] GET /api/dashboard/risk-statistics | status=200 | ip=127.0.0.1 | 11.06ms
2026-07-29T19:21:20 | INFO     | CloudVulnEngine | [ef519a5a] GET /api/dashboard/activity | status=200 | ip=127.0.0.1 | 11.95ms
2026-07-29T19:21:20 | INFO     | CloudVulnEngine | [da1d5ec3] GET /api/dashboard/recent-scans | status=200 | ip=127.0.0.1 | 13.67ms
2026-07-29T19:21:20 | INFO     | CloudVulnEngine | [746d85b2] GET /api/dashboard/summary | status=200 | ip=127.0.0.1 | 3.97ms
2026-07-29T19:21:20 | INFO     | CloudVulnEngine | [660f5c49] GET /api/dashboard/recent-scans | status=200 | ip=127.0.0.1 | 3.76ms
2026-07-29T19:21:20 | INFO     | CloudVulnEngine | [08181a2d] GET /api/dashboard/risk-statistics | status=200 | ip=127.0.0.1 | 4.77ms
2026-07-29T19:21:21 | INFO     | CloudVulnEngine | [925e71e6] GET /api/dashboard/activity | status=200 | ip=127.0.0.1 | 1.88ms
2026-07-29T19:21:24 | INFO     | CloudVulnEngine | [bda086b9] GET /api/cve/search | status=200 | ip=127.0.0.1 | 3286.55ms
2026-07-29T19:21:26 | INFO     | CloudVulnEngine | [47367413] GET /api/cve/search | status=200 | ip=127.0.0.1 | 2469.12ms
2026-07-29T19:21:45 | INFO     | CloudVulnEngine | [3c65db12] GET /api/dashboard/risk-statistics | status=200 | ip=127.0.0.1 | 5.1ms
2026-07-29T19:21:45 | INFO     | CloudVulnEngine | [b0228a54] GET /api/dashboard/summary | status=200 | ip=127.0.0.1 | 8.59ms
2026-07-29T19:21:45 | INFO     | CloudVulnEngine | [494c02fc] GET /api/dashboard/recent-scans | status=200 | ip=127.0.0.1 | 7.16ms
2026-07-29T19:21:45 | INFO     | CloudVulnEngine | [7c0cb77f] GET /api/dashboard/activity | status=200 | ip=127.0.0.1 | 6.96ms
2026-07-29T19:21:45 | INFO     | CloudVulnEngine | [b820991b] GET /api/dashboard/summary | status=200 | ip=127.0.0.1 | 5.51ms
2026-07-29T19:21:45 | INFO     | CloudVulnEngine | [4b18ae83] GET /api/dashboard/risk-statistics | status=200 | ip=127.0.0.1 | 3.47ms
2026-07-29T19:21:45 | INFO     | CloudVulnEngine | [847a127c] GET /api/dashboard/recent-scans | status=200 | ip=127.0.0.1 | 2.75ms
2026-07-29T19:21:45 | INFO     | CloudVulnEngine | [aaceb0a0] GET /api/dashboard/activity | status=200 | ip=127.0.0.1 | 3.04ms
2026-07-29T19:21:49 | INFO     | CloudVulnEngine | [af9d2618] GET /api/cve/search | status=200 | ip=127.0.0.1 | 3201.24ms
2026-07-29T19:21:53 | INFO     | CloudVulnEngine | [d7fee65b] GET /api/cve/search | status=200 | ip=127.0.0.1 | 3915.79ms
2026-07-29T19:22:01 | INFO     | CloudVulnEngine | [2e345fce] GET /api/dashboard/summary | status=200 | ip=127.0.0.1 | 13.21ms
2026-07-29T19:22:01 | INFO     | CloudVulnEngine | [ccc84948] GET /api/dashboard/risk-statistics | status=200 | ip=127.0.0.1 | 15.47ms
2026-07-29T19:22:01 | INFO     | CloudVulnEngine | [0188accf] GET /api/dashboard/recent-scans | status=200 | ip=127.0.0.1 | 15.9ms
2026-07-29T19:22:01 | INFO     | CloudVulnEngine | [1a66b3be] GET /api/dashboard/activity | status=200 | ip=127.0.0.1 | 16.61ms
2026-07-29T19:22:01 | INFO     | CloudVulnEngine | [8d7538a2] GET /api/dashboard/summary | status=200 | ip=127.0.0.1 | 4.33ms
2026-07-29T19:22:01 | INFO     | CloudVulnEngine | [61d88607] GET /api/dashboard/risk-statistics | status=200 | ip=127.0.0.1 | 5.44ms
2026-07-29T19:22:01 | INFO     | CloudVulnEngine | [e0049cba] GET /api/dashboard/recent-scans | status=200 | ip=127.0.0.1 | 1.91ms
2026-07-29T19:22:01 | INFO     | CloudVulnEngine | [1795f012] GET /api/dashboard/activity | status=200 | ip=127.0.0.1 | 2.01ms
2026-07-29T19:22:05 | INFO     | CloudVulnEngine | [61ee0966] GET /api/cve/search | status=200 | ip=127.0.0.1 | 3938.41ms
2026-07-29T19:22:07 | INFO     | CloudVulnEngine | [69411c43] GET /api/cve/search | status=200 | ip=127.0.0.1 | 2528.55ms
2026-07-29T19:22:16 | INFO     | CloudVulnEngine | [d1215234] GET /api/dashboard/risk-statistics | status=200 | ip=127.0.0.1 | 8.69ms
2026-07-29T19:22:16 | INFO     | CloudVulnEngine | [b96a6d03] GET /api/dashboard/summary | status=200 | ip=127.0.0.1 | 10.86ms
2026-07-29T19:22:16 | INFO     | CloudVulnEngine | [9d1371d6] GET /api/dashboard/recent-scans | status=200 | ip=127.0.0.1 | 9.0ms
2026-07-29T19:22:16 | INFO     | CloudVulnEngine | [bea110de] GET /api/dashboard/activity | status=200 | ip=127.0.0.1 | 9.79ms
2026-07-29T19:22:16 | INFO     | CloudVulnEngine | [9aa48f46] GET /api/dashboard/risk-statistics | status=200 | ip=127.0.0.1 | 8.08ms
2026-07-29T19:22:16 | INFO     | CloudVulnEngine | [d49f5a4b] GET /api/dashboard/summary | status=200 | ip=127.0.0.1 | 8.2ms
2026-07-29T19:22:16 | INFO     | CloudVulnEngine | [8a76d02d] GET /api/dashboard/activity | status=200 | ip=127.0.0.1 | 4.48ms
2026-07-29T19:22:16 | INFO     | CloudVulnEngine | [d916ab27] GET /api/dashboard/recent-scans | status=200 | ip=127.0.0.1 | 8.69ms
2026-07-29T19:22:18 | INFO     | CloudVulnEngine | [cbf2b3de] GET /api/cve/search | status=200 | ip=127.0.0.1 | 1849.67ms
2026-07-29T19:22:21 | INFO     | CloudVulnEngine | [299d23c4] GET /api/cve/search | status=200 | ip=127.0.0.1 | 2837.2ms
2026-07-29T19:22:43 | INFO     | CloudVulnEngine | [11b17cfe] GET /api/dashboard/summary | status=200 | ip=127.0.0.1 | 3.9ms
2026-07-29T19:22:43 | INFO     | CloudVulnEngine | [75014e4f] GET /api/dashboard/risk-statistics | status=200 | ip=127.0.0.1 | 3.79ms
2026-07-29T19:22:43 | INFO     | CloudVulnEngine | [01fa6d56] GET /api/dashboard/recent-scans | status=200 | ip=127.0.0.1 | 4.4ms
2026-07-29T19:22:43 | INFO     | CloudVulnEngine | [76515cf1] GET /api/dashboard/activity | status=200 | ip=127.0.0.1 | 2.9ms
2026-07-29T19:22:43 | INFO     | CloudVulnEngine | [22e3ad45] GET /api/dashboard/summary | status=200 | ip=127.0.0.1 | 4.2ms
2026-07-29T19:22:43 | INFO     | CloudVulnEngine | [4a7409cf] GET /api/dashboard/risk-statistics | status=200 | ip=127.0.0.1 | 1.86ms
2026-07-29T19:22:43 | INFO     | CloudVulnEngine | [b4f06fcb] GET /api/dashboard/recent-scans | status=200 | ip=127.0.0.1 | 2.87ms
2026-07-29T19:22:43 | INFO     | CloudVulnEngine | [6d797020] GET /api/dashboard/activity | status=200 | ip=127.0.0.1 | 3.74ms
2026-07-29T19:22:45 | INFO     | CloudVulnEngine | [687932cc] GET /api/cve/search | status=200 | ip=127.0.0.1 | 1885.56ms
2026-07-29T19:22:48 | INFO     | CloudVulnEngine | [1ebb2899] GET /api/cve/search | status=200 | ip=127.0.0.1 | 3409.52ms
2026-07-29T19:22:57 | INFO     | CloudVulnEngine | [4195034a] GET /api/dashboard/summary | status=200 | ip=127.0.0.1 | 3.54ms
2026-07-29T19:22:57 | INFO     | CloudVulnEngine | [a9d29172] GET /api/dashboard/risk-statistics | status=200 | ip=127.0.0.1 | 14.47ms
2026-07-29T19:22:57 | INFO     | CloudVulnEngine | [46382783] GET /api/dashboard/recent-scans | status=200 | ip=127.0.0.1 | 17.59ms
2026-07-29T19:22:57 | INFO     | CloudVulnEngine | [a73826f3] GET /api/dashboard/summary | status=200 | ip=127.0.0.1 | 13.65ms
2026-07-29T19:22:57 | INFO     | CloudVulnEngine | [492803d5] GET /api/dashboard/activity | status=200 | ip=127.0.0.1 | 24.72ms
2026-07-29T19:22:57 | INFO     | CloudVulnEngine | [3b153944] GET /api/dashboard/risk-statistics | status=200 | ip=127.0.0.1 | 8.93ms
2026-07-29T19:22:57 | INFO     | CloudVulnEngine | [d39df6ad] GET /api/dashboard/recent-scans | status=200 | ip=127.0.0.1 | 11.28ms
2026-07-29T19:22:57 | INFO     | CloudVulnEngine | [a977be3b] GET /api/dashboard/activity | status=200 | ip=127.0.0.1 | 8.42ms
2026-07-29T19:22:59 | INFO     | CloudVulnEngine | [c267a678] GET /api/cve/search | status=200 | ip=127.0.0.1 | 2364.54ms
2026-07-29T19:23:01 | INFO     | CloudVulnEngine | [057e11df] GET /api/cve/search | status=200 | ip=127.0.0.1 | 1879.1ms
2026-07-29T19:26:14 | INFO     | CloudVulnEngine | [c750e623] GET /api/dashboard/summary | status=200 | ip=127.0.0.1 | 25.18ms
2026-07-29T19:26:14 | INFO     | CloudVulnEngine | [86ebbee4] GET /api/dashboard/activity | status=200 | ip=127.0.0.1 | 63.73ms
2026-07-29T19:26:14 | INFO     | CloudVulnEngine | [17ad3664] GET /api/dashboard/risk-statistics | status=200 | ip=127.0.0.1 | 73.39ms
2026-07-29T19:26:14 | INFO     | CloudVulnEngine | [0693baa5] GET /api/dashboard/recent-scans | status=200 | ip=127.0.0.1 | 84.57ms
2026-07-29T19:26:14 | INFO     | CloudVulnEngine | [8f7b8589] GET /api/dashboard/summary | status=200 | ip=127.0.0.1 | 85.7ms
2026-07-29T19:26:14 | INFO     | CloudVulnEngine | [95184926] GET /api/dashboard/activity | status=200 | ip=127.0.0.1 | 45.1ms
2026-07-29T19:26:14 | INFO     | CloudVulnEngine | [e2567170] GET /api/dashboard/recent-scans | status=200 | ip=127.0.0.1 | 41.61ms
2026-07-29T19:26:14 | INFO     | CloudVulnEngine | [d313a9d9] GET /api/dashboard/risk-statistics | status=200 | ip=127.0.0.1 | 62.4ms
2026-07-29T19:26:17 | INFO     | CloudVulnEngine | [8f7cde92] GET /api/cve/search | status=200 | ip=127.0.0.1 | 2278.29ms
2026-07-29T19:26:18 | INFO     | CloudVulnEngine | [5b1173ff] GET / | status=200 | ip=127.0.0.1 | 2.0ms
2026-07-29T19:26:18 | INFO     | CloudVulnEngine | [d0cb9cea] GET /api/cve/search | status=200 | ip=127.0.0.1 | 1449.72ms
2026-07-29T19:26:31 | INFO     | CloudVulnEngine | [77c50263] POST /api/analysis/target | status=200 | ip=127.0.0.1 | 9186.02ms
2026-07-29T19:26:31 | INFO     | CloudVulnEngine | Scan created: SCAN-2026-6673 | target=api.production.cloudvuln.io
2026-07-29T19:26:31 | INFO     | CloudVulnEngine | [d8be6092] POST /api/scans | status=201 | ip=127.0.0.1 | 110.87ms
2026-07-29T19:26:32 | INFO     | CloudVulnEngine | [958f7e0d] POST /api/analysis/target | status=200 | ip=127.0.0.1 | 10363.38ms
2026-07-29T19:26:32 | INFO     | CloudVulnEngine | Scan created: SCAN-2026-4336 | target=api.production.cloudvuln.io
2026-07-29T19:26:33 | INFO     | CloudVulnEngine | [069caaf7] POST /api/scans | status=201 | ip=127.0.0.1 | 434.87ms
2026-07-29T19:26:40 | INFO     | CloudVulnEngine | [6de26344] GET /api/scans | status=200 | ip=127.0.0.1 | 23.4ms
2026-07-29T19:26:40 | INFO     | CloudVulnEngine | [73e2376a] GET /api/scans | status=200 | ip=127.0.0.1 | 45.73ms
2026-07-29T19:26:43 | INFO     | CloudVulnEngine | [579d4cc0] GET /api/reports/DEFAULT-001 | status=200 | ip=127.0.0.1 | 20.62ms
2026-07-29T19:26:43 | INFO     | CloudVulnEngine | [dc17ce33] GET /api/reports/DEFAULT-001 | status=200 | ip=127.0.0.1 | 15.6ms
2026-07-29T19:27:28 | INFO     | CloudVulnEngine | [7e1dc43b] GET /api/dashboard/summary | status=200 | ip=127.0.0.1 | 62.1ms
2026-07-29T19:27:28 | INFO     | CloudVulnEngine | [055735d1] GET /api/dashboard/risk-statistics | status=200 | ip=127.0.0.1 | 184.16ms
2026-07-29T19:27:29 | INFO     | CloudVulnEngine | [6209115e] GET /api/dashboard/recent-scans | status=200 | ip=127.0.0.1 | 645.13ms
2026-07-29T19:27:29 | INFO     | CloudVulnEngine | [4214ab65] GET /api/dashboard/activity | status=200 | ip=127.0.0.1 | 1034.78ms
2026-07-29T19:27:31 | INFO     | CloudVulnEngine | [16af4883] GET /api/dashboard/summary | status=200 | ip=127.0.0.1 | 2313.09ms
2026-07-29T19:27:31 | INFO     | CloudVulnEngine | [bc47ca10] GET /api/dashboard/risk-statistics | status=200 | ip=127.0.0.1 | 1957.27ms
2026-07-29T19:27:31 | INFO     | CloudVulnEngine | [e65d6483] GET /api/dashboard/recent-scans | status=200 | ip=127.0.0.1 | 1884.05ms
2026-07-29T19:27:31 | INFO     | CloudVulnEngine | [dd1b7330] GET /api/dashboard/activity | status=200 | ip=127.0.0.1 | 637.4ms
2026-07-29T19:30:49 | INFO     | CloudVulnEngine | [a952dc07] GET /api/dashboard/summary | status=200 | ip=127.0.0.1 | 7.45ms
2026-07-29T19:30:49 | INFO     | CloudVulnEngine | [713980c5] GET /api/dashboard/risk-statistics | status=200 | ip=127.0.0.1 | 10.85ms
2026-07-29T19:30:49 | INFO     | CloudVulnEngine | [f0ef2d0e] GET /api/dashboard/recent-scans | status=200 | ip=127.0.0.1 | 8.2ms
2026-07-29T19:30:49 | INFO     | CloudVulnEngine | [0a04a13d] GET /api/dashboard/activity | status=200 | ip=127.0.0.1 | 3.78ms
2026-07-29T19:30:49 | INFO     | CloudVulnEngine | [43a2821f] GET /api/dashboard/summary | status=200 | ip=127.0.0.1 | 4.06ms
2026-07-29T19:30:49 | INFO     | CloudVulnEngine | [8b775ea1] GET /api/dashboard/risk-statistics | status=200 | ip=127.0.0.1 | 5.82ms
2026-07-29T19:30:49 | INFO     | CloudVulnEngine | [24cb0330] GET /api/dashboard/activity | status=200 | ip=127.0.0.1 | 8.05ms
2026-07-29T19:30:49 | INFO     | CloudVulnEngine | [758b8730] GET /api/dashboard/recent-scans | status=200 | ip=127.0.0.1 | 11.21ms
2026-07-29T19:30:50 | INFO     | CloudVulnEngine | [e20207e1] GET /api/cve/search | status=200 | ip=127.0.0.1 | 1538.12ms
2026-07-29T19:30:52 | INFO     | CloudVulnEngine | [5b44f189] GET /api/cve/search | status=200 | ip=127.0.0.1 | 1645.93ms
2026-07-29T19:31:57 | INFO     | CloudVulnEngine | [81a86bdf] GET /api/dashboard/summary | status=200 | ip=127.0.0.1 | 50.44ms
2026-07-29T19:31:57 | INFO     | CloudVulnEngine | [afd346ab] GET /api/dashboard/risk-statistics | status=200 | ip=127.0.0.1 | 48.18ms
2026-07-29T19:31:57 | INFO     | CloudVulnEngine | [eba12b01] GET /api/dashboard/recent-scans | status=200 | ip=127.0.0.1 | 76.04ms
2026-07-29T19:31:57 | INFO     | CloudVulnEngine | [0d444639] GET /api/dashboard/activity | status=200 | ip=127.0.0.1 | 124.08ms
2026-07-29T19:31:57 | INFO     | CloudVulnEngine | [911616dc] GET /api/dashboard/summary | status=200 | ip=127.0.0.1 | 93.75ms
2026-07-29T19:31:58 | INFO     | CloudVulnEngine | [29be30e9] GET /api/dashboard/recent-scans | status=200 | ip=127.0.0.1 | 70.9ms
2026-07-29T19:31:58 | INFO     | CloudVulnEngine | [192edc20] GET /api/dashboard/risk-statistics | status=200 | ip=127.0.0.1 | 132.02ms
2026-07-29T19:31:58 | INFO     | CloudVulnEngine | [482995c6] GET /api/dashboard/activity | status=200 | ip=127.0.0.1 | 149.53ms
2026-07-29T19:32:23 | INFO     | CloudVulnEngine | [a7184350] POST /api/analysis/target | status=200 | ip=127.0.0.1 | 8923.53ms
2026-07-29T19:32:23 | INFO     | CloudVulnEngine | Scan created: SCAN-2026-9168 | target=api.production.cloudvuln.io
2026-07-29T19:32:24 | INFO     | CloudVulnEngine | [7a3790de] POST /api/analysis/target | status=200 | ip=127.0.0.1 | 9449.92ms
2026-07-29T19:32:24 | INFO     | CloudVulnEngine | [3e98991f] POST /api/scans | status=201 | ip=127.0.0.1 | 529.18ms
2026-07-29T19:32:24 | INFO     | CloudVulnEngine | Scan created: SCAN-2026-3231 | target=api.production.cloudvuln.io
2026-07-29T19:32:24 | INFO     | CloudVulnEngine | [ec352b55] POST /api/scans | status=201 | ip=127.0.0.1 | 374.56ms
2026-07-29T19:33:58 | INFO     | CloudVulnEngine | [e17cb1b4] POST /api/analysis/target | status=200 | ip=127.0.0.1 | 14704.12ms
2026-07-29T19:33:58 | INFO     | CloudVulnEngine | Scan created: SCAN-2026-2492 | target=slcs.in
2026-07-29T19:33:58 | INFO     | CloudVulnEngine | [19195429] POST /api/scans | status=201 | ip=127.0.0.1 | 81.47ms
2026-07-29T19:34:53 | INFO     | CloudVulnEngine | [1d1be141] GET /api/reports/DEFAULT-001 | status=200 | ip=127.0.0.1 | 12.8ms
2026-07-29T19:34:53 | INFO     | CloudVulnEngine | [52565323] GET /api/reports/DEFAULT-001 | status=200 | ip=127.0.0.1 | 42.8ms
2026-07-29T19:35:00 | INFO     | CloudVulnEngine | [a45d91d6] GET /api/reports/DEFAULT-001/download | status=200 | ip=127.0.0.1 | 1220.34ms
2026-07-29T19:35:34 | INFO     | CloudVulnEngine | [73b900f7] GET /api/scans | status=200 | ip=127.0.0.1 | 16.87ms
2026-07-29T19:35:34 | INFO     | CloudVulnEngine | [ba3a70b8] GET /api/scans | status=200 | ip=127.0.0.1 | 13.87ms
2026-07-29T19:35:38 | INFO     | CloudVulnEngine | [1d2a4036] GET /api/reports/SCAN-2026-2492 | status=200 | ip=127.0.0.1 | 6.33ms
2026-07-29T19:35:38 | INFO     | CloudVulnEngine | [46dfb50b] GET /api/reports/SCAN-2026-2492 | status=200 | ip=127.0.0.1 | 35.01ms
2026-07-29T19:35:41 | INFO     | CloudVulnEngine | [0ec7fd2b] GET /api/reports/SCAN-2026-2492/download | status=200 | ip=127.0.0.1 | 28.38ms
2026-07-29T19:36:17 | INFO     | CloudVulnEngine | [678efaef] POST /api/analysis/target | status=200 | ip=127.0.0.1 | 6853.48ms
2026-07-29T19:36:17 | INFO     | CloudVulnEngine | Scan created: SCAN-2026-6808 | target=api.production.cloudvuln.io
2026-07-29T19:36:17 | INFO     | CloudVulnEngine | [6e64f8a0] POST /api/scans | status=201 | ip=127.0.0.1 | 79.83ms
2026-07-29T19:36:19 | INFO     | CloudVulnEngine | [6f91714b] POST /api/analysis/target | status=200 | ip=127.0.0.1 | 8771.3ms
2026-07-29T19:36:19 | INFO     | CloudVulnEngine | Scan created: SCAN-2026-4995 | target=api.production.cloudvuln.io
2026-07-29T19:36:19 | INFO     | CloudVulnEngine | [986a9ed3] POST /api/scans | status=201 | ip=127.0.0.1 | 34.1ms
2026-07-29T19:36:35 | INFO     | CloudVulnEngine | [495e4a33] GET /api/dashboard/risk-statistics | status=200 | ip=127.0.0.1 | 43.7ms
2026-07-29T19:36:35 | INFO     | CloudVulnEngine | [936437fd] GET /api/dashboard/summary | status=200 | ip=127.0.0.1 | 53.32ms
2026-07-29T19:36:35 | INFO     | CloudVulnEngine | [a316fa92] GET /api/dashboard/recent-scans | status=200 | ip=127.0.0.1 | 56.14ms
2026-07-29T19:36:35 | INFO     | CloudVulnEngine | [297e58c0] GET /api/dashboard/activity | status=200 | ip=127.0.0.1 | 83.33ms
2026-07-29T19:36:35 | INFO     | CloudVulnEngine | [5e7b41f6] GET /api/dashboard/risk-statistics | status=200 | ip=127.0.0.1 | 36.15ms
2026-07-29T19:36:35 | INFO     | CloudVulnEngine | [476704cf] GET /api/dashboard/summary | status=200 | ip=127.0.0.1 | 108.21ms
2026-07-29T19:36:35 | INFO     | CloudVulnEngine | [c53e6beb] GET /api/dashboard/activity | status=200 | ip=127.0.0.1 | 129.95ms
2026-07-29T19:36:35 | INFO     | CloudVulnEngine | [35e0faa4] GET /api/dashboard/recent-scans | status=200 | ip=127.0.0.1 | 164.53ms
2026-07-29T19:36:36 | INFO     | CloudVulnEngine | [6b31983b] GET /api/cve/search | status=200 | ip=127.0.0.1 | 1378.07ms
2026-07-29T19:36:39 | INFO     | CloudVulnEngine | [00d58364] GET /api/cve/search | status=200 | ip=127.0.0.1 | 2559.06ms
2026-07-29T19:37:21 | ERROR    | CloudVulnEngine | Unhandled exception on POST /api/auth/register: (sqlite3.OperationalError) no such column: users.last_login
[SQL: SELECT users.id AS users_id, users.email AS users_email, users.full_name AS users_full_name, users.hashed_password AS users_hashed_password, users.role AS users_role, users.is_active AS users_is_active, users.created_at AS users_created_at, users.last_login AS users_last_login 
FROM users 
WHERE users.email = ?
 LIMIT ? OFFSET ?]
[parameters: ('mananthapriyan@gmail.com', 1, 0)]
(Background on this error at: https://sqlalche.me/e/20/e3q8)
Traceback (most recent call last):
  File "C:\Users\Ananthapriyan M\AppData\Local\Programs\Python\Python314\Lib\site-packages\sqlalchemy\engine\base.py", line 1969, in _exec_single_context
    self.dialect.do_execute(
    ~~~~~~~~~~~~~~~~~~~~~~~^
        cursor, str_statement, effective_parameters, context
        ^^^^^^^^^^^^^^^^^^^^^^^^^^^^^^^^^^^^^^^^^^^^^^^^^^^^
    )
    ^
  File "C:\Users\Ananthapriyan M\AppData\Local\Programs\Python\Python314\Lib\site-packages\sqlalchemy\engine\default.py", line 952, in do_execute
    cursor.execute(statement, parameters)
    ~~~~~~~~~~~~~~^^^^^^^^^^^^^^^^^^^^^^^
sqlite3.OperationalError: no such column: users.last_login

The above exception was the direct cause of the following exception:

Traceback (most recent call last):
  File "C:\Users\Ananthapriyan M\AppData\Local\Programs\Python\Python314\Lib\site-packages\starlette\middleware\errors.py", line 164, in __call__
    await self.app(scope, receive, _send)
  File "C:\Users\Ananthapriyan M\AppData\Local\Programs\Python\Python314\Lib\site-packages\starlette\middleware\base.py", line 193, in __call__
    response = await self.dispatch_func(request, call_next)
               ^^^^^^^^^^^^^^^^^^^^^^^^^^^^^^^^^^^^^^^^^^^^
  File "C:\Users\Ananthapriyan M\Downloads\cloudvuln\backend\main.py", line 128, in security_middleware
    response = await call_next(request)
               ^^^^^^^^^^^^^^^^^^^^^^^^
  File "C:\Users\Ananthapriyan M\AppData\Local\Programs\Python\Python314\Lib\site-packages\starlette\middleware\base.py", line 168, in call_next
    raise app_exc from app_exc.__cause__ or app_exc.__context__
  File "C:\Users\Ananthapriyan M\AppData\Local\Programs\Python\Python314\Lib\site-packages\starlette\middleware\base.py", line 144, in coro
    await self.app(scope, receive_or_disconnect, send_no_error)
  File "C:\Users\Ananthapriyan M\AppData\Local\Programs\Python\Python314\Lib\site-packages\starlette\middleware\cors.py", line 96, in __call__
    await self.simple_response(scope, receive, send, request_headers=headers)
  File "C:\Users\Ananthapriyan M\AppData\Local\Programs\Python\Python314\Lib\site-packages\starlette\middleware\cors.py", line 154, in simple_response
    await self.app(scope, receive, send)
  File "C:\Users\Ananthapriyan M\AppData\Local\Programs\Python\Python314\Lib\site-packages\starlette\middleware\exceptions.py", line 63, in __call__
    await wrap_app_handling_exceptions(self.app, conn)(scope, receive, send)
  File "C:\Users\Ananthapriyan M\AppData\Local\Programs\Python\Python314\Lib\site-packages\starlette\_exception_handler.py", line 53, in wrapped_app
    raise exc
  File "C:\Users\Ananthapriyan M\AppData\Local\Programs\Python\Python314\Lib\site-packages\starlette\_exception_handler.py", line 42, in wrapped_app
    await app(scope, receive, sender)
  File "C:\Users\Ananthapriyan M\AppData\Local\Programs\Python\Python314\Lib\site-packages\fastapi\middleware\asyncexitstack.py", line 18, in __call__
    await self.app(scope, receive, send)
  File "C:\Users\Ananthapriyan M\AppData\Local\Programs\Python\Python314\Lib\site-packages\starlette\routing.py", line 660, in __call__
    await self.middleware_stack(scope, receive, send)
  File "C:\Users\Ananthapriyan M\AppData\Local\Programs\Python\Python314\Lib\site-packages\fastapi\routing.py", line 2672, in app
    await route.handle(scope, receive, send)
  File "C:\Users\Ananthapriyan M\AppData\Local\Programs\Python\Python314\Lib\site-packages\fastapi\routing.py", line 1266, in handle
    await super().handle(scope, receive, send)
  File "C:\Users\Ananthapriyan M\AppData\Local\Programs\Python\Python314\Lib\site-packages\starlette\routing.py", line 276, in handle
    await self.app(scope, receive, send)
  File "C:\Users\Ananthapriyan M\AppData\Local\Programs\Python\Python314\Lib\site-packages\fastapi\routing.py", line 150, in app
    await wrap_app_handling_exceptions(app, request)(scope, receive, send)
  File "C:\Users\Ananthapriyan M\AppData\Local\Programs\Python\Python314\Lib\site-packages\starlette\_exception_handler.py", line 53, in wrapped_app
    raise exc
  File "C:\Users\Ananthapriyan M\AppData\Local\Programs\Python\Python314\Lib\site-packages\starlette\_exception_handler.py", line 42, in wrapped_app
    await app(scope, receive, sender)
  File "C:\Users\Ananthapriyan M\AppData\Local\Programs\Python\Python314\Lib\site-packages\fastapi\routing.py", line 136, in app
    response = await f(request)
               ^^^^^^^^^^^^^^^^
  File "C:\Users\Ananthapriyan M\AppData\Local\Programs\Python\Python314\Lib\site-packages\fastapi\routing.py", line 690, in app
    raw_response = await run_endpoint_function(
                   ^^^^^^^^^^^^^^^^^^^^^^^^^^^^
    ...<3 lines>...
    )
    ^
  File "C:\Users\Ananthapriyan M\AppData\Local\Programs\Python\Python314\Lib\site-packages\fastapi\routing.py", line 346, in run_endpoint_function
    return await run_in_threadpool(dependant.call, **values)
           ^^^^^^^^^^^^^^^^^^^^^^^^^^^^^^^^^^^^^^^^^^^^^^^^^
  File "C:\Users\Ananthapriyan M\AppData\Local\Programs\Python\Python314\Lib\site-packages\starlette\concurrency.py", line 34, in run_in_threadpool
    return await anyio.to_thread.run_sync(func)
           ^^^^^^^^^^^^^^^^^^^^^^^^^^^^^^^^^^^^
  File "C:\Users\Ananthapriyan M\AppData\Local\Programs\Python\Python314\Lib\site-packages\anyio\to_thread.py", line 63, in run_sync
    return await get_async_backend().run_sync_in_worker_thread(
           ^^^^^^^^^^^^^^^^^^^^^^^^^^^^^^^^^^^^^^^^^^^^^^^^^^^^
        func, args, abandon_on_cancel=abandon_on_cancel, limiter=limiter
        ^^^^^^^^^^^^^^^^^^^^^^^^^^^^^^^^^^^^^^^^^^^^^^^^^^^^^^^^^^^^^^^^
    )
    ^
  File "C:\Users\Ananthapriyan M\AppData\Local\Programs\Python\Python314\Lib\site-packages\anyio\_backends\_asyncio.py", line 2502, in run_sync_in_worker_thread
    return await future
           ^^^^^^^^^^^^
  File "C:\Users\Ananthapriyan M\AppData\Local\Programs\Python\Python314\Lib\site-packages\anyio\_backends\_asyncio.py", line 986, in run
    result = context.run(func, *args)
  File "C:\Users\Ananthapriyan M\Downloads\cloudvuln\backend\main.py", line 251, in register
    existing = db.query(models.User).filter(models.User.email == user_in.email).first()
  File "C:\Users\Ananthapriyan M\AppData\Local\Programs\Python\Python314\Lib\site-packages\sqlalchemy\orm\query.py", line 2766, in first
    return self.limit(1)._iter().first()  # type: ignore
           ~~~~~~~~~~~~~~~~~~~^^
  File "C:\Users\Ananthapriyan M\AppData\Local\Programs\Python\Python314\Lib\site-packages\sqlalchemy\orm\query.py", line 2864, in _iter
    result: Union[ScalarResult[_T], Result[_T]] = self.session.execute(
                                                  ~~~~~~~~~~~~~~~~~~~~^
        statement,
        ^^^^^^^^^^
        params,
        ^^^^^^^
        execution_options={"_sa_orm_load_options": self.load_options},
        ^^^^^^^^^^^^^^^^^^^^^^^^^^^^^^^^^^^^^^^^^^^^^^^^^^^^^^^^^^^^^^
    )
    ^
  File "C:\Users\Ananthapriyan M\AppData\Local\Programs\Python\Python314\Lib\site-packages\sqlalchemy\orm\session.py", line 2373, in execute
    return self._execute_internal(
           ~~~~~~~~~~~~~~~~~~~~~~^
        statement,
        ^^^^^^^^^^
    ...<4 lines>...
        _add_event=_add_event,
        ^^^^^^^^^^^^^^^^^^^^^^
    )
    ^
  File "C:\Users\Ananthapriyan M\AppData\Local\Programs\Python\Python314\Lib\site-packages\sqlalchemy\orm\session.py", line 2271, in _execute_internal
    result: Result[Any] = compile_state_cls.orm_execute_statement(
                          ~~~~~~~~~~~~~~~~~~~~~~~~~~~~~~~~~~~~~~~^
        self,
        ^^^^^
    ...<4 lines>...
        conn,
        ^^^^^
    )
    ^
  File "C:\Users\Ananthapriyan M\AppData\Local\Programs\Python\Python314\Lib\site-packages\sqlalchemy\orm\context.py", line 306, in orm_execute_statement
    result = conn.execute(
        statement, params or {}, execution_options=execution_options
    )
  File "C:\Users\Ananthapriyan M\AppData\Local\Programs\Python\Python314\Lib\site-packages\sqlalchemy\engine\base.py", line 1421, in execute
    return meth(
        self,
        distilled_parameters,
        execution_options or NO_OPTIONS,
    )
  File "C:\Users\Ananthapriyan M\AppData\Local\Programs\Python\Python314\Lib\site-packages\sqlalchemy\sql\elements.py", line 526, in _execute_on_connection
    return connection._execute_clauseelement(
           ~~~~~~~~~~~~~~~~~~~~~~~~~~~~~~~~~^
        self, distilled_params, execution_options
        ^^^^^^^^^^^^^^^^^^^^^^^^^^^^^^^^^^^^^^^^^
    )
    ^
  File "C:\Users\Ananthapriyan M\AppData\Local\Programs\Python\Python314\Lib\site-packages\sqlalchemy\engine\base.py", line 1643, in _execute_clauseelement
    ret = self._execute_context(
        dialect,
    ...<8 lines>...
        cache_hit=cache_hit,
    )
  File "C:\Users\Ananthapriyan M\AppData\Local\Programs\Python\Python314\Lib\site-packages\sqlalchemy\engine\base.py", line 1848, in _execute_context
    return self._exec_single_context(
           ~~~~~~~~~~~~~~~~~~~~~~~~~^
        dialect, context, statement, parameters
        ^^^^^^^^^^^^^^^^^^^^^^^^^^^^^^^^^^^^^^^
    )
    ^
  File "C:\Users\Ananthapriyan M\AppData\Local\Programs\Python\Python314\Lib\site-packages\sqlalchemy\engine\base.py", line 1988, in _exec_single_context
    self._handle_dbapi_exception(
    ~~~~~~~~~~~~~~~~~~~~~~~~~~~~^
        e, str_statement, effective_parameters, cursor, context
        ^^^^^^^^^^^^^^^^^^^^^^^^^^^^^^^^^^^^^^^^^^^^^^^^^^^^^^^
    )
    ^
  File "C:\Users\Ananthapriyan M\AppData\Local\Programs\Python\Python314\Lib\site-packages\sqlalchemy\engine\base.py", line 2365, in _handle_dbapi_exception
    raise sqlalchemy_exception.with_traceback(exc_info[2]) from e
  File "C:\Users\Ananthapriyan M\AppData\Local\Programs\Python\Python314\Lib\site-packages\sqlalchemy\engine\base.py", line 1969, in _exec_single_context
    self.dialect.do_execute(
    ~~~~~~~~~~~~~~~~~~~~~~~^
        cursor, str_statement, effective_parameters, context
        ^^^^^^^^^^^^^^^^^^^^^^^^^^^^^^^^^^^^^^^^^^^^^^^^^^^^
    )
    ^
  File "C:\Users\Ananthapriyan M\AppData\Local\Programs\Python\Python314\Lib\site-packages\sqlalchemy\engine\default.py", line 952, in do_execute
    cursor.execute(statement, parameters)
    ~~~~~~~~~~~~~~^^^^^^^^^^^^^^^^^^^^^^^
sqlalchemy.exc.OperationalError: (sqlite3.OperationalError) no such column: users.last_login
[SQL: SELECT users.id AS users_id, users.email AS users_email, users.full_name AS users_full_name, users.hashed_password AS users_hashed_password, users.role AS users_role, users.is_active AS users_is_active, users.created_at AS users_created_at, users.last_login AS users_last_login 
FROM users 
WHERE users.email = ?
 LIMIT ? OFFSET ?]
[parameters: ('mananthapriyan@gmail.com', 1, 0)]
(Background on this error at: https://sqlalche.me/e/20/e3q8)
2026-07-30T19:26:39 | INFO     | CloudVulnEngine | [cde449a0] GET / | status=200 | ip=127.0.0.1 | 5.31ms
2026-07-30T19:26:39 | WARNING  | CloudVulnEngine | [634b9474] GET /favicon.ico | status=404 | ip=127.0.0.1 | 1.06ms
2026-07-30T19:26:52 | INFO     | CloudVulnEngine | [7b0b7b28] GET /api/reports/DEFAULT-001/download | status=200 | ip=127.0.0.1 | 1485.76ms
2026-07-30T19:27:44 | INFO     | CloudVulnEngine | [9183b62d] GET /api/dashboard/risk-statistics | status=200 | ip=127.0.0.1 | 67.15ms
2026-07-30T19:27:44 | INFO     | CloudVulnEngine | [dfa5722c] GET /api/dashboard/recent-scans | status=200 | ip=127.0.0.1 | 116.02ms
2026-07-30T19:27:44 | INFO     | CloudVulnEngine | [80317ea6] GET /api/dashboard/summary | status=200 | ip=127.0.0.1 | 128.03ms
2026-07-30T19:27:44 | INFO     | CloudVulnEngine | [a6c8c519] GET /api/dashboard/activity | status=200 | ip=127.0.0.1 | 127.21ms
2026-07-30T19:27:44 | INFO     | CloudVulnEngine | [4eb30359] GET /api/dashboard/risk-statistics | status=200 | ip=127.0.0.1 | 32.42ms
2026-07-30T19:27:44 | INFO     | CloudVulnEngine | [48d114db] GET /api/dashboard/activity | status=200 | ip=127.0.0.1 | 28.0ms
2026-07-30T19:27:44 | INFO     | CloudVulnEngine | [7be87bba] GET /api/dashboard/summary | status=200 | ip=127.0.0.1 | 42.79ms
2026-07-30T19:27:44 | INFO     | CloudVulnEngine | [5a83ae06] GET /api/dashboard/recent-scans | status=200 | ip=127.0.0.1 | 48.85ms
2026-07-30T19:27:46 | INFO     | CloudVulnEngine | [fa84db58] GET /api/cve/search | status=200 | ip=127.0.0.1 | 1784.26ms
2026-07-30T19:27:47 | INFO     | CloudVulnEngine | [dffcdf28] GET /api/cve/search | status=200 | ip=127.0.0.1 | 990.63ms
2026-07-30T19:28:56 | INFO     | CloudVulnEngine | [5cca6be9] GET /api/reports/DEFAULT-001 | status=200 | ip=127.0.0.1 | 23.46ms
2026-07-30T19:28:56 | INFO     | CloudVulnEngine | [86356e04] GET /api/reports/DEFAULT-001 | status=200 | ip=127.0.0.1 | 12.26ms
2026-07-30T19:29:00 | INFO     | CloudVulnEngine | [36afddcc] GET /api/reports/DEFAULT-001 | status=200 | ip=127.0.0.1 | 14.85ms
2026-07-30T19:29:00 | INFO     | CloudVulnEngine | [65797313] GET /api/reports/DEFAULT-001 | status=200 | ip=127.0.0.1 | 14.97ms
2026-07-30T19:29:02 | INFO     | CloudVulnEngine | [8097a753] GET /api/scans | status=200 | ip=127.0.0.1 | 41.4ms
2026-07-30T19:29:02 | INFO     | CloudVulnEngine | [33132225] GET /api/scans | status=200 | ip=127.0.0.1 | 33.57ms
2026-07-30T19:29:11 | INFO     | CloudVulnEngine | [4f132cd8] POST /api/analysis/target | status=200 | ip=127.0.0.1 | 6729.47ms
2026-07-30T19:29:11 | INFO     | CloudVulnEngine | Scan created: SCAN-2026-8143 | target=api.production.cloudvuln.io
2026-07-30T19:29:11 | INFO     | CloudVulnEngine | [e3ec7522] POST /api/scans | status=201 | ip=127.0.0.1 | 117.36ms
2026-07-30T19:29:12 | INFO     | CloudVulnEngine | [bd6ee6f3] POST /api/analysis/target | status=200 | ip=127.0.0.1 | 8023.18ms
2026-07-30T19:29:13 | INFO     | CloudVulnEngine | Scan created: SCAN-2026-2029 | target=api.production.cloudvuln.io
2026-07-30T19:29:13 | INFO     | CloudVulnEngine | [021b98a4] POST /api/scans | status=201 | ip=127.0.0.1 | 55.78ms
2026-07-30T19:29:33 | INFO     | CloudVulnEngine | [dc3f1166] GET /api/dashboard/risk-statistics | status=200 | ip=127.0.0.1 | 18.75ms
2026-07-30T19:29:33 | INFO     | CloudVulnEngine | [f748c04e] GET /api/dashboard/activity | status=200 | ip=127.0.0.1 | 20.43ms
2026-07-30T19:29:33 | INFO     | CloudVulnEngine | [d8489507] GET /api/dashboard/recent-scans | status=200 | ip=127.0.0.1 | 31.31ms
2026-07-30T19:29:33 | INFO     | CloudVulnEngine | [55778788] GET /api/dashboard/summary | status=200 | ip=127.0.0.1 | 34.01ms
2026-07-30T19:29:33 | INFO     | CloudVulnEngine | [8fa24b86] GET /api/dashboard/risk-statistics | status=200 | ip=127.0.0.1 | 17.14ms
2026-07-30T19:29:33 | INFO     | CloudVulnEngine | [1b897415] GET /api/dashboard/summary | status=200 | ip=127.0.0.1 | 18.04ms
2026-07-30T19:29:33 | INFO     | CloudVulnEngine | [05ee64f9] GET /api/dashboard/recent-scans | status=200 | ip=127.0.0.1 | 20.64ms
2026-07-30T19:29:33 | INFO     | CloudVulnEngine | [2edfa1a0] GET /api/dashboard/activity | status=200 | ip=127.0.0.1 | 32.18ms
2026-07-30T19:29:34 | INFO     | CloudVulnEngine | [ae64030c] GET /api/cve/search | status=200 | ip=127.0.0.1 | 1737.13ms
2026-07-30T19:29:36 | INFO     | CloudVulnEngine | [93577443] GET /api/cve/search | status=200 | ip=127.0.0.1 | 2111.5ms
2026-07-30T19:31:44 | INFO     | CloudVulnEngine | [a01957fd] GET /api/dashboard/summary | status=200 | ip=127.0.0.1 | 22.33ms
2026-07-30T19:31:44 | INFO     | CloudVulnEngine | [6ad2aaba] GET /api/dashboard/risk-statistics | status=200 | ip=127.0.0.1 | 24.68ms
2026-07-30T19:31:44 | INFO     | CloudVulnEngine | [a700f05b] GET /api/dashboard/activity | status=200 | ip=127.0.0.1 | 27.79ms
2026-07-30T19:31:44 | INFO     | CloudVulnEngine | [ae358b82] GET /api/dashboard/recent-scans | status=200 | ip=127.0.0.1 | 31.05ms
2026-07-30T19:31:44 | INFO     | CloudVulnEngine | [c86f32d8] GET /api/dashboard/summary | status=200 | ip=127.0.0.1 | 20.47ms
2026-07-30T19:31:44 | INFO     | CloudVulnEngine | [d78b0ea8] GET /api/dashboard/risk-statistics | status=200 | ip=127.0.0.1 | 17.12ms
2026-07-30T19:31:44 | INFO     | CloudVulnEngine | [6c38ab33] GET /api/dashboard/recent-scans | status=200 | ip=127.0.0.1 | 15.09ms
2026-07-30T19:31:44 | INFO     | CloudVulnEngine | [738a0be1] GET /api/dashboard/activity | status=200 | ip=127.0.0.1 | 17.77ms
2026-07-30T19:31:46 | INFO     | CloudVulnEngine | [878403bc] GET /api/cve/search | status=200 | ip=127.0.0.1 | 2297.88ms
2026-07-30T19:31:48 | INFO     | CloudVulnEngine | [478b5f56] GET /api/cve/search | status=200 | ip=127.0.0.1 | 1522.18ms
2026-07-30T19:33:15 | INFO     | CloudVulnEngine | [f9122ad9] POST /api/analysis/target | status=200 | ip=127.0.0.1 | 6821.74ms
2026-07-30T19:33:15 | INFO     | CloudVulnEngine | Scan created: SCAN-2026-7831 | target=api.production.cloudvuln.io
2026-07-30T19:33:15 | INFO     | CloudVulnEngine | [c2915a7f] POST /api/scans | status=201 | ip=127.0.0.1 | 8.08ms
2026-07-30T19:33:15 | INFO     | CloudVulnEngine | [2d611476] POST /api/analysis/target | status=200 | ip=127.0.0.1 | 6915.12ms
2026-07-30T19:33:16 | INFO     | CloudVulnEngine | Scan created: SCAN-2026-4864 | target=api.production.cloudvuln.io
2026-07-30T19:33:16 | INFO     | CloudVulnEngine | [c5e2650d] POST /api/scans | status=201 | ip=127.0.0.1 | 21.61ms
2026-07-30T19:33:46 | INFO     | CloudVulnEngine | [58eb1b72] GET / | status=200 | ip=127.0.0.1 | 2.31ms
2026-07-30T19:34:10 | INFO     | CloudVulnEngine | [bc9d3d8d] GET / | status=200 | ip=127.0.0.1 | 1.3ms
2026-07-30T19:34:10 | WARNING  | CloudVulnEngine | [567e0763] GET /favicon.ico | status=404 | ip=127.0.0.1 | 0.81ms
2026-07-30T19:40:57 | INFO     | CloudVulnEngine | [b0cd0c25] POST /api/analysis/target | status=200 | ip=127.0.0.1 | 6127.84ms
2026-07-30T19:40:57 | INFO     | CloudVulnEngine | Scan created: SCAN-2026-1428 | target=www.instgram.com
2026-07-30T19:40:57 | INFO     | CloudVulnEngine | [3909e37c] POST /api/scans | status=201 | ip=127.0.0.1 | 56.85ms
2026-07-30T19:41:23 | INFO     | CloudVulnEngine | [fa36606d] GET /api/reports/DEFAULT-001 | status=200 | ip=127.0.0.1 | 6.03ms
2026-07-30T19:41:23 | INFO     | CloudVulnEngine | [37bad462] GET /api/reports/DEFAULT-001 | status=200 | ip=127.0.0.1 | 4.54ms
2026-07-30T19:41:33 | INFO     | CloudVulnEngine | [64fd2981] GET /api/reports/DEFAULT-001/download | status=200 | ip=127.0.0.1 | 4.29ms
2026-07-30T19:41:51 | INFO     | CloudVulnEngine | [98185c87] GET /api/scans | status=200 | ip=127.0.0.1 | 17.4ms
2026-07-30T19:41:51 | INFO     | CloudVulnEngine | [40cee828] GET /api/scans | status=200 | ip=127.0.0.1 | 28.06ms
2026-07-30T19:41:55 | INFO     | CloudVulnEngine | [bd1acff4] GET /api/reports/SCAN-2026-1428 | status=200 | ip=127.0.0.1 | 9.45ms
2026-07-30T19:41:55 | INFO     | CloudVulnEngine | [b854c2ac] GET /api/reports/SCAN-2026-1428 | status=200 | ip=127.0.0.1 | 9.29ms
2026-07-30T19:43:44 | INFO     | CloudVulnEngine | [e989612d] POST /api/analysis/target | status=200 | ip=127.0.0.1 | 6383.36ms
2026-07-30T19:43:44 | INFO     | CloudVulnEngine | Scan created: SCAN-2026-4082 | target=api.production.cloudvuln.io
2026-07-30T19:43:44 | INFO     | CloudVulnEngine | [8453825e] POST /api/scans | status=201 | ip=127.0.0.1 | 18.76ms
2026-07-30T19:43:46 | INFO     | CloudVulnEngine | [5702a1cb] POST /api/analysis/target | status=200 | ip=127.0.0.1 | 8712.82ms
2026-07-30T19:43:46 | INFO     | CloudVulnEngine | Scan created: SCAN-2026-5360 | target=api.production.cloudvuln.io
2026-07-30T19:43:46 | INFO     | CloudVulnEngine | [cf38fac2] POST /api/scans | status=201 | ip=127.0.0.1 | 15.91ms
2026-07-30T19:44:12 | INFO     | CloudVulnEngine | [554cacb2] POST /api/analysis/target | status=200 | ip=127.0.0.1 | 6726.77ms
2026-07-30T19:44:12 | INFO     | CloudVulnEngine | Scan created: SCAN-2026-9116 | target=www.instagram.com
2026-07-30T19:44:12 | INFO     | CloudVulnEngine | [a6aa20b2] POST /api/scans | status=201 | ip=127.0.0.1 | 12.5ms
2026-07-31T19:49:40 | INFO     | CloudVulnEngine | [fe9107c6] GET / | status=200 | ip=127.0.0.1 | 6.33ms
2026-07-31T19:49:40 | WARNING  | CloudVulnEngine | [1fcdfef7] GET /favicon.ico | status=404 | ip=127.0.0.1 | 0.98ms
2026-07-31T19:49:54 | INFO     | CloudVulnEngine | [99086c53] GET /api/dashboard/risk-statistics | status=200 | ip=127.0.0.1 | 77.67ms
2026-07-31T19:49:54 | INFO     | CloudVulnEngine | [a0cf7c94] GET /api/owasp/dashboard | status=200 | ip=127.0.0.1 | 84.74ms
2026-07-31T19:49:54 | INFO     | CloudVulnEngine | [a220c146] GET /api/dashboard/summary | status=200 | ip=127.0.0.1 | 98.15ms
2026-07-31T19:49:54 | INFO     | CloudVulnEngine | [d91065f6] GET /api/dashboard/activity | status=200 | ip=127.0.0.1 | 104.96ms
2026-07-31T19:49:54 | INFO     | CloudVulnEngine | [065b9ef2] GET /api/dashboard/recent-scans | status=200 | ip=127.0.0.1 | 107.29ms
2026-07-31T19:49:54 | INFO     | CloudVulnEngine | [ee12c205] GET /api/dashboard/risk-statistics | status=200 | ip=127.0.0.1 | 22.15ms
2026-07-31T19:49:54 | INFO     | CloudVulnEngine | [d70b9670] GET /api/owasp/dashboard | status=200 | ip=127.0.0.1 | 24.09ms
2026-07-31T19:49:54 | INFO     | CloudVulnEngine | [66986ef8] GET /api/dashboard/summary | status=200 | ip=127.0.0.1 | 29.38ms
2026-07-31T19:49:54 | INFO     | CloudVulnEngine | [7eeff632] GET /api/dashboard/recent-scans | status=200 | ip=127.0.0.1 | 30.58ms
2026-07-31T19:49:54 | INFO     | CloudVulnEngine | [4fadfab4] GET /api/dashboard/activity | status=200 | ip=127.0.0.1 | 26.6ms
2026-07-31T19:49:57 | INFO     | CloudVulnEngine | [4995f06c] GET /api/cve/search | status=200 | ip=127.0.0.1 | 3131.86ms
2026-07-31T19:49:58 | INFO     | CloudVulnEngine | [4995b730] GET /api/cve/search | status=200 | ip=127.0.0.1 | 1277.95ms
2026-07-31T19:50:00 | INFO     | CloudVulnEngine | [b7730c2b] GET /api/owasp/assessments | status=200 | ip=127.0.0.1 | 8.7ms
2026-07-31T19:50:00 | INFO     | CloudVulnEngine | [3569721a] GET /api/owasp/assessments | status=200 | ip=127.0.0.1 | 4.42ms
2026-07-31T19:50:07 | ERROR    | CloudVulnEngine | Unhandled Internal Server Error on POST /api/analysis/target: Instance <ActivityLog at 0x1d73f168050> has a NULL identity key.  If this is an auto-generated value, check that the database table allows generation of new primary key values, and that the mapped Column object is configured to expect these generated values.  Ensure also that this flush() is not occurring at an inappropriate time, such as within a load() event.
Traceback (most recent call last):
  File "C:\Users\Ananthapriyan M\AppData\Local\Programs\Python\Python314\Lib\site-packages\starlette\middleware\errors.py", line 164, in __call__
    await self.app(scope, receive, _send)
  File "C:\Users\Ananthapriyan M\AppData\Local\Programs\Python\Python314\Lib\site-packages\starlette\middleware\base.py", line 193, in __call__
    response = await self.dispatch_func(request, call_next)
               ^^^^^^^^^^^^^^^^^^^^^^^^^^^^^^^^^^^^^^^^^^^^
  File "C:\Users\Ananthapriyan M\Downloads\cloudvuln\backend\main.py", line 131, in security_middleware
    response = await call_next(request)
               ^^^^^^^^^^^^^^^^^^^^^^^^
  File "C:\Users\Ananthapriyan M\AppData\Local\Programs\Python\Python314\Lib\site-packages\starlette\middleware\base.py", line 168, in call_next
    raise app_exc from app_exc.__cause__ or app_exc.__context__
  File "C:\Users\Ananthapriyan M\AppData\Local\Programs\Python\Python314\Lib\site-packages\starlette\middleware\base.py", line 144, in coro
    await self.app(scope, receive_or_disconnect, send_no_error)
  File "C:\Users\Ananthapriyan M\AppData\Local\Programs\Python\Python314\Lib\site-packages\starlette\middleware\cors.py", line 96, in __call__
    await self.simple_response(scope, receive, send, request_headers=headers)
  File "C:\Users\Ananthapriyan M\AppData\Local\Programs\Python\Python314\Lib\site-packages\starlette\middleware\cors.py", line 154, in simple_response
    await self.app(scope, receive, send)
  File "C:\Users\Ananthapriyan M\AppData\Local\Programs\Python\Python314\Lib\site-packages\starlette\middleware\exceptions.py", line 63, in __call__
    await wrap_app_handling_exceptions(self.app, conn)(scope, receive, send)
  File "C:\Users\Ananthapriyan M\AppData\Local\Programs\Python\Python314\Lib\site-packages\starlette\_exception_handler.py", line 53, in wrapped_app
    raise exc
  File "C:\Users\Ananthapriyan M\AppData\Local\Programs\Python\Python314\Lib\site-packages\starlette\_exception_handler.py", line 42, in wrapped_app
    await app(scope, receive, sender)
  File "C:\Users\Ananthapriyan M\AppData\Local\Programs\Python\Python314\Lib\site-packages\fastapi\middleware\asyncexitstack.py", line 18, in __call__
    await self.app(scope, receive, send)
  File "C:\Users\Ananthapriyan M\AppData\Local\Programs\Python\Python314\Lib\site-packages\starlette\routing.py", line 660, in __call__
    await self.middleware_stack(scope, receive, send)
  File "C:\Users\Ananthapriyan M\AppData\Local\Programs\Python\Python314\Lib\site-packages\fastapi\routing.py", line 2672, in app
    await route.handle(scope, receive, send)
  File "C:\Users\Ananthapriyan M\AppData\Local\Programs\Python\Python314\Lib\site-packages\fastapi\routing.py", line 1266, in handle
    await super().handle(scope, receive, send)
  File "C:\Users\Ananthapriyan M\AppData\Local\Programs\Python\Python314\Lib\site-packages\starlette\routing.py", line 276, in handle
    await self.app(scope, receive, send)
  File "C:\Users\Ananthapriyan M\AppData\Local\Programs\Python\Python314\Lib\site-packages\fastapi\routing.py", line 150, in app
    await wrap_app_handling_exceptions(app, request)(scope, receive, send)
  File "C:\Users\Ananthapriyan M\AppData\Local\Programs\Python\Python314\Lib\site-packages\starlette\_exception_handler.py", line 53, in wrapped_app
    raise exc
  File "C:\Users\Ananthapriyan M\AppData\Local\Programs\Python\Python314\Lib\site-packages\starlette\_exception_handler.py", line 42, in wrapped_app
    await app(scope, receive, sender)
  File "C:\Users\Ananthapriyan M\AppData\Local\Programs\Python\Python314\Lib\site-packages\fastapi\routing.py", line 136, in app
    response = await f(request)
               ^^^^^^^^^^^^^^^^
  File "C:\Users\Ananthapriyan M\AppData\Local\Programs\Python\Python314\Lib\site-packages\fastapi\routing.py", line 690, in app
    raw_response = await run_endpoint_function(
                   ^^^^^^^^^^^^^^^^^^^^^^^^^^^^
    ...<3 lines>...
    )
    ^
  File "C:\Users\Ananthapriyan M\AppData\Local\Programs\Python\Python314\Lib\site-packages\fastapi\routing.py", line 346, in run_endpoint_function
    return await run_in_threadpool(dependant.call, **values)
           ^^^^^^^^^^^^^^^^^^^^^^^^^^^^^^^^^^^^^^^^^^^^^^^^^
  File "C:\Users\Ananthapriyan M\AppData\Local\Programs\Python\Python314\Lib\site-packages\starlette\concurrency.py", line 34, in run_in_threadpool
    return await anyio.to_thread.run_sync(func)
           ^^^^^^^^^^^^^^^^^^^^^^^^^^^^^^^^^^^^
  File "C:\Users\Ananthapriyan M\AppData\Local\Programs\Python\Python314\Lib\site-packages\anyio\to_thread.py", line 63, in run_sync
    return await get_async_backend().run_sync_in_worker_thread(
           ^^^^^^^^^^^^^^^^^^^^^^^^^^^^^^^^^^^^^^^^^^^^^^^^^^^^
        func, args, abandon_on_cancel=abandon_on_cancel, limiter=limiter
        ^^^^^^^^^^^^^^^^^^^^^^^^^^^^^^^^^^^^^^^^^^^^^^^^^^^^^^^^^^^^^^^^
    )
    ^
  File "C:\Users\Ananthapriyan M\AppData\Local\Programs\Python\Python314\Lib\site-packages\anyio\_backends\_asyncio.py", line 2502, in run_sync_in_worker_thread
    return await future
           ^^^^^^^^^^^^
  File "C:\Users\Ananthapriyan M\AppData\Local\Programs\Python\Python314\Lib\site-packages\anyio\_backends\_asyncio.py", line 986, in run
    result = context.run(func, *args)
  File "C:\Users\Ananthapriyan M\Downloads\cloudvuln\backend\main.py", line 462, in analyze_security_target
    db.commit()
    ~~~~~~~~~^^
  File "C:\Users\Ananthapriyan M\AppData\Local\Programs\Python\Python314\Lib\site-packages\sqlalchemy\orm\session.py", line 2035, in commit
    trans.commit(_to_root=True)
    ~~~~~~~~~~~~^^^^^^^^^^^^^^^
  File "<string>", line 2, in commit
  File "C:\Users\Ananthapriyan M\AppData\Local\Programs\Python\Python314\Lib\site-packages\sqlalchemy\orm\state_changes.py", line 137, in _go
    ret_value = fn(self, *arg, **kw)
  File "C:\Users\Ananthapriyan M\AppData\Local\Programs\Python\Python314\Lib\site-packages\sqlalchemy\orm\session.py", line 1316, in commit
    self._prepare_impl()
    ~~~~~~~~~~~~~~~~~~^^
  File "<string>", line 2, in _prepare_impl
  File "C:\Users\Ananthapriyan M\AppData\Local\Programs\Python\Python314\Lib\site-packages\sqlalchemy\orm\state_changes.py", line 137, in _go
    ret_value = fn(self, *arg, **kw)
  File "C:\Users\Ananthapriyan M\AppData\Local\Programs\Python\Python314\Lib\site-packages\sqlalchemy\orm\session.py", line 1290, in _prepare_impl
    self.session.flush()
    ~~~~~~~~~~~~~~~~~~^^
  File "C:\Users\Ananthapriyan M\AppData\Local\Programs\Python\Python314\Lib\site-packages\sqlalchemy\orm\session.py", line 4353, in flush
    self._flush(objects)
    ~~~~~~~~~~~^^^^^^^^^
  File "C:\Users\Ananthapriyan M\AppData\Local\Programs\Python\Python314\Lib\site-packages\sqlalchemy\orm\session.py", line 4488, in _flush
    with util.safe_reraise():
         ~~~~~~~~~~~~~~~~~^^
  File "C:\Users\Ananthapriyan M\AppData\Local\Programs\Python\Python314\Lib\site-packages\sqlalchemy\util\langhelpers.py", line 122, in __exit__
    raise exc_value.with_traceback(exc_tb)
  File "C:\Users\Ananthapriyan M\AppData\Local\Programs\Python\Python314\Lib\site-packages\sqlalchemy\orm\session.py", line 4455, in _flush
    flush_context.finalize_flush_changes()
    ~~~~~~~~~~~~~~~~~~~~~~~~~~~~~~~~~~~~^^
  File "C:\Users\Ananthapriyan M\AppData\Local\Programs\Python\Python314\Lib\site-packages\sqlalchemy\orm\unitofwork.py", line 486, in finalize_flush_changes
    self.session._register_persistent(other)
    ~~~~~~~~~~~~~~~~~~~~~~~~~~~~~~~~~^^^^^^^
  File "C:\Users\Ananthapriyan M\AppData\Local\Programs\Python\Python314\Lib\site-packages\sqlalchemy\orm\session.py", line 3365, in _register_persistent
    raise exc.FlushError(
    ...<8 lines>...
    )
sqlalchemy.orm.exc.FlushError: Instance <ActivityLog at 0x1d73f168050> has a NULL identity key.  If this is an auto-generated value, check that the database table allows generation of new primary key values, and that the mapped Column object is configured to expect these generated values.  Ensure also that this flush() is not occurring at an inappropriate time, such as within a load() event.
2026-07-31T19:50:07 | INFO     | CloudVulnEngine | [4dce328b] POST /api/analysis/target | status=200 | ip=127.0.0.1 | 9600.0ms
2026-07-31T19:50:07 | INFO     | CloudVulnEngine | Scan created: SCAN-2026-3891 | target=api.production.cloudvuln.io
2026-07-31T19:50:07 | INFO     | CloudVulnEngine | [b89afb8a] POST /api/scans | status=201 | ip=127.0.0.1 | 17.85ms
2026-07-31T19:50:43 | ERROR    | CloudVulnEngine | Unhandled Internal Server Error on POST /api/owasp/assess: 'str' object has no attribute 'get'
Traceback (most recent call last):
  File "C:\Users\Ananthapriyan M\Downloads\cloudvuln\backend\owasp_assessor.py", line 114, in _no_redirect_request
    resp = opener.open(req, timeout=timeout)
  File "C:\Users\Ananthapriyan M\AppData\Local\Programs\Python\Python314\Lib\urllib\request.py", line 493, in open
    response = meth(req, response)
  File "C:\Users\Ananthapriyan M\AppData\Local\Programs\Python\Python314\Lib\urllib\request.py", line 602, in http_response
    response = self.parent.error(
        'http', request, response, code, msg, hdrs)
  File "C:\Users\Ananthapriyan M\AppData\Local\Programs\Python\Python314\Lib\urllib\request.py", line 525, in error
    result = self._call_chain(*args)
  File "C:\Users\Ananthapriyan M\AppData\Local\Programs\Python\Python314\Lib\urllib\request.py", line 464, in _call_chain
    result = func(*args)
  File "C:\Users\Ananthapriyan M\Downloads\cloudvuln\backend\owasp_assessor.py", line 103, in http_error_302
    raise urllib.error.HTTPError(*args)
urllib.error.HTTPError: HTTP Error <http.client.HTTPResponse object at 0x000001D73F33E560>: 301

The above exception was the direct cause of the following exception:

Traceback (most recent call last):
  File "C:\Users\Ananthapriyan M\AppData\Local\Programs\Python\Python314\Lib\site-packages\starlette\middleware\errors.py", line 164, in __call__
    await self.app(scope, receive, _send)
  File "C:\Users\Ananthapriyan M\AppData\Local\Programs\Python\Python314\Lib\site-packages\starlette\middleware\base.py", line 193, in __call__
    response = await self.dispatch_func(request, call_next)
               ^^^^^^^^^^^^^^^^^^^^^^^^^^^^^^^^^^^^^^^^^^^^
  File "C:\Users\Ananthapriyan M\Downloads\cloudvuln\backend\main.py", line 131, in security_middleware
    response = await call_next(request)
               ^^^^^^^^^^^^^^^^^^^^^^^^
  File "C:\Users\Ananthapriyan M\AppData\Local\Programs\Python\Python314\Lib\site-packages\starlette\middleware\base.py", line 168, in call_next
    raise app_exc from app_exc.__cause__ or app_exc.__context__
  File "C:\Users\Ananthapriyan M\AppData\Local\Programs\Python\Python314\Lib\site-packages\starlette\middleware\base.py", line 144, in coro
    await self.app(scope, receive_or_disconnect, send_no_error)
  File "C:\Users\Ananthapriyan M\AppData\Local\Programs\Python\Python314\Lib\site-packages\starlette\middleware\cors.py", line 96, in __call__
    await self.simple_response(scope, receive, send, request_headers=headers)
  File "C:\Users\Ananthapriyan M\AppData\Local\Programs\Python\Python314\Lib\site-packages\starlette\middleware\cors.py", line 154, in simple_response
    await self.app(scope, receive, send)
  File "C:\Users\Ananthapriyan M\AppData\Local\Programs\Python\Python314\Lib\site-packages\starlette\middleware\exceptions.py", line 63, in __call__
    await wrap_app_handling_exceptions(self.app, conn)(scope, receive, send)
  File "C:\Users\Ananthapriyan M\AppData\Local\Programs\Python\Python314\Lib\site-packages\starlette\_exception_handler.py", line 53, in wrapped_app
    raise exc
  File "C:\Users\Ananthapriyan M\AppData\Local\Programs\Python\Python314\Lib\site-packages\starlette\_exception_handler.py", line 42, in wrapped_app
    await app(scope, receive, sender)
  File "C:\Users\Ananthapriyan M\AppData\Local\Programs\Python\Python314\Lib\site-packages\fastapi\middleware\asyncexitstack.py", line 18, in __call__
    await self.app(scope, receive, send)
  File "C:\Users\Ananthapriyan M\AppData\Local\Programs\Python\Python314\Lib\site-packages\starlette\routing.py", line 660, in __call__
    await self.middleware_stack(scope, receive, send)
  File "C:\Users\Ananthapriyan M\AppData\Local\Programs\Python\Python314\Lib\site-packages\fastapi\routing.py", line 2672, in app
    await route.handle(scope, receive, send)
  File "C:\Users\Ananthapriyan M\AppData\Local\Programs\Python\Python314\Lib\site-packages\fastapi\routing.py", line 1266, in handle
    await super().handle(scope, receive, send)
  File "C:\Users\Ananthapriyan M\AppData\Local\Programs\Python\Python314\Lib\site-packages\starlette\routing.py", line 276, in handle
    await self.app(scope, receive, send)
  File "C:\Users\Ananthapriyan M\AppData\Local\Programs\Python\Python314\Lib\site-packages\fastapi\routing.py", line 150, in app
    await wrap_app_handling_exceptions(app, request)(scope, receive, send)
  File "C:\Users\Ananthapriyan M\AppData\Local\Programs\Python\Python314\Lib\site-packages\starlette\_exception_handler.py", line 53, in wrapped_app
    raise exc
  File "C:\Users\Ananthapriyan M\AppData\Local\Programs\Python\Python314\Lib\site-packages\starlette\_exception_handler.py", line 42, in wrapped_app
    await app(scope, receive, sender)
  File "C:\Users\Ananthapriyan M\AppData\Local\Programs\Python\Python314\Lib\site-packages\fastapi\routing.py", line 136, in app
    response = await f(request)
               ^^^^^^^^^^^^^^^^
  File "C:\Users\Ananthapriyan M\AppData\Local\Programs\Python\Python314\Lib\site-packages\fastapi\routing.py", line 690, in app
    raw_response = await run_endpoint_function(
                   ^^^^^^^^^^^^^^^^^^^^^^^^^^^^
    ...<3 lines>...
    )
    ^
  File "C:\Users\Ananthapriyan M\AppData\Local\Programs\Python\Python314\Lib\site-packages\fastapi\routing.py", line 346, in run_endpoint_function
    return await run_in_threadpool(dependant.call, **values)
           ^^^^^^^^^^^^^^^^^^^^^^^^^^^^^^^^^^^^^^^^^^^^^^^^^
  File "C:\Users\Ananthapriyan M\AppData\Local\Programs\Python\Python314\Lib\site-packages\starlette\concurrency.py", line 34, in run_in_threadpool
    return await anyio.to_thread.run_sync(func)
           ^^^^^^^^^^^^^^^^^^^^^^^^^^^^^^^^^^^^
  File "C:\Users\Ananthapriyan M\AppData\Local\Programs\Python\Python314\Lib\site-packages\anyio\to_thread.py", line 63, in run_sync
    return await get_async_backend().run_sync_in_worker_thread(
           ^^^^^^^^^^^^^^^^^^^^^^^^^^^^^^^^^^^^^^^^^^^^^^^^^^^^
        func, args, abandon_on_cancel=abandon_on_cancel, limiter=limiter
        ^^^^^^^^^^^^^^^^^^^^^^^^^^^^^^^^^^^^^^^^^^^^^^^^^^^^^^^^^^^^^^^^
    )
    ^
  File "C:\Users\Ananthapriyan M\AppData\Local\Programs\Python\Python314\Lib\site-packages\anyio\_backends\_asyncio.py", line 2502, in run_sync_in_worker_thread
    return await future
           ^^^^^^^^^^^^
  File "C:\Users\Ananthapriyan M\AppData\Local\Programs\Python\Python314\Lib\site-packages\anyio\_backends\_asyncio.py", line 986, in run
    result = context.run(func, *args)
  File "C:\Users\Ananthapriyan M\Downloads\cloudvuln\backend\main.py", line 664, in run_owasp_assessment
    result = owasp_assessor.run_owasp_assessment(req.target_url)
  File "C:\Users\Ananthapriyan M\Downloads\cloudvuln\backend\owasp_assessor.py", line 1200, in run_owasp_assessment
    check_https_enforcement(hostname, http_url),
    ~~~~~~~~~~~~~~~~~~~~~~~^^^^^^^^^^^^^^^^^^^^
  File "C:\Users\Ananthapriyan M\Downloads\cloudvuln\backend\owasp_assessor.py", line 273, in check_https_enforcement
    result = _no_redirect_request(http_url)
  File "C:\Users\Ananthapriyan M\Downloads\cloudvuln\backend\owasp_assessor.py", line 121, in _no_redirect_request
    location = e.headers.get("Location", "") if hasattr(e, "headers") else ""
               ^^^^^^^^^^^^^
AttributeError: 'str' object has no attribute 'get'
2026-07-31T19:50:57 | INFO     | CloudVulnEngine | [186ba6bd] POST /api/analysis/target | status=200 | ip=127.0.0.1 | 8597.36ms
2026-07-31T19:50:57 | INFO     | CloudVulnEngine | Scan created: SCAN-2026-1522 | target=api.production.cloudvuln.io
2026-07-31T19:50:57 | INFO     | CloudVulnEngine | [3974c336] POST /api/scans | status=201 | ip=127.0.0.1 | 20.89ms
2026-07-31T19:50:57 | INFO     | CloudVulnEngine | [de0be20d] POST /api/analysis/target | status=200 | ip=127.0.0.1 | 9353.27ms
2026-07-31T19:50:57 | INFO     | CloudVulnEngine | Scan created: SCAN-2026-5098 | target=api.production.cloudvuln.io
2026-07-31T19:50:57 | INFO     | CloudVulnEngine | [1f7c19bb] POST /api/scans | status=201 | ip=127.0.0.1 | 8.0ms
2026-07-31T19:51:03 | INFO     | CloudVulnEngine | [a3f1469c] GET /api/owasp/assessments | status=200 | ip=127.0.0.1 | 3.69ms
2026-07-31T19:51:03 | INFO     | CloudVulnEngine | [7175fa65] GET /api/owasp/assessments | status=200 | ip=127.0.0.1 | 6.75ms
2026-07-31T19:51:09 | INFO     | CloudVulnEngine | [01001815] GET /api/owasp/assessments | status=200 | ip=127.0.0.1 | 7.42ms
2026-07-31T19:51:09 | INFO     | CloudVulnEngine | [7796c4b3] GET /api/owasp/assessments | status=200 | ip=127.0.0.1 | 6.29ms
2026-07-31T19:51:13 | INFO     | CloudVulnEngine | [38f55aef] POST /api/analysis/target | status=200 | ip=127.0.0.1 | 5562.81ms
2026-07-31T19:51:13 | INFO     | CloudVulnEngine | Scan created: SCAN-2026-1035 | target=api.production.cloudvuln.io
2026-07-31T19:51:13 | INFO     | CloudVulnEngine | [03bdbed2] POST /api/scans | status=201 | ip=127.0.0.1 | 16.92ms
2026-07-31T19:51:14 | INFO     | CloudVulnEngine | [8d3d00b4] POST /api/analysis/target | status=200 | ip=127.0.0.1 | 6685.36ms
2026-07-31T19:51:14 | INFO     | CloudVulnEngine | Scan created: SCAN-2026-7925 | target=api.production.cloudvuln.io
2026-07-31T19:51:14 | INFO     | CloudVulnEngine | [638b7d24] POST /api/scans | status=201 | ip=127.0.0.1 | 8.83ms
2026-07-31T19:55:23 | INFO     | CloudVulnEngine | [137a0e2a] GET /api/owasp/assessments | status=200 | ip=127.0.0.1 | 1.87ms
2026-07-31T19:55:23 | INFO     | CloudVulnEngine | [7118883a] GET /api/owasp/assessments | status=200 | ip=127.0.0.1 | 1.45ms
2026-07-31T19:56:43 | INFO     | CloudVulnEngine | [146e21e0] GET /api/owasp/assessments | status=200 | ip=127.0.0.1 | 10.22ms
2026-07-31T19:56:43 | INFO     | CloudVulnEngine | [72227316] GET /api/owasp/assessments | status=200 | ip=127.0.0.1 | 9.61ms
2026-07-31T19:56:45 | INFO     | CloudVulnEngine | [b0a71c20] GET /api/owasp/assessments | status=200 | ip=127.0.0.1 | 4.35ms
2026-07-31T19:56:45 | INFO     | CloudVulnEngine | [2633ab82] GET /api/owasp/assessments | status=200 | ip=127.0.0.1 | 4.74ms
2026-07-31T19:56:48 | INFO     | CloudVulnEngine | [1b1b2bb4] POST /api/analysis/target | status=200 | ip=127.0.0.1 | 5635.52ms
2026-07-31T19:56:49 | INFO     | CloudVulnEngine | [eb175d9d] POST /api/analysis/target | status=200 | ip=127.0.0.1 | 6369.4ms
2026-07-31T20:00:54 | INFO     | CloudVulnEngine | [c4c49ff2] GET /api/owasp/assessments | status=200 | ip=127.0.0.1 | 6.44ms
2026-07-31T20:00:54 | INFO     | CloudVulnEngine | [d3f480bf] GET /api/owasp/assessments | status=200 | ip=127.0.0.1 | 7.91ms
2026-07-31T20:00:59 | INFO     | CloudVulnEngine | [4f85a6ed] POST /api/analysis/target | status=200 | ip=127.0.0.1 | 6603.03ms
2026-07-31T20:00:59 | INFO     | CloudVulnEngine | Scan created: SCAN-2026-2641 | target=api.production.cloudvuln.io
2026-07-31T20:00:59 | INFO     | CloudVulnEngine | [841bf701] POST /api/scans | status=201 | ip=127.0.0.1 | 19.26ms
2026-07-31T20:01:00 | INFO     | CloudVulnEngine | [53e08b33] POST /api/analysis/target | status=200 | ip=127.0.0.1 | 7129.03ms
2026-07-31T20:01:00 | INFO     | CloudVulnEngine | Scan created: SCAN-2026-6095 | target=api.production.cloudvuln.io
2026-07-31T20:01:00 | INFO     | CloudVulnEngine | [0dd0839e] POST /api/scans | status=201 | ip=127.0.0.1 | 2.5ms
2026-07-31T20:05:53 | INFO     | CloudVulnEngine | [4916ad49] GET /api/owasp/assessments | status=200 | ip=127.0.0.1 | 1.98ms
2026-07-31T20:05:53 | INFO     | CloudVulnEngine | [c024c99c] GET /api/owasp/assessments | status=200 | ip=127.0.0.1 | 1.52ms
2026-07-31T20:07:29 | INFO     | CloudVulnEngine | [0350fd44] GET /api/dashboard/summary | status=200 | ip=127.0.0.1 | 17.74ms
2026-07-31T20:07:29 | INFO     | CloudVulnEngine | [0a2653cb] GET /api/dashboard/risk-statistics | status=200 | ip=127.0.0.1 | 23.73ms
2026-07-31T20:07:29 | INFO     | CloudVulnEngine | [e028e476] GET /api/owasp/dashboard | status=200 | ip=127.0.0.1 | 20.98ms
2026-07-31T20:07:29 | INFO     | CloudVulnEngine | [d73734cd] GET /api/dashboard/recent-scans | status=200 | ip=127.0.0.1 | 38.39ms
2026-07-31T20:07:29 | INFO     | CloudVulnEngine | [b5036b7b] GET /api/dashboard/activity | status=200 | ip=127.0.0.1 | 36.36ms
2026-07-31T20:07:29 | INFO     | CloudVulnEngine | [3e2f870b] GET /api/dashboard/summary | status=200 | ip=127.0.0.1 | 40.52ms
2026-07-31T20:07:29 | INFO     | CloudVulnEngine | [7ce7dd5e] GET /api/owasp/dashboard | status=200 | ip=127.0.0.1 | 35.19ms
2026-07-31T20:07:29 | INFO     | CloudVulnEngine | [76afdbe4] GET /api/dashboard/risk-statistics | status=200 | ip=127.0.0.1 | 55.46ms
2026-07-31T20:07:29 | INFO     | CloudVulnEngine | [ae2206f1] GET /api/dashboard/activity | status=200 | ip=127.0.0.1 | 39.15ms
2026-07-31T20:07:29 | INFO     | CloudVulnEngine | [75861b13] GET /api/dashboard/recent-scans | status=200 | ip=127.0.0.1 | 49.6ms
2026-07-31T20:07:30 | INFO     | CloudVulnEngine | [b7757db7] GET /api/cve/search | status=200 | ip=127.0.0.1 | 1512.24ms
2026-07-31T20:07:32 | INFO     | CloudVulnEngine | [8177f1ce] GET /api/cve/search | status=200 | ip=127.0.0.1 | 1745.11ms
2026-07-31T20:07:40 | INFO     | CloudVulnEngine | [313c9b2d] GET /api/dashboard/summary | status=200 | ip=127.0.0.1 | 14.9ms
2026-07-31T20:07:40 | INFO     | CloudVulnEngine | [735806a4] GET /api/owasp/dashboard | status=200 | ip=127.0.0.1 | 14.91ms
2026-07-31T20:07:40 | INFO     | CloudVulnEngine | [07d1523c] GET /api/dashboard/risk-statistics | status=200 | ip=127.0.0.1 | 17.69ms
2026-07-31T20:07:40 | INFO     | CloudVulnEngine | [51c217ac] GET /api/dashboard/activity | status=200 | ip=127.0.0.1 | 23.01ms
2026-07-31T20:07:40 | INFO     | CloudVulnEngine | [0d007e84] GET /api/dashboard/recent-scans | status=200 | ip=127.0.0.1 | 27.14ms
2026-07-31T20:07:40 | INFO     | CloudVulnEngine | [f1fea6c0] GET /api/dashboard/summary | status=200 | ip=127.0.0.1 | 29.09ms
2026-07-31T20:07:40 | INFO     | CloudVulnEngine | [bdd63d74] GET /api/owasp/dashboard | status=200 | ip=127.0.0.1 | 32.52ms
2026-07-31T20:07:40 | INFO     | CloudVulnEngine | [428a2ec6] GET /api/dashboard/risk-statistics | status=200 | ip=127.0.0.1 | 34.72ms
2026-07-31T20:07:40 | INFO     | CloudVulnEngine | [52c3aed1] GET /api/dashboard/activity | status=200 | ip=127.0.0.1 | 29.01ms
2026-07-31T20:07:40 | INFO     | CloudVulnEngine | [b55f3f3f] GET /api/dashboard/recent-scans | status=200 | ip=127.0.0.1 | 30.92ms
2026-07-31T20:07:42 | INFO     | CloudVulnEngine | [406296ae] GET /api/dashboard/risk-statistics | status=200 | ip=127.0.0.1 | 24.28ms
2026-07-31T20:07:42 | INFO     | CloudVulnEngine | [d504ec43] GET /api/owasp/dashboard | status=200 | ip=127.0.0.1 | 29.92ms
2026-07-31T20:07:42 | INFO     | CloudVulnEngine | [f678705d] GET /api/dashboard/activity | status=200 | ip=127.0.0.1 | 40.34ms
2026-07-31T20:07:42 | INFO     | CloudVulnEngine | [d14c011e] GET /api/dashboard/summary | status=200 | ip=127.0.0.1 | 44.67ms
2026-07-31T20:07:42 | INFO     | CloudVulnEngine | [adf2755b] GET /api/dashboard/recent-scans | status=200 | ip=127.0.0.1 | 44.95ms
2026-07-31T20:07:42 | INFO     | CloudVulnEngine | [36192307] GET /api/owasp/dashboard | status=200 | ip=127.0.0.1 | 24.01ms
2026-07-31T20:07:42 | INFO     | CloudVulnEngine | [e8fc2452] GET /api/dashboard/risk-statistics | status=200 | ip=127.0.0.1 | 28.71ms
2026-07-31T20:07:42 | INFO     | CloudVulnEngine | [166661c1] GET /api/dashboard/activity | status=200 | ip=127.0.0.1 | 34.3ms
2026-07-31T20:07:42 | INFO     | CloudVulnEngine | [d04db546] GET /api/dashboard/recent-scans | status=200 | ip=127.0.0.1 | 51.87ms
2026-07-31T20:07:42 | INFO     | CloudVulnEngine | [ed3fdb17] GET /api/dashboard/summary | status=200 | ip=127.0.0.1 | 61.09ms
2026-07-31T20:07:44 | INFO     | CloudVulnEngine | [176f895b] GET /api/cve/search | status=200 | ip=127.0.0.1 | 3766.61ms
2026-07-31T20:07:44 | INFO     | CloudVulnEngine | [3001f7be] GET /api/cve/search | status=200 | ip=127.0.0.1 | 2296.37ms
2026-07-31T20:07:46 | INFO     | CloudVulnEngine | [03ffd7e6] GET /api/cve/search | status=200 | ip=127.0.0.1 | 1637.92ms
2026-07-31T20:07:46 | INFO     | CloudVulnEngine | [abcf37d9] GET /api/scans | status=200 | ip=127.0.0.1 | 7.68ms
2026-07-31T20:07:46 | INFO     | CloudVulnEngine | [d7f3d313] GET /api/scans | status=200 | ip=127.0.0.1 | 5.85ms
2026-07-31T20:07:47 | INFO     | CloudVulnEngine | [90d73c4d] GET /api/reports/DEFAULT-001 | status=200 | ip=127.0.0.1 | 4.18ms
2026-07-31T20:07:47 | INFO     | CloudVulnEngine | [1501776e] GET /api/reports/DEFAULT-001 | status=200 | ip=127.0.0.1 | 4.23ms
2026-07-31T20:07:51 | INFO     | CloudVulnEngine | [398525d2] POST /api/analysis/target | status=200 | ip=127.0.0.1 | 8734.03ms
2026-07-31T20:07:51 | INFO     | CloudVulnEngine | Scan created: SCAN-2026-1894 | target=api.production.cloudvuln.io
2026-07-31T20:07:51 | INFO     | CloudVulnEngine | [f1c72562] POST /api/scans | status=201 | ip=127.0.0.1 | 12.13ms
2026-07-31T20:07:54 | INFO     | CloudVulnEngine | [ed2874cf] POST /api/analysis/target | status=200 | ip=127.0.0.1 | 11494.08ms
2026-07-31T20:07:54 | INFO     | CloudVulnEngine | Scan created: SCAN-2026-5154 | target=api.production.cloudvuln.io
2026-07-31T20:07:54 | INFO     | CloudVulnEngine | [b0593719] POST /api/scans | status=201 | ip=127.0.0.1 | 13.32ms
2026-07-31T20:07:57 | INFO     | CloudVulnEngine | [e49b4dec] POST /api/analysis/target | status=200 | ip=127.0.0.1 | 4780.37ms
2026-07-31T20:07:57 | INFO     | CloudVulnEngine | Scan created: SCAN-2026-5449 | target=api.production.cloudvuln.io
2026-07-31T20:07:57 | INFO     | CloudVulnEngine | [a05512a7] POST /api/scans | status=201 | ip=127.0.0.1 | 7.27ms
2026-07-31T20:07:58 | INFO     | CloudVulnEngine | [6c9f253c] POST /api/analysis/target | status=200 | ip=127.0.0.1 | 5586.97ms
2026-07-31T20:07:58 | INFO     | CloudVulnEngine | Scan created: SCAN-2026-6608 | target=api.production.cloudvuln.io
2026-07-31T20:07:58 | INFO     | CloudVulnEngine | [a70a9927] POST /api/scans | status=201 | ip=127.0.0.1 | 14.24ms
2026-07-31T20:08:06 | INFO     | CloudVulnEngine | [9b9c76d2] GET /api/dashboard/summary | status=200 | ip=127.0.0.1 | 11.08ms
2026-07-31T20:08:06 | INFO     | CloudVulnEngine | [4b3dac9d] GET /api/dashboard/risk-statistics | status=200 | ip=127.0.0.1 | 17.9ms
2026-07-31T20:08:06 | INFO     | CloudVulnEngine | [b2020a0c] GET /api/owasp/dashboard | status=200 | ip=127.0.0.1 | 17.43ms
2026-07-31T20:08:06 | INFO     | CloudVulnEngine | [4ad3df10] GET /api/dashboard/activity | status=200 | ip=127.0.0.1 | 20.38ms
2026-07-31T20:08:06 | INFO     | CloudVulnEngine | [3399a83f] GET /api/dashboard/recent-scans | status=200 | ip=127.0.0.1 | 26.42ms
2026-07-31T20:08:06 | INFO     | CloudVulnEngine | [977c1129] GET /api/dashboard/summary | status=200 | ip=127.0.0.1 | 20.25ms
2026-07-31T20:08:06 | INFO     | CloudVulnEngine | [c46f49f4] GET /api/dashboard/risk-statistics | status=200 | ip=127.0.0.1 | 19.01ms
2026-07-31T20:08:06 | INFO     | CloudVulnEngine | [8ef88cd9] GET /api/owasp/dashboard | status=200 | ip=127.0.0.1 | 24.28ms
2026-07-31T20:08:06 | INFO     | CloudVulnEngine | [1accea9d] GET /api/dashboard/activity | status=200 | ip=127.0.0.1 | 25.25ms
2026-07-31T20:08:06 | INFO     | CloudVulnEngine | [e8d71e14] GET /api/dashboard/recent-scans | status=200 | ip=127.0.0.1 | 21.5ms
2026-07-31T20:08:07 | INFO     | CloudVulnEngine | [10c73bfb] GET /api/cve/search | status=200 | ip=127.0.0.1 | 1324.85ms
2026-07-31T20:08:08 | INFO     | CloudVulnEngine | [ffb89590] GET /api/cve/search | status=200 | ip=127.0.0.1 | 1153.17ms
2026-07-31T20:08:23 | INFO     | CloudVulnEngine | [4656cf49] GET /api/dashboard/summary | status=200 | ip=127.0.0.1 | 10.22ms
2026-07-31T20:08:23 | INFO     | CloudVulnEngine | [fb96fc08] GET /api/dashboard/risk-statistics | status=200 | ip=127.0.0.1 | 11.81ms
2026-07-31T20:08:23 | INFO     | CloudVulnEngine | [eb351aea] GET /api/owasp/dashboard | status=200 | ip=127.0.0.1 | 9.47ms
2026-07-31T20:08:23 | INFO     | CloudVulnEngine | [ee7f3f68] GET /api/dashboard/recent-scans | status=200 | ip=127.0.0.1 | 14.19ms
2026-07-31T20:08:23 | INFO     | CloudVulnEngine | [257ac005] GET /api/dashboard/activity | status=200 | ip=127.0.0.1 | 15.94ms
2026-07-31T20:08:23 | INFO     | CloudVulnEngine | [666ef9e3] GET /api/dashboard/summary | status=200 | ip=127.0.0.1 | 13.46ms
2026-07-31T20:08:23 | INFO     | CloudVulnEngine | [0a3964f3] GET /api/dashboard/risk-statistics | status=200 | ip=127.0.0.1 | 13.16ms
2026-07-31T20:08:23 | INFO     | CloudVulnEngine | [faf508c8] GET /api/owasp/dashboard | status=200 | ip=127.0.0.1 | 9.6ms
2026-07-31T20:08:23 | INFO     | CloudVulnEngine | [5bb35a23] GET /api/dashboard/recent-scans | status=200 | ip=127.0.0.1 | 11.7ms
2026-07-31T20:08:23 | INFO     | CloudVulnEngine | [74978cca] GET /api/dashboard/activity | status=200 | ip=127.0.0.1 | 11.23ms
2026-07-31T20:08:24 | INFO     | CloudVulnEngine | [b617b548] GET /api/cve/search | status=200 | ip=127.0.0.1 | 1177.41ms
2026-07-31T20:08:25 | INFO     | CloudVulnEngine | [b12d4a96] GET /api/cve/search | status=200 | ip=127.0.0.1 | 1247.44ms
2026-07-31T20:08:55 | INFO     | CloudVulnEngine | [fbe422b7] GET /api/dashboard/risk-statistics | status=200 | ip=127.0.0.1 | 9.91ms
2026-07-31T20:08:55 | INFO     | CloudVulnEngine | [1380f6fc] GET /api/dashboard/summary | status=200 | ip=127.0.0.1 | 11.81ms
2026-07-31T20:08:55 | INFO     | CloudVulnEngine | [00de2745] GET /api/owasp/dashboard | status=200 | ip=127.0.0.1 | 6.86ms
2026-07-31T20:08:55 | INFO     | CloudVulnEngine | [82273985] GET /api/dashboard/activity | status=200 | ip=127.0.0.1 | 13.64ms
2026-07-31T20:08:55 | INFO     | CloudVulnEngine | [ad8f466a] GET /api/dashboard/recent-scans | status=200 | ip=127.0.0.1 | 16.71ms
2026-07-31T20:08:55 | INFO     | CloudVulnEngine | [09e9effe] GET /api/dashboard/summary | status=200 | ip=127.0.0.1 | 10.82ms
2026-07-31T20:08:55 | INFO     | CloudVulnEngine | [baa9704c] GET /api/dashboard/risk-statistics | status=200 | ip=127.0.0.1 | 12.46ms
2026-07-31T20:08:55 | INFO     | CloudVulnEngine | [7d0393ee] GET /api/owasp/dashboard | status=200 | ip=127.0.0.1 | 15.01ms
2026-07-31T20:08:55 | INFO     | CloudVulnEngine | [6348166f] GET /api/dashboard/activity | status=200 | ip=127.0.0.1 | 13.4ms
2026-07-31T20:08:55 | INFO     | CloudVulnEngine | [40ce206e] GET /api/dashboard/recent-scans | status=200 | ip=127.0.0.1 | 14.38ms
2026-07-31T20:08:56 | INFO     | CloudVulnEngine | [d2a59369] GET /api/cve/search | status=200 | ip=127.0.0.1 | 1043.27ms
2026-07-31T20:08:57 | INFO     | CloudVulnEngine | [7632601b] GET /api/cve/search | status=200 | ip=127.0.0.1 | 1178.7ms
2026-07-31T20:11:41 | INFO     | CloudVulnEngine | [1f9a790b] GET /api/dashboard/summary | status=200 | ip=127.0.0.1 | 10.41ms
2026-07-31T20:11:41 | INFO     | CloudVulnEngine | [ad24176d] GET /api/dashboard/risk-statistics | status=200 | ip=127.0.0.1 | 16.81ms
2026-07-31T20:11:41 | INFO     | CloudVulnEngine | [896e18b7] GET /api/dashboard/recent-scans | status=200 | ip=127.0.0.1 | 18.98ms
2026-07-31T20:11:41 | INFO     | CloudVulnEngine | [7e26261f] GET /api/dashboard/activity | status=200 | ip=127.0.0.1 | 20.22ms
2026-07-31T20:11:41 | INFO     | CloudVulnEngine | [755b5749] GET /api/dashboard/summary | status=200 | ip=127.0.0.1 | 15.47ms
2026-07-31T20:11:41 | INFO     | CloudVulnEngine | [5bf9ff2a] GET /api/dashboard/risk-statistics | status=200 | ip=127.0.0.1 | 8.89ms
2026-07-31T20:11:41 | INFO     | CloudVulnEngine | [b887ca4d] GET /api/dashboard/recent-scans | status=200 | ip=127.0.0.1 | 8.24ms
2026-07-31T20:11:41 | INFO     | CloudVulnEngine | [6f64b34b] GET /api/dashboard/activity | status=200 | ip=127.0.0.1 | 7.76ms
2026-07-31T20:11:42 | INFO     | CloudVulnEngine | [f09f821d] GET /api/cve/search | status=200 | ip=127.0.0.1 | 1140.19ms
2026-07-31T20:11:43 | INFO     | CloudVulnEngine | [acaeab82] GET /api/cve/search | status=200 | ip=127.0.0.1 | 1176.28ms
2026-07-31T20:11:52 | INFO     | CloudVulnEngine | [42892dc5] GET /api/scans | status=200 | ip=127.0.0.1 | 5.75ms
2026-07-31T20:11:52 | INFO     | CloudVulnEngine | [03740d00] GET /api/scans | status=200 | ip=127.0.0.1 | 6.26ms
2026-07-31T20:11:54 | INFO     | CloudVulnEngine | [97cdca8f] GET /api/scans | status=200 | ip=127.0.0.1 | 8.01ms
2026-07-31T20:11:54 | INFO     | CloudVulnEngine | [609f7219] GET /api/scans | status=200 | ip=127.0.0.1 | 12.03ms
2026-07-31T20:11:56 | INFO     | CloudVulnEngine | [a0cf0c96] GET /api/dashboard/recent-scans | status=200 | ip=127.0.0.1 | 14.25ms
2026-07-31T20:11:56 | INFO     | CloudVulnEngine | [ea111a9b] GET /api/dashboard/activity | status=200 | ip=127.0.0.1 | 15.28ms
2026-07-31T20:11:56 | INFO     | CloudVulnEngine | [51da868f] GET /api/dashboard/activity | status=200 | ip=127.0.0.1 | 10.69ms
2026-07-31T20:11:56 | INFO     | CloudVulnEngine | [3dc4966e] GET /api/dashboard/recent-scans | status=200 | ip=127.0.0.1 | 18.79ms
2026-07-31T20:11:58 | INFO     | CloudVulnEngine | [be644876] POST /api/analysis/target | status=200 | ip=127.0.0.1 | 4822.66ms
2026-07-31T20:11:58 | INFO     | CloudVulnEngine | Scan created: SCAN-2026-4166 | target=api.production.cloudvuln.io
2026-07-31T20:11:58 | INFO     | CloudVulnEngine | [4a6b273a] POST /api/scans | status=201 | ip=127.0.0.1 | 4.96ms
2026-07-31T20:11:59 | INFO     | CloudVulnEngine | [5a1387ba] POST /api/analysis/target | status=200 | ip=127.0.0.1 | 6367.86ms
2026-07-31T20:11:59 | INFO     | CloudVulnEngine | Scan created: SCAN-2026-3261 | target=api.production.cloudvuln.io
2026-07-31T20:11:59 | INFO     | CloudVulnEngine | [57c61fde] POST /api/scans | status=201 | ip=127.0.0.1 | 2.31ms
2026-07-31T20:12:01 | INFO     | CloudVulnEngine | [9241a06a] POST /api/analysis/target | status=200 | ip=127.0.0.1 | 5794.32ms
2026-07-31T20:12:01 | INFO     | CloudVulnEngine | Scan created: SCAN-2026-7817 | target=api.production.cloudvuln.io
2026-07-31T20:12:01 | INFO     | CloudVulnEngine | [dc95b520] POST /api/scans | status=201 | ip=127.0.0.1 | 2.34ms
2026-07-31T20:12:02 | INFO     | CloudVulnEngine | [200dcf4a] POST /api/analysis/target | status=200 | ip=127.0.0.1 | 6957.21ms
2026-07-31T20:12:02 | INFO     | CloudVulnEngine | Scan created: SCAN-2026-3859 | target=api.production.cloudvuln.io
2026-07-31T20:12:02 | INFO     | CloudVulnEngine | [a603aa71] POST /api/scans | status=201 | ip=127.0.0.1 | 3.39ms
2026-07-31T20:12:11 | INFO     | CloudVulnEngine | [8a99e2fb] GET /api/dashboard/summary | status=200 | ip=127.0.0.1 | 7.79ms
2026-07-31T20:12:11 | INFO     | CloudVulnEngine | [196fcdc0] GET /api/dashboard/risk-statistics | status=200 | ip=127.0.0.1 | 8.86ms
2026-07-31T20:12:11 | INFO     | CloudVulnEngine | [3c8e8dc5] GET /api/dashboard/recent-scans | status=200 | ip=127.0.0.1 | 12.49ms
2026-07-31T20:12:11 | INFO     | CloudVulnEngine | [5f233fb1] GET /api/dashboard/activity | status=200 | ip=127.0.0.1 | 11.41ms
2026-07-31T20:12:11 | INFO     | CloudVulnEngine | [93fc44dc] GET /api/dashboard/summary | status=200 | ip=127.0.0.1 | 11.68ms
2026-07-31T20:12:11 | INFO     | CloudVulnEngine | [1b5b0dea] GET /api/dashboard/risk-statistics | status=200 | ip=127.0.0.1 | 9.33ms
2026-07-31T20:12:11 | INFO     | CloudVulnEngine | [3303fc1c] GET /api/dashboard/recent-scans | status=200 | ip=127.0.0.1 | 6.97ms
2026-07-31T20:12:11 | INFO     | CloudVulnEngine | [2b867249] GET /api/dashboard/activity | status=200 | ip=127.0.0.1 | 9.19ms
2026-07-31T20:12:12 | INFO     | CloudVulnEngine | [856af70c] GET /api/cve/search | status=200 | ip=127.0.0.1 | 1085.9ms
2026-07-31T20:12:13 | INFO     | CloudVulnEngine | [e03f5493] GET /api/cve/search | status=200 | ip=127.0.0.1 | 1057.4ms
2026-07-31T20:12:21 | INFO     | CloudVulnEngine | [4a3bb005] GET /api/dashboard/risk-statistics | status=200 | ip=127.0.0.1 | 9.57ms
2026-07-31T20:12:21 | INFO     | CloudVulnEngine | [e4925c69] GET /api/dashboard/summary | status=200 | ip=127.0.0.1 | 11.84ms
2026-07-31T20:12:21 | INFO     | CloudVulnEngine | [a242cd71] GET /api/dashboard/activity | status=200 | ip=127.0.0.1 | 13.08ms
2026-07-31T20:12:21 | INFO     | CloudVulnEngine | [eadc9680] GET /api/dashboard/recent-scans | status=200 | ip=127.0.0.1 | 15.64ms
2026-07-31T20:12:21 | INFO     | CloudVulnEngine | [a4745ad5] GET /api/dashboard/summary | status=200 | ip=127.0.0.1 | 15.59ms
2026-07-31T20:12:21 | INFO     | CloudVulnEngine | [459444e4] GET /api/dashboard/risk-statistics | status=200 | ip=127.0.0.1 | 18.12ms
2026-07-31T20:12:21 | INFO     | CloudVulnEngine | [95ddab89] GET /api/dashboard/recent-scans | status=200 | ip=127.0.0.1 | 14.28ms
2026-07-31T20:12:21 | INFO     | CloudVulnEngine | [2f34fb70] GET /api/dashboard/activity | status=200 | ip=127.0.0.1 | 26.29ms
2026-07-31T20:12:22 | INFO     | CloudVulnEngine | [6381d745] GET /api/cve/search | status=200 | ip=127.0.0.1 | 1007.27ms
2026-07-31T20:12:23 | INFO     | CloudVulnEngine | [a1028ccd] GET /api/cve/search | status=200 | ip=127.0.0.1 | 1346.13ms
2026-07-31T20:12:39 | INFO     | CloudVulnEngine | [1c824da8] GET /api/dashboard/activity | status=200 | ip=127.0.0.1 | 14.55ms
2026-07-31T20:12:39 | INFO     | CloudVulnEngine | [43802c18] GET /api/dashboard/summary | status=200 | ip=127.0.0.1 | 18.83ms
2026-07-31T20:12:39 | INFO     | CloudVulnEngine | [0d5c6ff7] GET /api/dashboard/risk-statistics | status=200 | ip=127.0.0.1 | 18.77ms
2026-07-31T20:12:39 | INFO     | CloudVulnEngine | [e2c442eb] GET /api/dashboard/recent-scans | status=200 | ip=127.0.0.1 | 21.43ms
2026-07-31T20:12:39 | INFO     | CloudVulnEngine | [67b44a60] GET /api/dashboard/activity | status=200 | ip=127.0.0.1 | 15.83ms
2026-07-31T20:12:39 | INFO     | CloudVulnEngine | [fe9c8f9c] GET /api/dashboard/summary | status=200 | ip=127.0.0.1 | 18.64ms
2026-07-31T20:12:39 | INFO     | CloudVulnEngine | [5bb9e5dd] GET /api/dashboard/risk-statistics | status=200 | ip=127.0.0.1 | 18.1ms
2026-07-31T20:12:39 | INFO     | CloudVulnEngine | [c92a1ae4] GET /api/dashboard/recent-scans | status=200 | ip=127.0.0.1 | 20.49ms
2026-07-31T20:12:41 | INFO     | CloudVulnEngine | [c5ee20e3] GET /api/cve/search | status=200 | ip=127.0.0.1 | 2489.69ms
2026-07-31T20:12:41 | INFO     | CloudVulnEngine | [02430278] GET /api/dashboard/risk-statistics | status=200 | ip=127.0.0.1 | 24.5ms
2026-07-31T20:12:41 | INFO     | CloudVulnEngine | [705c2215] GET /api/dashboard/summary | status=200 | ip=127.0.0.1 | 27.64ms
2026-07-31T20:12:41 | INFO     | CloudVulnEngine | [06967d63] GET /api/dashboard/activity | status=200 | ip=127.0.0.1 | 27.47ms
2026-07-31T20:12:41 | INFO     | CloudVulnEngine | [7d8978a8] GET /api/dashboard/recent-scans | status=200 | ip=127.0.0.1 | 30.42ms
2026-07-31T20:12:41 | INFO     | CloudVulnEngine | [b058630d] GET /api/dashboard/risk-statistics | status=200 | ip=127.0.0.1 | 8.65ms
2026-07-31T20:12:41 | INFO     | CloudVulnEngine | [ec10b09d] GET /api/dashboard/summary | status=200 | ip=127.0.0.1 | 18.96ms
2026-07-31T20:12:41 | INFO     | CloudVulnEngine | [776e136f] GET /api/dashboard/activity | status=200 | ip=127.0.0.1 | 20.63ms
2026-07-31T20:12:41 | INFO     | CloudVulnEngine | [1aa85244] GET /api/dashboard/recent-scans | status=200 | ip=127.0.0.1 | 17.32ms
2026-07-31T20:12:42 | INFO     | CloudVulnEngine | [00f774d6] GET /api/cve/search | status=200 | ip=127.0.0.1 | 992.89ms
2026-07-31T20:12:46 | INFO     | CloudVulnEngine | [0eec6d10] GET /api/cve/search | status=200 | ip=127.0.0.1 | 3613.05ms
2026-07-31T20:13:18 | INFO     | CloudVulnEngine | [61e55319] GET /api/dashboard/summary | status=200 | ip=127.0.0.1 | 11.78ms
2026-07-31T20:13:18 | INFO     | CloudVulnEngine | [ed22bbd9] GET /api/dashboard/risk-statistics | status=200 | ip=127.0.0.1 | 15.82ms
2026-07-31T20:13:18 | INFO     | CloudVulnEngine | [949bb783] GET /api/dashboard/recent-scans | status=200 | ip=127.0.0.1 | 17.04ms
2026-07-31T20:13:18 | INFO     | CloudVulnEngine | [b8cf04c8] GET /api/dashboard/activity | status=200 | ip=127.0.0.1 | 15.04ms
2026-07-31T20:13:18 | INFO     | CloudVulnEngine | [1f8d87f4] GET /api/dashboard/summary | status=200 | ip=127.0.0.1 | 12.19ms
2026-07-31T20:13:18 | INFO     | CloudVulnEngine | [6c205c8c] GET /api/dashboard/risk-statistics | status=200 | ip=127.0.0.1 | 11.87ms
2026-07-31T20:13:18 | INFO     | CloudVulnEngine | [31fc5180] GET /api/dashboard/recent-scans | status=200 | ip=127.0.0.1 | 10.38ms
2026-07-31T20:13:18 | INFO     | CloudVulnEngine | [3626476f] GET /api/dashboard/activity | status=200 | ip=127.0.0.1 | 9.64ms
2026-07-31T20:13:19 | INFO     | CloudVulnEngine | [7dd63941] GET /api/cve/search | status=200 | ip=127.0.0.1 | 1128.83ms
2026-07-31T20:13:20 | INFO     | CloudVulnEngine | [f303da4f] GET /api/cve/search | status=200 | ip=127.0.0.1 | 1029.42ms
2026-07-31T20:13:21 | INFO     | CloudVulnEngine | [61b33d88] GET /api/dashboard/risk-statistics | status=200 | ip=127.0.0.1 | 9.02ms
2026-07-31T20:13:21 | INFO     | CloudVulnEngine | [c033671f] GET /api/dashboard/summary | status=200 | ip=127.0.0.1 | 12.25ms
2026-07-31T20:13:21 | INFO     | CloudVulnEngine | [89c23e30] GET /api/dashboard/recent-scans | status=200 | ip=127.0.0.1 | 13.36ms
2026-07-31T20:13:21 | INFO     | CloudVulnEngine | [b2e7901a] GET /api/dashboard/activity | status=200 | ip=127.0.0.1 | 16.07ms
2026-07-31T20:13:21 | INFO     | CloudVulnEngine | [f59a485e] GET /api/dashboard/risk-statistics | status=200 | ip=127.0.0.1 | 13.06ms
2026-07-31T20:13:21 | INFO     | CloudVulnEngine | [b375415f] GET /api/dashboard/activity | status=200 | ip=127.0.0.1 | 12.45ms
2026-07-31T20:13:21 | INFO     | CloudVulnEngine | [cc02ec36] GET /api/dashboard/summary | status=200 | ip=127.0.0.1 | 17.09ms
2026-07-31T20:13:21 | INFO     | CloudVulnEngine | [b777c3fd] GET /api/dashboard/recent-scans | status=200 | ip=127.0.0.1 | 14.49ms
2026-07-31T20:13:22 | INFO     | CloudVulnEngine | [3d6989c8] GET /api/cve/search | status=200 | ip=127.0.0.1 | 1015.0ms
2026-07-31T20:13:23 | INFO     | CloudVulnEngine | [92854c44] GET /api/cve/search | status=200 | ip=127.0.0.1 | 1177.35ms
2026-07-31T20:13:30 | INFO     | CloudVulnEngine | [924b0f96] GET /api/dashboard/summary | status=200 | ip=127.0.0.1 | 8.17ms
2026-07-31T20:13:30 | INFO     | CloudVulnEngine | [e3f10450] GET /api/dashboard/risk-statistics | status=200 | ip=127.0.0.1 | 10.87ms
2026-07-31T20:13:30 | INFO     | CloudVulnEngine | [ee7ed73a] GET /api/dashboard/recent-scans | status=200 | ip=127.0.0.1 | 13.52ms
2026-07-31T20:13:30 | INFO     | CloudVulnEngine | [4754c23c] GET /api/dashboard/activity | status=200 | ip=127.0.0.1 | 16.74ms
2026-07-31T20:13:30 | INFO     | CloudVulnEngine | [24ed4bf1] GET /api/dashboard/summary | status=200 | ip=127.0.0.1 | 19.15ms
2026-07-31T20:13:30 | INFO     | CloudVulnEngine | [deac80a2] GET /api/dashboard/risk-statistics | status=200 | ip=127.0.0.1 | 21.13ms
2026-07-31T20:13:30 | INFO     | CloudVulnEngine | [25b98795] GET /api/dashboard/activity | status=200 | ip=127.0.0.1 | 16.98ms
2026-07-31T20:13:30 | INFO     | CloudVulnEngine | [96ac0f0d] GET /api/dashboard/recent-scans | status=200 | ip=127.0.0.1 | 19.84ms
2026-07-31T20:13:31 | INFO     | CloudVulnEngine | [3d85390c] GET /api/cve/search | status=200 | ip=127.0.0.1 | 1397.28ms
2026-07-31T20:13:32 | INFO     | CloudVulnEngine | [c12c84c0] GET /api/cve/search | status=200 | ip=127.0.0.1 | 1325.31ms
2026-07-31T20:14:00 | INFO     | CloudVulnEngine | [b738680a] GET /api/dashboard/summary | status=200 | ip=127.0.0.1 | 6.14ms
2026-07-31T20:14:00 | INFO     | CloudVulnEngine | [bc631d06] GET /api/dashboard/recent-scans | status=200 | ip=127.0.0.1 | 9.71ms
2026-07-31T20:14:00 | INFO     | CloudVulnEngine | [d772d793] GET /api/dashboard/risk-statistics | status=200 | ip=127.0.0.1 | 10.7ms
2026-07-31T20:14:00 | INFO     | CloudVulnEngine | [7e8fcff2] GET /api/dashboard/activity | status=200 | ip=127.0.0.1 | 12.34ms
2026-07-31T20:14:00 | INFO     | CloudVulnEngine | [11c3c3e1] GET /api/dashboard/summary | status=200 | ip=127.0.0.1 | 10.65ms
2026-07-31T20:14:00 | INFO     | CloudVulnEngine | [ef295d31] GET /api/dashboard/recent-scans | status=200 | ip=127.0.0.1 | 13.13ms
2026-07-31T20:14:00 | INFO     | CloudVulnEngine | [c7b790aa] GET /api/dashboard/risk-statistics | status=200 | ip=127.0.0.1 | 10.13ms
2026-07-31T20:14:00 | INFO     | CloudVulnEngine | [bdc71f47] GET /api/dashboard/activity | status=200 | ip=127.0.0.1 | 12.85ms
2026-07-31T20:14:31 | INFO     | CloudVulnEngine | [99ada01d] GET /api/dashboard/risk-statistics | status=200 | ip=127.0.0.1 | 12.96ms
2026-07-31T20:14:31 | INFO     | CloudVulnEngine | [8502e366] GET /api/dashboard/summary | status=200 | ip=127.0.0.1 | 15.09ms
2026-07-31T20:14:31 | INFO     | CloudVulnEngine | [7249fb51] GET /api/dashboard/activity | status=200 | ip=127.0.0.1 | 14.75ms
2026-07-31T20:14:31 | INFO     | CloudVulnEngine | [b895b159] GET /api/dashboard/recent-scans | status=200 | ip=127.0.0.1 | 18.62ms
2026-07-31T20:14:31 | INFO     | CloudVulnEngine | [2e78809b] GET /api/dashboard/risk-statistics | status=200 | ip=127.0.0.1 | 16.44ms
2026-07-31T20:14:31 | INFO     | CloudVulnEngine | [eb260a3c] GET /api/dashboard/recent-scans | status=200 | ip=127.0.0.1 | 17.58ms
2026-07-31T20:14:31 | INFO     | CloudVulnEngine | [4ed7ddad] GET /api/dashboard/activity | status=200 | ip=127.0.0.1 | 25.62ms
2026-07-31T20:14:31 | INFO     | CloudVulnEngine | [32d29039] GET /api/dashboard/summary | status=200 | ip=127.0.0.1 | 28.38ms
2026-07-31T20:14:32 | INFO     | CloudVulnEngine | [9a0564dc] GET /api/cve/search | status=200 | ip=127.0.0.1 | 1052.72ms
2026-07-31T20:14:33 | INFO     | CloudVulnEngine | [2444974f] GET /api/cve/search | status=200 | ip=127.0.0.1 | 890.02ms
2026-07-31T20:14:34 | INFO     | CloudVulnEngine | [8ccc0eae] GET /api/dashboard/summary | status=200 | ip=127.0.0.1 | 14.39ms
2026-07-31T20:14:34 | INFO     | CloudVulnEngine | [71e83cd2] GET /api/dashboard/risk-statistics | status=200 | ip=127.0.0.1 | 13.95ms
2026-07-31T20:14:34 | INFO     | CloudVulnEngine | [404c62d2] GET /api/dashboard/activity | status=200 | ip=127.0.0.1 | 14.01ms
2026-07-31T20:14:34 | INFO     | CloudVulnEngine | [f384b94b] GET /api/dashboard/recent-scans | status=200 | ip=127.0.0.1 | 18.5ms
2026-07-31T20:14:34 | INFO     | CloudVulnEngine | [17ec10c9] GET /api/dashboard/summary | status=200 | ip=127.0.0.1 | 19.37ms
2026-07-31T20:14:34 | INFO     | CloudVulnEngine | [78b11d0f] GET /api/dashboard/risk-statistics | status=200 | ip=127.0.0.1 | 18.91ms
2026-07-31T20:14:34 | INFO     | CloudVulnEngine | [eeb62cbc] GET /api/dashboard/recent-scans | status=200 | ip=127.0.0.1 | 15.84ms
2026-07-31T20:14:34 | INFO     | CloudVulnEngine | [e304e63d] GET /api/dashboard/activity | status=200 | ip=127.0.0.1 | 18.81ms
2026-07-31T20:14:35 | INFO     | CloudVulnEngine | [5929cfec] GET /api/cve/search | status=200 | ip=127.0.0.1 | 1446.07ms
2026-07-31T20:14:36 | INFO     | CloudVulnEngine | [6439a3d8] GET /api/cve/search | status=200 | ip=127.0.0.1 | 993.56ms
2026-07-31T20:15:40 | INFO     | CloudVulnEngine | [5d11d4c0] GET /api/dashboard/risk-statistics | status=200 | ip=127.0.0.1 | 10.01ms
2026-07-31T20:15:40 | INFO     | CloudVulnEngine | [8ba12c84] GET /api/dashboard/summary | status=200 | ip=127.0.0.1 | 12.33ms
2026-07-31T20:15:40 | INFO     | CloudVulnEngine | [710cd117] GET /api/dashboard/recent-scans | status=200 | ip=127.0.0.1 | 14.5ms
2026-07-31T20:15:40 | INFO     | CloudVulnEngine | [d970b52f] GET /api/dashboard/activity | status=200 | ip=127.0.0.1 | 15.68ms
2026-07-31T20:15:40 | INFO     | CloudVulnEngine | [effbd36c] GET /api/dashboard/risk-statistics | status=200 | ip=127.0.0.1 | 16.86ms
2026-07-31T20:15:40 | INFO     | CloudVulnEngine | [5eb5ce14] GET /api/dashboard/summary | status=200 | ip=127.0.0.1 | 21.78ms
2026-07-31T20:15:40 | INFO     | CloudVulnEngine | [af74fce5] GET /api/dashboard/activity | status=200 | ip=127.0.0.1 | 15.13ms
2026-07-31T20:15:40 | INFO     | CloudVulnEngine | [20a4ad33] GET /api/dashboard/recent-scans | status=200 | ip=127.0.0.1 | 23.85ms
2026-07-31T20:15:41 | INFO     | CloudVulnEngine | [1466c5f6] GET /api/dashboard/summary | status=200 | ip=127.0.0.1 | 11.95ms
2026-07-31T20:15:41 | INFO     | CloudVulnEngine | [198e5645] GET /api/dashboard/recent-scans | status=200 | ip=127.0.0.1 | 18.08ms
2026-07-31T20:15:41 | INFO     | CloudVulnEngine | [d77ae84a] GET /api/dashboard/activity | status=200 | ip=127.0.0.1 | 19.32ms
2026-07-31T20:15:41 | INFO     | CloudVulnEngine | [1fc7430b] GET /api/dashboard/risk-statistics | status=200 | ip=127.0.0.1 | 21.89ms
2026-07-31T20:15:41 | INFO     | CloudVulnEngine | [e475b096] GET /api/dashboard/summary | status=200 | ip=127.0.0.1 | 18.74ms
2026-07-31T20:15:41 | INFO     | CloudVulnEngine | [ba6f8674] GET /api/dashboard/recent-scans | status=200 | ip=127.0.0.1 | 22.78ms
2026-07-31T20:15:41 | INFO     | CloudVulnEngine | [cfb76064] GET /api/dashboard/risk-statistics | status=200 | ip=127.0.0.1 | 20.23ms
2026-07-31T20:15:41 | INFO     | CloudVulnEngine | [925dce31] GET /api/dashboard/activity | status=200 | ip=127.0.0.1 | 24.18ms
2026-07-31T20:15:42 | INFO     | CloudVulnEngine | [b6e50817] GET /api/cve/search | status=200 | ip=127.0.0.1 | 2095.26ms
2026-07-31T20:15:42 | INFO     | CloudVulnEngine | [d00c4a9c] GET /api/cve/search | status=200 | ip=127.0.0.1 | 1203.71ms
2026-07-31T20:15:44 | INFO     | CloudVulnEngine | [b693fd6d] GET /api/cve/search | status=200 | ip=127.0.0.1 | 1336.13ms
2026-07-31T20:15:54 | INFO     | CloudVulnEngine | [8577f517] GET /api/dashboard/summary | status=200 | ip=127.0.0.1 | 10.25ms
2026-07-31T20:15:54 | INFO     | CloudVulnEngine | [0aa49180] GET /api/dashboard/recent-scans | status=200 | ip=127.0.0.1 | 11.8ms
2026-07-31T20:15:54 | INFO     | CloudVulnEngine | [2ff9ddf5] GET /api/dashboard/risk-statistics | status=200 | ip=127.0.0.1 | 14.82ms
2026-07-31T20:15:54 | INFO     | CloudVulnEngine | [70d2f5bb] GET /api/dashboard/activity | status=200 | ip=127.0.0.1 | 15.32ms
2026-07-31T20:15:55 | INFO     | CloudVulnEngine | [3a33c7fb] GET /api/dashboard/summary | status=200 | ip=127.0.0.1 | 15.9ms
2026-07-31T20:15:55 | INFO     | CloudVulnEngine | [49bbac4f] GET /api/dashboard/activity | status=200 | ip=127.0.0.1 | 12.63ms
2026-07-31T20:15:55 | INFO     | CloudVulnEngine | [63673d3b] GET /api/dashboard/recent-scans | status=200 | ip=127.0.0.1 | 19.21ms
2026-07-31T20:15:55 | INFO     | CloudVulnEngine | [6ccd2540] GET /api/dashboard/risk-statistics | status=200 | ip=127.0.0.1 | 18.02ms
2026-07-31T20:15:56 | INFO     | CloudVulnEngine | [dfd7f141] GET /api/cve/search | status=200 | ip=127.0.0.1 | 1698.63ms
2026-07-31T20:15:57 | INFO     | CloudVulnEngine | [23625aca] GET /api/cve/search | status=200 | ip=127.0.0.1 | 969.37ms
2026-07-31T20:16:38 | INFO     | CloudVulnEngine | [825e7965] GET /api/dashboard/summary | status=200 | ip=127.0.0.1 | 23.16ms
2026-07-31T20:16:38 | INFO     | CloudVulnEngine | [f6f310d9] GET /api/dashboard/risk-statistics | status=200 | ip=127.0.0.1 | 26.8ms
2026-07-31T20:16:38 | INFO     | CloudVulnEngine | [2c2b5e1c] GET /api/dashboard/recent-scans | status=200 | ip=127.0.0.1 | 34.92ms
2026-07-31T20:16:38 | INFO     | CloudVulnEngine | [da7b5049] GET /api/dashboard/activity | status=200 | ip=127.0.0.1 | 38.12ms
2026-07-31T20:16:38 | INFO     | CloudVulnEngine | [8aa54e4f] GET /api/dashboard/summary | status=200 | ip=127.0.0.1 | 33.3ms
2026-07-31T20:16:38 | INFO     | CloudVulnEngine | [cd3248a0] GET /api/dashboard/risk-statistics | status=200 | ip=127.0.0.1 | 36.31ms
2026-07-31T20:16:38 | INFO     | CloudVulnEngine | [2f495fd7] GET /api/dashboard/activity | status=200 | ip=127.0.0.1 | 24.2ms
2026-07-31T20:16:38 | INFO     | CloudVulnEngine | [a48e59aa] GET /api/dashboard/recent-scans | status=200 | ip=127.0.0.1 | 20.32ms
2026-07-31T20:16:39 | INFO     | CloudVulnEngine | [3bb406a0] GET /api/cve/search | status=200 | ip=127.0.0.1 | 1476.36ms
2026-07-31T20:16:40 | INFO     | CloudVulnEngine | [395049ce] GET /api/cve/search | status=200 | ip=127.0.0.1 | 1117.16ms
2026-07-31T20:17:03 | INFO     | CloudVulnEngine | [a056ec29] GET /api/dashboard/summary | status=200 | ip=127.0.0.1 | 13.69ms
2026-07-31T20:17:03 | INFO     | CloudVulnEngine | [e2b62c3d] GET /api/dashboard/recent-scans | status=200 | ip=127.0.0.1 | 14.48ms
2026-07-31T20:17:03 | INFO     | CloudVulnEngine | [c7c3146d] GET /api/dashboard/risk-statistics | status=200 | ip=127.0.0.1 | 16.31ms
2026-07-31T20:17:03 | INFO     | CloudVulnEngine | [9848d682] GET /api/dashboard/activity | status=200 | ip=127.0.0.1 | 16.64ms
2026-07-31T20:17:03 | INFO     | CloudVulnEngine | [d1a68a96] GET /api/dashboard/summary | status=200 | ip=127.0.0.1 | 7.28ms
2026-07-31T20:17:03 | INFO     | CloudVulnEngine | [9c032ca9] GET /api/dashboard/recent-scans | status=200 | ip=127.0.0.1 | 10.49ms
2026-07-31T20:17:03 | INFO     | CloudVulnEngine | [88c150fa] GET /api/dashboard/activity | status=200 | ip=127.0.0.1 | 5.81ms
2026-07-31T20:17:03 | INFO     | CloudVulnEngine | [1cc0d2c2] GET /api/dashboard/risk-statistics | status=200 | ip=127.0.0.1 | 7.24ms
2026-07-31T20:17:04 | INFO     | CloudVulnEngine | [53f04c43] GET /api/cve/search | status=200 | ip=127.0.0.1 | 1268.43ms
2026-07-31T20:17:06 | INFO     | CloudVulnEngine | [4d945925] GET /api/cve/search | status=200 | ip=127.0.0.1 | 1564.19ms
2026-07-31T20:17:06 | INFO     | CloudVulnEngine | [0ab053de] GET /api/dashboard/summary | status=200 | ip=127.0.0.1 | 9.37ms
2026-07-31T20:17:06 | INFO     | CloudVulnEngine | [0ae36725] GET /api/dashboard/risk-statistics | status=200 | ip=127.0.0.1 | 10.65ms
2026-07-31T20:17:06 | INFO     | CloudVulnEngine | [a9cfa179] GET /api/dashboard/recent-scans | status=200 | ip=127.0.0.1 | 14.13ms
2026-07-31T20:17:06 | INFO     | CloudVulnEngine | [9d433c6c] GET /api/dashboard/activity | status=200 | ip=127.0.0.1 | 16.4ms
2026-07-31T20:17:06 | INFO     | CloudVulnEngine | [9f41581a] GET /api/dashboard/risk-statistics | status=200 | ip=127.0.0.1 | 13.42ms
2026-07-31T20:17:06 | INFO     | CloudVulnEngine | [fcab924c] GET /api/dashboard/summary | status=200 | ip=127.0.0.1 | 15.6ms
2026-07-31T20:17:06 | INFO     | CloudVulnEngine | [6057a6ee] GET /api/dashboard/activity | status=200 | ip=127.0.0.1 | 18.57ms
2026-07-31T20:17:06 | INFO     | CloudVulnEngine | [0a60258b] GET /api/dashboard/recent-scans | status=200 | ip=127.0.0.1 | 16.47ms
2026-07-31T20:17:07 | INFO     | CloudVulnEngine | [dffb4c89] GET /api/dashboard/risk-statistics | status=200 | ip=127.0.0.1 | 12.87ms
2026-07-31T20:17:07 | INFO     | CloudVulnEngine | [47551dd7] GET /api/dashboard/summary | status=200 | ip=127.0.0.1 | 16.73ms
2026-07-31T20:17:07 | INFO     | CloudVulnEngine | [a8ff2812] GET /api/dashboard/activity | status=200 | ip=127.0.0.1 | 16.35ms
2026-07-31T20:17:07 | INFO     | CloudVulnEngine | [f5e44215] GET /api/dashboard/recent-scans | status=200 | ip=127.0.0.1 | 19.38ms
2026-07-31T20:17:07 | INFO     | CloudVulnEngine | [02a3847e] GET /api/dashboard/risk-statistics | status=200 | ip=127.0.0.1 | 14.97ms
2026-07-31T20:17:07 | INFO     | CloudVulnEngine | [2ec98ae6] GET /api/dashboard/summary | status=200 | ip=127.0.0.1 | 15.89ms
2026-07-31T20:17:07 | INFO     | CloudVulnEngine | [d3bcfaf3] GET /api/dashboard/activity | status=200 | ip=127.0.0.1 | 20.66ms
2026-07-31T20:17:07 | INFO     | CloudVulnEngine | [1f6a36ca] GET /api/dashboard/recent-scans | status=200 | ip=127.0.0.1 | 19.33ms
2026-07-31T20:17:07 | INFO     | CloudVulnEngine | [9ad0a181] GET /api/cve/search | status=200 | ip=127.0.0.1 | 1314.97ms
2026-07-31T20:17:08 | INFO     | CloudVulnEngine | [75d67536] GET /api/cve/search | status=200 | ip=127.0.0.1 | 1124.99ms
2026-07-31T20:17:08 | INFO     | CloudVulnEngine | [ce47bd04] GET /api/cve/search | status=200 | ip=127.0.0.1 | 1214.64ms
2026-07-31T20:17:09 | INFO     | CloudVulnEngine | [447704d6] GET /api/cve/search | status=200 | ip=127.0.0.1 | 1169.97ms
2026-07-31T20:19:38 | INFO     | CloudVulnEngine | [7d636fa0] GET /api/dashboard/summary | status=200 | ip=127.0.0.1 | 12.67ms
2026-07-31T20:19:38 | INFO     | CloudVulnEngine | [cb8b173b] GET /api/dashboard/risk-statistics | status=200 | ip=127.0.0.1 | 13.2ms
2026-07-31T20:19:38 | INFO     | CloudVulnEngine | [a4e3d50e] GET /api/dashboard/recent-scans | status=200 | ip=127.0.0.1 | 16.16ms
2026-07-31T20:19:38 | INFO     | CloudVulnEngine | [2c991ba0] GET /api/dashboard/activity | status=200 | ip=127.0.0.1 | 17.13ms
2026-07-31T20:19:38 | INFO     | CloudVulnEngine | [f77e6724] GET /api/dashboard/summary | status=200 | ip=127.0.0.1 | 21.42ms
2026-07-31T20:19:38 | INFO     | CloudVulnEngine | [206f7ed8] GET /api/dashboard/risk-statistics | status=200 | ip=127.0.0.1 | 26.98ms
2026-07-31T20:19:38 | INFO     | CloudVulnEngine | [93c9dba8] GET /api/dashboard/recent-scans | status=200 | ip=127.0.0.1 | 29.8ms
2026-07-31T20:19:38 | INFO     | CloudVulnEngine | [17c1dcfb] GET /api/dashboard/activity | status=200 | ip=127.0.0.1 | 29.03ms
2026-07-31T20:19:40 | INFO     | CloudVulnEngine | [62d8d0e6] GET /api/cve/search | status=200 | ip=127.0.0.1 | 2007.58ms
2026-07-31T20:19:43 | INFO     | CloudVulnEngine | [b7fea59b] GET /api/cve/search | status=200 | ip=127.0.0.1 | 2270.47ms
2026-07-31T20:34:48 | INFO     | CloudVulnEngine | [f468bff5] GET /api/dashboard/summary | status=200 | ip=127.0.0.1 | 15.08ms
2026-07-31T20:34:48 | INFO     | CloudVulnEngine | [e3dfc994] GET /api/dashboard/risk-statistics | status=200 | ip=127.0.0.1 | 20.6ms
2026-07-31T20:34:48 | INFO     | CloudVulnEngine | [b6330da2] GET /api/cve/search | status=200 | ip=127.0.0.1 | 19.41ms
2026-07-31T20:34:48 | INFO     | CloudVulnEngine | [343cabaf] GET /api/dashboard/activity | status=200 | ip=127.0.0.1 | 25.01ms
2026-07-31T20:34:48 | INFO     | CloudVulnEngine | [09fc36bb] GET /api/dashboard/recent-scans | status=200 | ip=127.0.0.1 | 28.75ms
2026-07-31T20:34:48 | INFO     | CloudVulnEngine | [dc18f13b] GET /api/dashboard/summary | status=200 | ip=127.0.0.1 | 29.62ms
2026-07-31T20:34:48 | INFO     | CloudVulnEngine | [4203f1d8] GET /api/cve/search | status=200 | ip=127.0.0.1 | 14.08ms
2026-07-31T20:34:48 | INFO     | CloudVulnEngine | [892f240e] GET /api/dashboard/risk-statistics | status=200 | ip=127.0.0.1 | 24.5ms
2026-07-31T20:34:48 | INFO     | CloudVulnEngine | [76f37b2f] GET /api/dashboard/recent-scans | status=200 | ip=127.0.0.1 | 19.05ms
2026-07-31T20:34:48 | INFO     | CloudVulnEngine | [9932b32d] GET /api/dashboard/activity | status=200 | ip=127.0.0.1 | 21.93ms
2026-07-31T20:34:50 | INFO     | CloudVulnEngine | [d0303034] GET /api/dashboard/summary | status=200 | ip=127.0.0.1 | 18.75ms
2026-07-31T20:34:50 | INFO     | CloudVulnEngine | [ff1740a1] GET /api/cve/search | status=200 | ip=127.0.0.1 | 22.04ms
2026-07-31T20:34:50 | INFO     | CloudVulnEngine | [897247d1] GET /api/dashboard/activity | status=200 | ip=127.0.0.1 | 23.86ms
2026-07-31T20:34:50 | INFO     | CloudVulnEngine | [7fd395a3] GET /api/dashboard/risk-statistics | status=200 | ip=127.0.0.1 | 33.19ms
2026-07-31T20:34:50 | INFO     | CloudVulnEngine | [2dfd6b08] GET /api/dashboard/recent-scans | status=200 | ip=127.0.0.1 | 28.02ms
2026-07-31T20:34:50 | INFO     | CloudVulnEngine | [ac5aba4e] GET /api/dashboard/summary | status=200 | ip=127.0.0.1 | 13.31ms
2026-07-31T20:34:50 | INFO     | CloudVulnEngine | [d2233db7] GET /api/cve/search | status=200 | ip=127.0.0.1 | 15.87ms
2026-07-31T20:34:50 | INFO     | CloudVulnEngine | [98543759] GET /api/dashboard/risk-statistics | status=200 | ip=127.0.0.1 | 21.07ms
2026-07-31T20:34:50 | INFO     | CloudVulnEngine | [3da9a3a9] GET /api/dashboard/activity | status=200 | ip=127.0.0.1 | 24.58ms
2026-07-31T20:34:50 | INFO     | CloudVulnEngine | [8ed7397e] GET /api/dashboard/recent-scans | status=200 | ip=127.0.0.1 | 23.23ms
2026-07-31T22:19:43 | INFO     | CloudVulnEngine | [313f0f9f] GET / | status=200 | ip=127.0.0.1 | 7.33ms
2026-07-31T22:20:27 | ERROR    | CloudVulnEngine | Unhandled Internal Server Error on POST /api/auth/register: (sqlite3.OperationalError) no such column: users.last_login
[SQL: SELECT users.id AS users_id, users.email AS users_email, users.full_name AS users_full_name, users.hashed_password AS users_hashed_password, users.role AS users_role, users.is_active AS users_is_active, users.created_at AS users_created_at, users.last_login AS users_last_login 
FROM users 
WHERE users.email = ?
 LIMIT ? OFFSET ?]
[parameters: ('mananthapriyan@gmail.com', 1, 0)]
(Background on this error at: https://sqlalche.me/e/20/e3q8)
Traceback (most recent call last):
  File "C:\Users\Ananthapriyan M\AppData\Local\Programs\Python\Python314\Lib\site-packages\sqlalchemy\engine\base.py", line 1969, in _exec_single_context
    self.dialect.do_execute(
    ~~~~~~~~~~~~~~~~~~~~~~~^
        cursor, str_statement, effective_parameters, context
        ^^^^^^^^^^^^^^^^^^^^^^^^^^^^^^^^^^^^^^^^^^^^^^^^^^^^
    )
    ^
  File "C:\Users\Ananthapriyan M\AppData\Local\Programs\Python\Python314\Lib\site-packages\sqlalchemy\engine\default.py", line 952, in do_execute
    cursor.execute(statement, parameters)
    ~~~~~~~~~~~~~~^^^^^^^^^^^^^^^^^^^^^^^
sqlite3.OperationalError: no such column: users.last_login

The above exception was the direct cause of the following exception:

Traceback (most recent call last):
  File "C:\Users\Ananthapriyan M\AppData\Local\Programs\Python\Python314\Lib\site-packages\starlette\middleware\errors.py", line 164, in __call__
    await self.app(scope, receive, _send)
  File "C:\Users\Ananthapriyan M\AppData\Local\Programs\Python\Python314\Lib\site-packages\starlette\middleware\base.py", line 193, in __call__
    response = await self.dispatch_func(request, call_next)
               ^^^^^^^^^^^^^^^^^^^^^^^^^^^^^^^^^^^^^^^^^^^^
  File "C:\Users\Ananthapriyan M\Downloads\cloudvuln\backend\main.py", line 128, in security_middleware
    response = await call_next(request)
               ^^^^^^^^^^^^^^^^^^^^^^^^
  File "C:\Users\Ananthapriyan M\AppData\Local\Programs\Python\Python314\Lib\site-packages\starlette\middleware\base.py", line 168, in call_next
    raise app_exc from app_exc.__cause__ or app_exc.__context__
  File "C:\Users\Ananthapriyan M\AppData\Local\Programs\Python\Python314\Lib\site-packages\starlette\middleware\base.py", line 144, in coro
    await self.app(scope, receive_or_disconnect, send_no_error)
  File "C:\Users\Ananthapriyan M\AppData\Local\Programs\Python\Python314\Lib\site-packages\starlette\middleware\cors.py", line 96, in __call__
    await self.simple_response(scope, receive, send, request_headers=headers)
  File "C:\Users\Ananthapriyan M\AppData\Local\Programs\Python\Python314\Lib\site-packages\starlette\middleware\cors.py", line 154, in simple_response
    await self.app(scope, receive, send)
  File "C:\Users\Ananthapriyan M\AppData\Local\Programs\Python\Python314\Lib\site-packages\starlette\middleware\exceptions.py", line 63, in __call__
    await wrap_app_handling_exceptions(self.app, conn)(scope, receive, send)
  File "C:\Users\Ananthapriyan M\AppData\Local\Programs\Python\Python314\Lib\site-packages\starlette\_exception_handler.py", line 53, in wrapped_app
    raise exc
  File "C:\Users\Ananthapriyan M\AppData\Local\Programs\Python\Python314\Lib\site-packages\starlette\_exception_handler.py", line 42, in wrapped_app
    await app(scope, receive, sender)
  File "C:\Users\Ananthapriyan M\AppData\Local\Programs\Python\Python314\Lib\site-packages\fastapi\middleware\asyncexitstack.py", line 18, in __call__
    await self.app(scope, receive, send)
  File "C:\Users\Ananthapriyan M\AppData\Local\Programs\Python\Python314\Lib\site-packages\starlette\routing.py", line 660, in __call__
    await self.middleware_stack(scope, receive, send)
  File "C:\Users\Ananthapriyan M\AppData\Local\Programs\Python\Python314\Lib\site-packages\fastapi\routing.py", line 2672, in app
    await route.handle(scope, receive, send)
  File "C:\Users\Ananthapriyan M\AppData\Local\Programs\Python\Python314\Lib\site-packages\fastapi\routing.py", line 1266, in handle
    await super().handle(scope, receive, send)
  File "C:\Users\Ananthapriyan M\AppData\Local\Programs\Python\Python314\Lib\site-packages\starlette\routing.py", line 276, in handle
    await self.app(scope, receive, send)
  File "C:\Users\Ananthapriyan M\AppData\Local\Programs\Python\Python314\Lib\site-packages\fastapi\routing.py", line 150, in app
    await wrap_app_handling_exceptions(app, request)(scope, receive, send)
  File "C:\Users\Ananthapriyan M\AppData\Local\Programs\Python\Python314\Lib\site-packages\starlette\_exception_handler.py", line 53, in wrapped_app
    raise exc
  File "C:\Users\Ananthapriyan M\AppData\Local\Programs\Python\Python314\Lib\site-packages\starlette\_exception_handler.py", line 42, in wrapped_app
    await app(scope, receive, sender)
  File "C:\Users\Ananthapriyan M\AppData\Local\Programs\Python\Python314\Lib\site-packages\fastapi\routing.py", line 136, in app
    response = await f(request)
               ^^^^^^^^^^^^^^^^
  File "C:\Users\Ananthapriyan M\AppData\Local\Programs\Python\Python314\Lib\site-packages\fastapi\routing.py", line 690, in app
    raw_response = await run_endpoint_function(
                   ^^^^^^^^^^^^^^^^^^^^^^^^^^^^
    ...<3 lines>...
    )
    ^
  File "C:\Users\Ananthapriyan M\AppData\Local\Programs\Python\Python314\Lib\site-packages\fastapi\routing.py", line 346, in run_endpoint_function
    return await run_in_threadpool(dependant.call, **values)
           ^^^^^^^^^^^^^^^^^^^^^^^^^^^^^^^^^^^^^^^^^^^^^^^^^
  File "C:\Users\Ananthapriyan M\AppData\Local\Programs\Python\Python314\Lib\site-packages\starlette\concurrency.py", line 34, in run_in_threadpool
    return await anyio.to_thread.run_sync(func)
           ^^^^^^^^^^^^^^^^^^^^^^^^^^^^^^^^^^^^
  File "C:\Users\Ananthapriyan M\AppData\Local\Programs\Python\Python314\Lib\site-packages\anyio\to_thread.py", line 63, in run_sync
    return await get_async_backend().run_sync_in_worker_thread(
           ^^^^^^^^^^^^^^^^^^^^^^^^^^^^^^^^^^^^^^^^^^^^^^^^^^^^
        func, args, abandon_on_cancel=abandon_on_cancel, limiter=limiter
        ^^^^^^^^^^^^^^^^^^^^^^^^^^^^^^^^^^^^^^^^^^^^^^^^^^^^^^^^^^^^^^^^
    )
    ^
  File "C:\Users\Ananthapriyan M\AppData\Local\Programs\Python\Python314\Lib\site-packages\anyio\_backends\_asyncio.py", line 2502, in run_sync_in_worker_thread
    return await future
           ^^^^^^^^^^^^
  File "C:\Users\Ananthapriyan M\AppData\Local\Programs\Python\Python314\Lib\site-packages\anyio\_backends\_asyncio.py", line 986, in run
    result = context.run(func, *args)
  File "C:\Users\Ananthapriyan M\Downloads\cloudvuln\backend\main.py", line 251, in register
    existing = db.query(models.User).filter(models.User.email == user_in.email).first()
  File "C:\Users\Ananthapriyan M\AppData\Local\Programs\Python\Python314\Lib\site-packages\sqlalchemy\orm\query.py", line 2766, in first
    return self.limit(1)._iter().first()  # type: ignore
           ~~~~~~~~~~~~~~~~~~~^^
  File "C:\Users\Ananthapriyan M\AppData\Local\Programs\Python\Python314\Lib\site-packages\sqlalchemy\orm\query.py", line 2864, in _iter
    result: Union[ScalarResult[_T], Result[_T]] = self.session.execute(
                                                  ~~~~~~~~~~~~~~~~~~~~^
        statement,
        ^^^^^^^^^^
        params,
        ^^^^^^^
        execution_options={"_sa_orm_load_options": self.load_options},
        ^^^^^^^^^^^^^^^^^^^^^^^^^^^^^^^^^^^^^^^^^^^^^^^^^^^^^^^^^^^^^^
    )
    ^
  File "C:\Users\Ananthapriyan M\AppData\Local\Programs\Python\Python314\Lib\site-packages\sqlalchemy\orm\session.py", line 2373, in execute
    return self._execute_internal(
           ~~~~~~~~~~~~~~~~~~~~~~^
        statement,
        ^^^^^^^^^^
    ...<4 lines>...
        _add_event=_add_event,
        ^^^^^^^^^^^^^^^^^^^^^^
    )
    ^
  File "C:\Users\Ananthapriyan M\AppData\Local\Programs\Python\Python314\Lib\site-packages\sqlalchemy\orm\session.py", line 2271, in _execute_internal
    result: Result[Any] = compile_state_cls.orm_execute_statement(
                          ~~~~~~~~~~~~~~~~~~~~~~~~~~~~~~~~~~~~~~~^
        self,
        ^^^^^
    ...<4 lines>...
        conn,
        ^^^^^
    )
    ^
  File "C:\Users\Ananthapriyan M\AppData\Local\Programs\Python\Python314\Lib\site-packages\sqlalchemy\orm\context.py", line 306, in orm_execute_statement
    result = conn.execute(
        statement, params or {}, execution_options=execution_options
    )
  File "C:\Users\Ananthapriyan M\AppData\Local\Programs\Python\Python314\Lib\site-packages\sqlalchemy\engine\base.py", line 1421, in execute
    return meth(
        self,
        distilled_parameters,
        execution_options or NO_OPTIONS,
    )
  File "C:\Users\Ananthapriyan M\AppData\Local\Programs\Python\Python314\Lib\site-packages\sqlalchemy\sql\elements.py", line 526, in _execute_on_connection
    return connection._execute_clauseelement(
           ~~~~~~~~~~~~~~~~~~~~~~~~~~~~~~~~~^
        self, distilled_params, execution_options
        ^^^^^^^^^^^^^^^^^^^^^^^^^^^^^^^^^^^^^^^^^
    )
    ^
  File "C:\Users\Ananthapriyan M\AppData\Local\Programs\Python\Python314\Lib\site-packages\sqlalchemy\engine\base.py", line 1643, in _execute_clauseelement
    ret = self._execute_context(
        dialect,
    ...<8 lines>...
        cache_hit=cache_hit,
    )
  File "C:\Users\Ananthapriyan M\AppData\Local\Programs\Python\Python314\Lib\site-packages\sqlalchemy\engine\base.py", line 1848, in _execute_context
    return self._exec_single_context(
           ~~~~~~~~~~~~~~~~~~~~~~~~~^
        dialect, context, statement, parameters
        ^^^^^^^^^^^^^^^^^^^^^^^^^^^^^^^^^^^^^^^
    )
    ^
  File "C:\Users\Ananthapriyan M\AppData\Local\Programs\Python\Python314\Lib\site-packages\sqlalchemy\engine\base.py", line 1988, in _exec_single_context
    self._handle_dbapi_exception(
    ~~~~~~~~~~~~~~~~~~~~~~~~~~~~^
        e, str_statement, effective_parameters, cursor, context
        ^^^^^^^^^^^^^^^^^^^^^^^^^^^^^^^^^^^^^^^^^^^^^^^^^^^^^^^
    )
    ^
  File "C:\Users\Ananthapriyan M\AppData\Local\Programs\Python\Python314\Lib\site-packages\sqlalchemy\engine\base.py", line 2365, in _handle_dbapi_exception
    raise sqlalchemy_exception.with_traceback(exc_info[2]) from e
  File "C:\Users\Ananthapriyan M\AppData\Local\Programs\Python\Python314\Lib\site-packages\sqlalchemy\engine\base.py", line 1969, in _exec_single_context
    self.dialect.do_execute(
    ~~~~~~~~~~~~~~~~~~~~~~~^
        cursor, str_statement, effective_parameters, context
        ^^^^^^^^^^^^^^^^^^^^^^^^^^^^^^^^^^^^^^^^^^^^^^^^^^^^
    )
    ^
  File "C:\Users\Ananthapriyan M\AppData\Local\Programs\Python\Python314\Lib\site-packages\sqlalchemy\engine\default.py", line 952, in do_execute
    cursor.execute(statement, parameters)
    ~~~~~~~~~~~~~~^^^^^^^^^^^^^^^^^^^^^^^
sqlalchemy.exc.OperationalError: (sqlite3.OperationalError) no such column: users.last_login
[SQL: SELECT users.id AS users_id, users.email AS users_email, users.full_name AS users_full_name, users.hashed_password AS users_hashed_password, users.role AS users_role, users.is_active AS users_is_active, users.created_at AS users_created_at, users.last_login AS users_last_login 
FROM users 
WHERE users.email = ?
 LIMIT ? OFFSET ?]
[parameters: ('mananthapriyan@gmail.com', 1, 0)]
(Background on this error at: https://sqlalche.me/e/20/e3q8)
2026-07-31T22:20:46 | INFO     | CloudVulnEngine | [9e59e6f2] GET /api/dashboard/summary | status=200 | ip=127.0.0.1 | 54.02ms
2026-07-31T22:20:46 | INFO     | CloudVulnEngine | [44d0827d] GET /api/dashboard/risk-statistics | status=200 | ip=127.0.0.1 | 67.54ms
2026-07-31T22:20:46 | INFO     | CloudVulnEngine | [a81cbb3e] GET /api/dashboard/activity | status=200 | ip=127.0.0.1 | 56.22ms
2026-07-31T22:20:46 | INFO     | CloudVulnEngine | [5ad28fc3] GET /api/dashboard/recent-scans | status=200 | ip=127.0.0.1 | 78.98ms
2026-07-31T22:20:46 | INFO     | CloudVulnEngine | [42a7c790] GET /api/dashboard/risk-statistics | status=200 | ip=127.0.0.1 | 9.9ms
2026-07-31T22:20:46 | INFO     | CloudVulnEngine | [5d882b62] GET /api/dashboard/summary | status=200 | ip=127.0.0.1 | 70.38ms
2026-07-31T22:20:46 | INFO     | CloudVulnEngine | [c89013fd] GET /api/dashboard/activity | status=200 | ip=127.0.0.1 | 11.64ms
2026-07-31T22:20:46 | INFO     | CloudVulnEngine | [10c894e0] GET /api/dashboard/recent-scans | status=200 | ip=127.0.0.1 | 13.77ms
2026-07-31T22:20:48 | INFO     | CloudVulnEngine | [42c0ae55] GET /api/cve/search | status=200 | ip=127.0.0.1 | 1674.13ms
2026-07-31T22:20:49 | INFO     | CloudVulnEngine | [e23e2620] GET /api/cve/search | status=200 | ip=127.0.0.1 | 1357.68ms
2026-08-01T12:03:38 | INFO     | CloudVulnEngine | [f94079a1] GET / | status=200 | ip=127.0.0.1 | 3.74ms
2026-08-01T12:03:38 | WARNING  | CloudVulnEngine | [1621b870] GET /favicon.ico | status=404 | ip=127.0.0.1 | 0.98ms
2026-08-01T12:04:12 | INFO     | CloudVulnEngine | [73b40814] GET /api/dashboard/summary | status=200 | ip=127.0.0.1 | 425.72ms
2026-08-01T12:04:12 | INFO     | CloudVulnEngine | [4e3d1e71] GET /api/dashboard/risk-statistics | status=200 | ip=127.0.0.1 | 429.33ms
2026-08-01T12:04:13 | INFO     | CloudVulnEngine | [29f022d3] GET /api/dashboard/recent-scans | status=200 | ip=127.0.0.1 | 556.32ms
2026-08-01T12:04:13 | INFO     | CloudVulnEngine | [01e88cdf] GET /api/dashboard/activity | status=200 | ip=127.0.0.1 | 588.96ms
2026-08-01T12:04:13 | INFO     | CloudVulnEngine | [1c5d7760] GET /api/dashboard/summary | status=200 | ip=127.0.0.1 | 170.83ms
2026-08-01T12:04:13 | INFO     | CloudVulnEngine | [c6f8ec8d] GET /api/dashboard/risk-statistics | status=200 | ip=127.0.0.1 | 147.82ms
2026-08-01T12:04:13 | INFO     | CloudVulnEngine | [08ec6df6] GET /api/dashboard/activity | status=200 | ip=127.0.0.1 | 27.32ms
2026-08-01T12:04:13 | INFO     | CloudVulnEngine | [072a8a08] GET /api/dashboard/recent-scans | status=200 | ip=127.0.0.1 | 33.21ms
2026-08-01T12:04:15 | INFO     | CloudVulnEngine | [5538c4b0] GET /api/cve/search | status=200 | ip=127.0.0.1 | 2761.52ms
2026-08-01T12:04:18 | INFO     | CloudVulnEngine | [f4b4ad20] GET /api/cve/search | status=200 | ip=127.0.0.1 | 3532.6ms
2026-08-01T12:05:31 | INFO     | CloudVulnEngine | [b421c186] GET /api/dashboard/summary | status=200 | ip=127.0.0.1 | 177.32ms
2026-08-01T12:05:31 | INFO     | CloudVulnEngine | [bcd2c996] GET /api/dashboard/risk-statistics | status=200 | ip=127.0.0.1 | 264.68ms
2026-08-01T12:05:31 | INFO     | CloudVulnEngine | [03fdbf52] GET /api/dashboard/recent-scans | status=200 | ip=127.0.0.1 | 275.49ms
2026-08-01T12:05:31 | INFO     | CloudVulnEngine | [c9d8c11c] GET /api/dashboard/activity | status=200 | ip=127.0.0.1 | 346.41ms
2026-08-01T12:05:31 | INFO     | CloudVulnEngine | [e8f484d1] GET /api/dashboard/summary | status=200 | ip=127.0.0.1 | 86.99ms
2026-08-01T12:05:31 | INFO     | CloudVulnEngine | [41497aba] GET /api/dashboard/risk-statistics | status=200 | ip=127.0.0.1 | 4.56ms
2026-08-01T12:05:31 | INFO     | CloudVulnEngine | [19b23fee] GET /api/dashboard/recent-scans | status=200 | ip=127.0.0.1 | 8.56ms
2026-08-01T12:05:31 | INFO     | CloudVulnEngine | [14674bd0] GET /api/dashboard/activity | status=200 | ip=127.0.0.1 | 4.54ms
2026-08-01T12:05:32 | INFO     | CloudVulnEngine | [a9ddc274] GET /api/cve/search | status=200 | ip=127.0.0.1 | 1562.95ms
2026-08-01T12:05:33 | INFO     | CloudVulnEngine | [a09d54f7] GET /api/cve/search | status=200 | ip=127.0.0.1 | 1214.13ms
2026-08-01T12:05:43 | INFO     | CloudVulnEngine | [3a962577] GET /api/dashboard/summary | status=200 | ip=127.0.0.1 | 128.14ms
2026-08-01T12:05:43 | INFO     | CloudVulnEngine | [cbd82a58] GET /api/dashboard/risk-statistics | status=200 | ip=127.0.0.1 | 36.45ms
2026-08-01T12:05:43 | INFO     | CloudVulnEngine | [8cd87011] GET /api/dashboard/activity | status=200 | ip=127.0.0.1 | 38.74ms
2026-08-01T12:05:43 | INFO     | CloudVulnEngine | [25bbd209] GET /api/dashboard/recent-scans | status=200 | ip=127.0.0.1 | 40.45ms
2026-08-01T12:05:43 | INFO     | CloudVulnEngine | [77dacd3f] GET /api/dashboard/risk-statistics | status=200 | ip=127.0.0.1 | 29.46ms
2026-08-01T12:05:43 | INFO     | CloudVulnEngine | [cfd28e72] GET /api/dashboard/summary | status=200 | ip=127.0.0.1 | 42.14ms
2026-08-01T12:05:43 | INFO     | CloudVulnEngine | [3f7189a9] GET /api/dashboard/recent-scans | status=200 | ip=127.0.0.1 | 29.73ms
2026-08-01T12:05:43 | INFO     | CloudVulnEngine | [eef01845] GET /api/dashboard/activity | status=200 | ip=127.0.0.1 | 37.77ms
2026-08-01T12:05:44 | INFO     | CloudVulnEngine | [28a67405] GET /api/cve/search | status=200 | ip=127.0.0.1 | 1609.83ms
2026-08-01T12:05:45 | INFO     | CloudVulnEngine | [4258e16d] GET /api/cve/search | status=200 | ip=127.0.0.1 | 1171.44ms
2026-08-04T19:26:50 | INFO     | CloudVulnEngine | [7be47620] GET / | status=200 | ip=127.0.0.1 | 7.35ms
2026-08-04T19:26:50 | WARNING  | CloudVulnEngine | [febfcc45] GET /favicon.ico | status=404 | ip=127.0.0.1 | 2.08ms
2026-08-04T19:26:59 | ERROR    | CloudVulnEngine | Unhandled exception on POST /api/auth/register: (sqlite3.OperationalError) no such column: users.last_login
[SQL: SELECT users.id AS users_id, users.email AS users_email, users.full_name AS users_full_name, users.hashed_password AS users_hashed_password, users.role AS users_role, users.is_active AS users_is_active, users.created_at AS users_created_at, users.last_login AS users_last_login 
FROM users 
WHERE users.email = ?
 LIMIT ? OFFSET ?]
[parameters: ('mananthapriyan@gmail.com', 1, 0)]
(Background on this error at: https://sqlalche.me/e/20/e3q8)
Traceback (most recent call last):
  File "C:\Users\Ananthapriyan M\AppData\Local\Programs\Python\Python314\Lib\site-packages\sqlalchemy\engine\base.py", line 1969, in _exec_single_context
    self.dialect.do_execute(
    ~~~~~~~~~~~~~~~~~~~~~~~^
        cursor, str_statement, effective_parameters, context
        ^^^^^^^^^^^^^^^^^^^^^^^^^^^^^^^^^^^^^^^^^^^^^^^^^^^^
    )
    ^
  File "C:\Users\Ananthapriyan M\AppData\Local\Programs\Python\Python314\Lib\site-packages\sqlalchemy\engine\default.py", line 952, in do_execute
    cursor.execute(statement, parameters)
    ~~~~~~~~~~~~~~^^^^^^^^^^^^^^^^^^^^^^^
sqlite3.OperationalError: no such column: users.last_login

The above exception was the direct cause of the following exception:

Traceback (most recent call last):
  File "C:\Users\Ananthapriyan M\AppData\Local\Programs\Python\Python314\Lib\site-packages\starlette\middleware\errors.py", line 164, in __call__
    await self.app(scope, receive, _send)
  File "C:\Users\Ananthapriyan M\AppData\Local\Programs\Python\Python314\Lib\site-packages\starlette\middleware\base.py", line 193, in __call__
    response = await self.dispatch_func(request, call_next)
               ^^^^^^^^^^^^^^^^^^^^^^^^^^^^^^^^^^^^^^^^^^^^
  File "C:\Users\Ananthapriyan M\Downloads\cloudvuln\backend\main.py", line 128, in security_middleware
    response = await call_next(request)
               ^^^^^^^^^^^^^^^^^^^^^^^^
  File "C:\Users\Ananthapriyan M\AppData\Local\Programs\Python\Python314\Lib\site-packages\starlette\middleware\base.py", line 168, in call_next
    raise app_exc from app_exc.__cause__ or app_exc.__context__
  File "C:\Users\Ananthapriyan M\AppData\Local\Programs\Python\Python314\Lib\site-packages\starlette\middleware\base.py", line 144, in coro
    await self.app(scope, receive_or_disconnect, send_no_error)
  File "C:\Users\Ananthapriyan M\AppData\Local\Programs\Python\Python314\Lib\site-packages\starlette\middleware\cors.py", line 96, in __call__
    await self.simple_response(scope, receive, send, request_headers=headers)
  File "C:\Users\Ananthapriyan M\AppData\Local\Programs\Python\Python314\Lib\site-packages\starlette\middleware\cors.py", line 154, in simple_response
    await self.app(scope, receive, send)
  File "C:\Users\Ananthapriyan M\AppData\Local\Programs\Python\Python314\Lib\site-packages\starlette\middleware\exceptions.py", line 63, in __call__
    await wrap_app_handling_exceptions(self.app, conn)(scope, receive, send)
  File "C:\Users\Ananthapriyan M\AppData\Local\Programs\Python\Python314\Lib\site-packages\starlette\_exception_handler.py", line 53, in wrapped_app
    raise exc
  File "C:\Users\Ananthapriyan M\AppData\Local\Programs\Python\Python314\Lib\site-packages\starlette\_exception_handler.py", line 42, in wrapped_app
    await app(scope, receive, sender)
  File "C:\Users\Ananthapriyan M\AppData\Local\Programs\Python\Python314\Lib\site-packages\fastapi\middleware\asyncexitstack.py", line 18, in __call__
    await self.app(scope, receive, send)
  File "C:\Users\Ananthapriyan M\AppData\Local\Programs\Python\Python314\Lib\site-packages\starlette\routing.py", line 660, in __call__
    await self.middleware_stack(scope, receive, send)
  File "C:\Users\Ananthapriyan M\AppData\Local\Programs\Python\Python314\Lib\site-packages\fastapi\routing.py", line 2672, in app
    await route.handle(scope, receive, send)
  File "C:\Users\Ananthapriyan M\AppData\Local\Programs\Python\Python314\Lib\site-packages\fastapi\routing.py", line 1266, in handle
    await super().handle(scope, receive, send)
  File "C:\Users\Ananthapriyan M\AppData\Local\Programs\Python\Python314\Lib\site-packages\starlette\routing.py", line 276, in handle
    await self.app(scope, receive, send)
  File "C:\Users\Ananthapriyan M\AppData\Local\Programs\Python\Python314\Lib\site-packages\fastapi\routing.py", line 150, in app
    await wrap_app_handling_exceptions(app, request)(scope, receive, send)
  File "C:\Users\Ananthapriyan M\AppData\Local\Programs\Python\Python314\Lib\site-packages\starlette\_exception_handler.py", line 53, in wrapped_app
    raise exc
  File "C:\Users\Ananthapriyan M\AppData\Local\Programs\Python\Python314\Lib\site-packages\starlette\_exception_handler.py", line 42, in wrapped_app
    await app(scope, receive, sender)
  File "C:\Users\Ananthapriyan M\AppData\Local\Programs\Python\Python314\Lib\site-packages\fastapi\routing.py", line 136, in app
    response = await f(request)
               ^^^^^^^^^^^^^^^^
  File "C:\Users\Ananthapriyan M\AppData\Local\Programs\Python\Python314\Lib\site-packages\fastapi\routing.py", line 690, in app
    raw_response = await run_endpoint_function(
                   ^^^^^^^^^^^^^^^^^^^^^^^^^^^^
    ...<3 lines>...
    )
    ^
  File "C:\Users\Ananthapriyan M\AppData\Local\Programs\Python\Python314\Lib\site-packages\fastapi\routing.py", line 346, in run_endpoint_function
    return await run_in_threadpool(dependant.call, **values)
           ^^^^^^^^^^^^^^^^^^^^^^^^^^^^^^^^^^^^^^^^^^^^^^^^^
  File "C:\Users\Ananthapriyan M\AppData\Local\Programs\Python\Python314\Lib\site-packages\starlette\concurrency.py", line 34, in run_in_threadpool
    return await anyio.to_thread.run_sync(func)
           ^^^^^^^^^^^^^^^^^^^^^^^^^^^^^^^^^^^^
  File "C:\Users\Ananthapriyan M\AppData\Local\Programs\Python\Python314\Lib\site-packages\anyio\to_thread.py", line 63, in run_sync
    return await get_async_backend().run_sync_in_worker_thread(
           ^^^^^^^^^^^^^^^^^^^^^^^^^^^^^^^^^^^^^^^^^^^^^^^^^^^^
        func, args, abandon_on_cancel=abandon_on_cancel, limiter=limiter
        ^^^^^^^^^^^^^^^^^^^^^^^^^^^^^^^^^^^^^^^^^^^^^^^^^^^^^^^^^^^^^^^^
    )
    ^
  File "C:\Users\Ananthapriyan M\AppData\Local\Programs\Python\Python314\Lib\site-packages\anyio\_backends\_asyncio.py", line 2502, in run_sync_in_worker_thread
    return await future
           ^^^^^^^^^^^^
  File "C:\Users\Ananthapriyan M\AppData\Local\Programs\Python\Python314\Lib\site-packages\anyio\_backends\_asyncio.py", line 986, in run
    result = context.run(func, *args)
  File "C:\Users\Ananthapriyan M\Downloads\cloudvuln\backend\main.py", line 251, in register
    existing = db.query(models.User).filter(models.User.email == user_in.email).first()
  File "C:\Users\Ananthapriyan M\AppData\Local\Programs\Python\Python314\Lib\site-packages\sqlalchemy\orm\query.py", line 2766, in first
    return self.limit(1)._iter().first()  # type: ignore
           ~~~~~~~~~~~~~~~~~~~^^
  File "C:\Users\Ananthapriyan M\AppData\Local\Programs\Python\Python314\Lib\site-packages\sqlalchemy\orm\query.py", line 2864, in _iter
    result: Union[ScalarResult[_T], Result[_T]] = self.session.execute(
                                                  ~~~~~~~~~~~~~~~~~~~~^
        statement,
        ^^^^^^^^^^
        params,
        ^^^^^^^
        execution_options={"_sa_orm_load_options": self.load_options},
        ^^^^^^^^^^^^^^^^^^^^^^^^^^^^^^^^^^^^^^^^^^^^^^^^^^^^^^^^^^^^^^
    )
    ^
  File "C:\Users\Ananthapriyan M\AppData\Local\Programs\Python\Python314\Lib\site-packages\sqlalchemy\orm\session.py", line 2373, in execute
    return self._execute_internal(
           ~~~~~~~~~~~~~~~~~~~~~~^
        statement,
        ^^^^^^^^^^
    ...<4 lines>...
        _add_event=_add_event,
        ^^^^^^^^^^^^^^^^^^^^^^
    )
    ^
  File "C:\Users\Ananthapriyan M\AppData\Local\Programs\Python\Python314\Lib\site-packages\sqlalchemy\orm\session.py", line 2271, in _execute_internal
    result: Result[Any] = compile_state_cls.orm_execute_statement(
                          ~~~~~~~~~~~~~~~~~~~~~~~~~~~~~~~~~~~~~~~^
        self,
        ^^^^^
    ...<4 lines>...
        conn,
        ^^^^^
    )
    ^
  File "C:\Users\Ananthapriyan M\AppData\Local\Programs\Python\Python314\Lib\site-packages\sqlalchemy\orm\context.py", line 306, in orm_execute_statement
    result = conn.execute(
        statement, params or {}, execution_options=execution_options
    )
  File "C:\Users\Ananthapriyan M\AppData\Local\Programs\Python\Python314\Lib\site-packages\sqlalchemy\engine\base.py", line 1421, in execute
    return meth(
        self,
        distilled_parameters,
        execution_options or NO_OPTIONS,
    )
  File "C:\Users\Ananthapriyan M\AppData\Local\Programs\Python\Python314\Lib\site-packages\sqlalchemy\sql\elements.py", line 526, in _execute_on_connection
    return connection._execute_clauseelement(
           ~~~~~~~~~~~~~~~~~~~~~~~~~~~~~~~~~^
        self, distilled_params, execution_options
        ^^^^^^^^^^^^^^^^^^^^^^^^^^^^^^^^^^^^^^^^^
    )
    ^
  File "C:\Users\Ananthapriyan M\AppData\Local\Programs\Python\Python314\Lib\site-packages\sqlalchemy\engine\base.py", line 1643, in _execute_clauseelement
    ret = self._execute_context(
        dialect,
    ...<8 lines>...
        cache_hit=cache_hit,
    )
  File "C:\Users\Ananthapriyan M\AppData\Local\Programs\Python\Python314\Lib\site-packages\sqlalchemy\engine\base.py", line 1848, in _execute_context
    return self._exec_single_context(
           ~~~~~~~~~~~~~~~~~~~~~~~~~^
        dialect, context, statement, parameters
        ^^^^^^^^^^^^^^^^^^^^^^^^^^^^^^^^^^^^^^^
    )
    ^
  File "C:\Users\Ananthapriyan M\AppData\Local\Programs\Python\Python314\Lib\site-packages\sqlalchemy\engine\base.py", line 1988, in _exec_single_context
    self._handle_dbapi_exception(
    ~~~~~~~~~~~~~~~~~~~~~~~~~~~~^
        e, str_statement, effective_parameters, cursor, context
        ^^^^^^^^^^^^^^^^^^^^^^^^^^^^^^^^^^^^^^^^^^^^^^^^^^^^^^^
    )
    ^
  File "C:\Users\Ananthapriyan M\AppData\Local\Programs\Python\Python314\Lib\site-packages\sqlalchemy\engine\base.py", line 2365, in _handle_dbapi_exception
    raise sqlalchemy_exception.with_traceback(exc_info[2]) from e
  File "C:\Users\Ananthapriyan M\AppData\Local\Programs\Python\Python314\Lib\site-packages\sqlalchemy\engine\base.py", line 1969, in _exec_single_context
    self.dialect.do_execute(
    ~~~~~~~~~~~~~~~~~~~~~~~^
        cursor, str_statement, effective_parameters, context
        ^^^^^^^^^^^^^^^^^^^^^^^^^^^^^^^^^^^^^^^^^^^^^^^^^^^^
    )
    ^
  File "C:\Users\Ananthapriyan M\AppData\Local\Programs\Python\Python314\Lib\site-packages\sqlalchemy\engine\default.py", line 952, in do_execute
    cursor.execute(statement, parameters)
    ~~~~~~~~~~~~~~^^^^^^^^^^^^^^^^^^^^^^^
sqlalchemy.exc.OperationalError: (sqlite3.OperationalError) no such column: users.last_login
[SQL: SELECT users.id AS users_id, users.email AS users_email, users.full_name AS users_full_name, users.hashed_password AS users_hashed_password, users.role AS users_role, users.is_active AS users_is_active, users.created_at AS users_created_at, users.last_login AS users_last_login 
FROM users 
WHERE users.email = ?
 LIMIT ? OFFSET ?]
[parameters: ('mananthapriyan@gmail.com', 1, 0)]
(Background on this error at: https://sqlalche.me/e/20/e3q8)
2026-08-04T19:27:17 | ERROR    | CloudVulnEngine | Unhandled exception on POST /api/auth/login: (sqlite3.OperationalError) no such column: users.last_login
[SQL: SELECT users.id AS users_id, users.email AS users_email, users.full_name AS users_full_name, users.hashed_password AS users_hashed_password, users.role AS users_role, users.is_active AS users_is_active, users.created_at AS users_created_at, users.last_login AS users_last_login 
FROM users 
WHERE users.email = ?
 LIMIT ? OFFSET ?]
[parameters: ('mananthapriyan@gmail.com', 1, 0)]
(Background on this error at: https://sqlalche.me/e/20/e3q8)
Traceback (most recent call last):
  File "C:\Users\Ananthapriyan M\AppData\Local\Programs\Python\Python314\Lib\site-packages\sqlalchemy\engine\base.py", line 1969, in _exec_single_context
    self.dialect.do_execute(
    ~~~~~~~~~~~~~~~~~~~~~~~^
        cursor, str_statement, effective_parameters, context
        ^^^^^^^^^^^^^^^^^^^^^^^^^^^^^^^^^^^^^^^^^^^^^^^^^^^^
    )
    ^
  File "C:\Users\Ananthapriyan M\AppData\Local\Programs\Python\Python314\Lib\site-packages\sqlalchemy\engine\default.py", line 952, in do_execute
    cursor.execute(statement, parameters)
    ~~~~~~~~~~~~~~^^^^^^^^^^^^^^^^^^^^^^^
sqlite3.OperationalError: no such column: users.last_login

The above exception was the direct cause of the following exception:

Traceback (most recent call last):
  File "C:\Users\Ananthapriyan M\AppData\Local\Programs\Python\Python314\Lib\site-packages\starlette\middleware\errors.py", line 164, in __call__
    await self.app(scope, receive, _send)
  File "C:\Users\Ananthapriyan M\AppData\Local\Programs\Python\Python314\Lib\site-packages\starlette\middleware\base.py", line 193, in __call__
    response = await self.dispatch_func(request, call_next)
               ^^^^^^^^^^^^^^^^^^^^^^^^^^^^^^^^^^^^^^^^^^^^
  File "C:\Users\Ananthapriyan M\Downloads\cloudvuln\backend\main.py", line 128, in security_middleware
    response = await call_next(request)
               ^^^^^^^^^^^^^^^^^^^^^^^^
  File "C:\Users\Ananthapriyan M\AppData\Local\Programs\Python\Python314\Lib\site-packages\starlette\middleware\base.py", line 168, in call_next
    raise app_exc from app_exc.__cause__ or app_exc.__context__
  File "C:\Users\Ananthapriyan M\AppData\Local\Programs\Python\Python314\Lib\site-packages\starlette\middleware\base.py", line 144, in coro
    await self.app(scope, receive_or_disconnect, send_no_error)
  File "C:\Users\Ananthapriyan M\AppData\Local\Programs\Python\Python314\Lib\site-packages\starlette\middleware\cors.py", line 96, in __call__
    await self.simple_response(scope, receive, send, request_headers=headers)
  File "C:\Users\Ananthapriyan M\AppData\Local\Programs\Python\Python314\Lib\site-packages\starlette\middleware\cors.py", line 154, in simple_response
    await self.app(scope, receive, send)
  File "C:\Users\Ananthapriyan M\AppData\Local\Programs\Python\Python314\Lib\site-packages\starlette\middleware\exceptions.py", line 63, in __call__
    await wrap_app_handling_exceptions(self.app, conn)(scope, receive, send)
  File "C:\Users\Ananthapriyan M\AppData\Local\Programs\Python\Python314\Lib\site-packages\starlette\_exception_handler.py", line 53, in wrapped_app
    raise exc
  File "C:\Users\Ananthapriyan M\AppData\Local\Programs\Python\Python314\Lib\site-packages\starlette\_exception_handler.py", line 42, in wrapped_app
    await app(scope, receive, sender)
  File "C:\Users\Ananthapriyan M\AppData\Local\Programs\Python\Python314\Lib\site-packages\fastapi\middleware\asyncexitstack.py", line 18, in __call__
    await self.app(scope, receive, send)
  File "C:\Users\Ananthapriyan M\AppData\Local\Programs\Python\Python314\Lib\site-packages\starlette\routing.py", line 660, in __call__
    await self.middleware_stack(scope, receive, send)
  File "C:\Users\Ananthapriyan M\AppData\Local\Programs\Python\Python314\Lib\site-packages\fastapi\routing.py", line 2672, in app
    await route.handle(scope, receive, send)
  File "C:\Users\Ananthapriyan M\AppData\Local\Programs\Python\Python314\Lib\site-packages\fastapi\routing.py", line 1266, in handle
    await super().handle(scope, receive, send)
  File "C:\Users\Ananthapriyan M\AppData\Local\Programs\Python\Python314\Lib\site-packages\starlette\routing.py", line 276, in handle
    await self.app(scope, receive, send)
  File "C:\Users\Ananthapriyan M\AppData\Local\Programs\Python\Python314\Lib\site-packages\fastapi\routing.py", line 150, in app
    await wrap_app_handling_exceptions(app, request)(scope, receive, send)
  File "C:\Users\Ananthapriyan M\AppData\Local\Programs\Python\Python314\Lib\site-packages\starlette\_exception_handler.py", line 53, in wrapped_app
    raise exc
  File "C:\Users\Ananthapriyan M\AppData\Local\Programs\Python\Python314\Lib\site-packages\starlette\_exception_handler.py", line 42, in wrapped_app
    await app(scope, receive, sender)
  File "C:\Users\Ananthapriyan M\AppData\Local\Programs\Python\Python314\Lib\site-packages\fastapi\routing.py", line 136, in app
    response = await f(request)
               ^^^^^^^^^^^^^^^^
  File "C:\Users\Ananthapriyan M\AppData\Local\Programs\Python\Python314\Lib\site-packages\fastapi\routing.py", line 690, in app
    raw_response = await run_endpoint_function(
                   ^^^^^^^^^^^^^^^^^^^^^^^^^^^^
    ...<3 lines>...
    )
    ^
  File "C:\Users\Ananthapriyan M\AppData\Local\Programs\Python\Python314\Lib\site-packages\fastapi\routing.py", line 346, in run_endpoint_function
    return await run_in_threadpool(dependant.call, **values)
           ^^^^^^^^^^^^^^^^^^^^^^^^^^^^^^^^^^^^^^^^^^^^^^^^^
  File "C:\Users\Ananthapriyan M\AppData\Local\Programs\Python\Python314\Lib\site-packages\starlette\concurrency.py", line 34, in run_in_threadpool
    return await anyio.to_thread.run_sync(func)
           ^^^^^^^^^^^^^^^^^^^^^^^^^^^^^^^^^^^^
  File "C:\Users\Ananthapriyan M\AppData\Local\Programs\Python\Python314\Lib\site-packages\anyio\to_thread.py", line 63, in run_sync
    return await get_async_backend().run_sync_in_worker_thread(
           ^^^^^^^^^^^^^^^^^^^^^^^^^^^^^^^^^^^^^^^^^^^^^^^^^^^^
        func, args, abandon_on_cancel=abandon_on_cancel, limiter=limiter
        ^^^^^^^^^^^^^^^^^^^^^^^^^^^^^^^^^^^^^^^^^^^^^^^^^^^^^^^^^^^^^^^^
    )
    ^
  File "C:\Users\Ananthapriyan M\AppData\Local\Programs\Python\Python314\Lib\site-packages\anyio\_backends\_asyncio.py", line 2502, in run_sync_in_worker_thread
    return await future
           ^^^^^^^^^^^^
  File "C:\Users\Ananthapriyan M\AppData\Local\Programs\Python\Python314\Lib\site-packages\anyio\_backends\_asyncio.py", line 986, in run
    result = context.run(func, *args)
  File "C:\Users\Ananthapriyan M\Downloads\cloudvuln\backend\main.py", line 283, in login
    user = db.query(models.User).filter(models.User.email == user_credentials.email).first()
  File "C:\Users\Ananthapriyan M\AppData\Local\Programs\Python\Python314\Lib\site-packages\sqlalchemy\orm\query.py", line 2766, in first
    return self.limit(1)._iter().first()  # type: ignore
           ~~~~~~~~~~~~~~~~~~~^^
  File "C:\Users\Ananthapriyan M\AppData\Local\Programs\Python\Python314\Lib\site-packages\sqlalchemy\orm\query.py", line 2864, in _iter
    result: Union[ScalarResult[_T], Result[_T]] = self.session.execute(
                                                  ~~~~~~~~~~~~~~~~~~~~^
        statement,
        ^^^^^^^^^^
        params,
        ^^^^^^^
        execution_options={"_sa_orm_load_options": self.load_options},
        ^^^^^^^^^^^^^^^^^^^^^^^^^^^^^^^^^^^^^^^^^^^^^^^^^^^^^^^^^^^^^^
    )
    ^
  File "C:\Users\Ananthapriyan M\AppData\Local\Programs\Python\Python314\Lib\site-packages\sqlalchemy\orm\session.py", line 2373, in execute
    return self._execute_internal(
           ~~~~~~~~~~~~~~~~~~~~~~^
        statement,
        ^^^^^^^^^^
    ...<4 lines>...
        _add_event=_add_event,
        ^^^^^^^^^^^^^^^^^^^^^^
    )
    ^
  File "C:\Users\Ananthapriyan M\AppData\Local\Programs\Python\Python314\Lib\site-packages\sqlalchemy\orm\session.py", line 2271, in _execute_internal
    result: Result[Any] = compile_state_cls.orm_execute_statement(
                          ~~~~~~~~~~~~~~~~~~~~~~~~~~~~~~~~~~~~~~~^
        self,
        ^^^^^
    ...<4 lines>...
        conn,
        ^^^^^
    )
    ^
  File "C:\Users\Ananthapriyan M\AppData\Local\Programs\Python\Python314\Lib\site-packages\sqlalchemy\orm\context.py", line 306, in orm_execute_statement
    result = conn.execute(
        statement, params or {}, execution_options=execution_options
    )
  File "C:\Users\Ananthapriyan M\AppData\Local\Programs\Python\Python314\Lib\site-packages\sqlalchemy\engine\base.py", line 1421, in execute
    return meth(
        self,
        distilled_parameters,
        execution_options or NO_OPTIONS,
    )
  File "C:\Users\Ananthapriyan M\AppData\Local\Programs\Python\Python314\Lib\site-packages\sqlalchemy\sql\elements.py", line 526, in _execute_on_connection
    return connection._execute_clauseelement(
           ~~~~~~~~~~~~~~~~~~~~~~~~~~~~~~~~~^
        self, distilled_params, execution_options
        ^^^^^^^^^^^^^^^^^^^^^^^^^^^^^^^^^^^^^^^^^
    )
    ^
  File "C:\Users\Ananthapriyan M\AppData\Local\Programs\Python\Python314\Lib\site-packages\sqlalchemy\engine\base.py", line 1643, in _execute_clauseelement
    ret = self._execute_context(
        dialect,
    ...<8 lines>...
        cache_hit=cache_hit,
    )
  File "C:\Users\Ananthapriyan M\AppData\Local\Programs\Python\Python314\Lib\site-packages\sqlalchemy\engine\base.py", line 1848, in _execute_context
    return self._exec_single_context(
           ~~~~~~~~~~~~~~~~~~~~~~~~~^
        dialect, context, statement, parameters
        ^^^^^^^^^^^^^^^^^^^^^^^^^^^^^^^^^^^^^^^
    )
    ^
  File "C:\Users\Ananthapriyan M\AppData\Local\Programs\Python\Python314\Lib\site-packages\sqlalchemy\engine\base.py", line 1988, in _exec_single_context
    self._handle_dbapi_exception(
    ~~~~~~~~~~~~~~~~~~~~~~~~~~~~^
        e, str_statement, effective_parameters, cursor, context
        ^^^^^^^^^^^^^^^^^^^^^^^^^^^^^^^^^^^^^^^^^^^^^^^^^^^^^^^
    )
    ^
  File "C:\Users\Ananthapriyan M\AppData\Local\Programs\Python\Python314\Lib\site-packages\sqlalchemy\engine\base.py", line 2365, in _handle_dbapi_exception
    raise sqlalchemy_exception.with_traceback(exc_info[2]) from e
  File "C:\Users\Ananthapriyan M\AppData\Local\Programs\Python\Python314\Lib\site-packages\sqlalchemy\engine\base.py", line 1969, in _exec_single_context
    self.dialect.do_execute(
    ~~~~~~~~~~~~~~~~~~~~~~~^
        cursor, str_statement, effective_parameters, context
        ^^^^^^^^^^^^^^^^^^^^^^^^^^^^^^^^^^^^^^^^^^^^^^^^^^^^
    )
    ^
  File "C:\Users\Ananthapriyan M\AppData\Local\Programs\Python\Python314\Lib\site-packages\sqlalchemy\engine\default.py", line 952, in do_execute
    cursor.execute(statement, parameters)
    ~~~~~~~~~~~~~~^^^^^^^^^^^^^^^^^^^^^^^
sqlalchemy.exc.OperationalError: (sqlite3.OperationalError) no such column: users.last_login
[SQL: SELECT users.id AS users_id, users.email AS users_email, users.full_name AS users_full_name, users.hashed_password AS users_hashed_password, users.role AS users_role, users.is_active AS users_is_active, users.created_at AS users_created_at, users.last_login AS users_last_login 
FROM users 
WHERE users.email = ?
 LIMIT ? OFFSET ?]
[parameters: ('mananthapriyan@gmail.com', 1, 0)]
(Background on this error at: https://sqlalche.me/e/20/e3q8)
2026-08-04T19:27:43 | ERROR    | CloudVulnEngine | Unhandled exception on POST /api/auth/register: (sqlite3.OperationalError) no such column: users.last_login
[SQL: SELECT users.id AS users_id, users.email AS users_email, users.full_name AS users_full_name, users.hashed_password AS users_hashed_password, users.role AS users_role, users.is_active AS users_is_active, users.created_at AS users_created_at, users.last_login AS users_last_login 
FROM users 
WHERE users.email = ?
 LIMIT ? OFFSET ?]
[parameters: ('mananthapriyan@gmail.com', 1, 0)]
(Background on this error at: https://sqlalche.me/e/20/e3q8)
Traceback (most recent call last):
  File "C:\Users\Ananthapriyan M\AppData\Local\Programs\Python\Python314\Lib\site-packages\sqlalchemy\engine\base.py", line 1969, in _exec_single_context
    self.dialect.do_execute(
    ~~~~~~~~~~~~~~~~~~~~~~~^
        cursor, str_statement, effective_parameters, context
        ^^^^^^^^^^^^^^^^^^^^^^^^^^^^^^^^^^^^^^^^^^^^^^^^^^^^
    )
    ^
  File "C:\Users\Ananthapriyan M\AppData\Local\Programs\Python\Python314\Lib\site-packages\sqlalchemy\engine\default.py", line 952, in do_execute
    cursor.execute(statement, parameters)
    ~~~~~~~~~~~~~~^^^^^^^^^^^^^^^^^^^^^^^
sqlite3.OperationalError: no such column: users.last_login

The above exception was the direct cause of the following exception:

Traceback (most recent call last):
  File "C:\Users\Ananthapriyan M\AppData\Local\Programs\Python\Python314\Lib\site-packages\starlette\middleware\errors.py", line 164, in __call__
    await self.app(scope, receive, _send)
  File "C:\Users\Ananthapriyan M\AppData\Local\Programs\Python\Python314\Lib\site-packages\starlette\middleware\base.py", line 193, in __call__
    response = await self.dispatch_func(request, call_next)
               ^^^^^^^^^^^^^^^^^^^^^^^^^^^^^^^^^^^^^^^^^^^^
  File "C:\Users\Ananthapriyan M\Downloads\cloudvuln\backend\main.py", line 128, in security_middleware
    response = await call_next(request)
               ^^^^^^^^^^^^^^^^^^^^^^^^
  File "C:\Users\Ananthapriyan M\AppData\Local\Programs\Python\Python314\Lib\site-packages\starlette\middleware\base.py", line 168, in call_next
    raise app_exc from app_exc.__cause__ or app_exc.__context__
  File "C:\Users\Ananthapriyan M\AppData\Local\Programs\Python\Python314\Lib\site-packages\starlette\middleware\base.py", line 144, in coro
    await self.app(scope, receive_or_disconnect, send_no_error)
  File "C:\Users\Ananthapriyan M\AppData\Local\Programs\Python\Python314\Lib\site-packages\starlette\middleware\cors.py", line 96, in __call__
    await self.simple_response(scope, receive, send, request_headers=headers)
  File "C:\Users\Ananthapriyan M\AppData\Local\Programs\Python\Python314\Lib\site-packages\starlette\middleware\cors.py", line 154, in simple_response
    await self.app(scope, receive, send)
  File "C:\Users\Ananthapriyan M\AppData\Local\Programs\Python\Python314\Lib\site-packages\starlette\middleware\exceptions.py", line 63, in __call__
    await wrap_app_handling_exceptions(self.app, conn)(scope, receive, send)
  File "C:\Users\Ananthapriyan M\AppData\Local\Programs\Python\Python314\Lib\site-packages\starlette\_exception_handler.py", line 53, in wrapped_app
    raise exc
  File "C:\Users\Ananthapriyan M\AppData\Local\Programs\Python\Python314\Lib\site-packages\starlette\_exception_handler.py", line 42, in wrapped_app
    await app(scope, receive, sender)
  File "C:\Users\Ananthapriyan M\AppData\Local\Programs\Python\Python314\Lib\site-packages\fastapi\middleware\asyncexitstack.py", line 18, in __call__
    await self.app(scope, receive, send)
  File "C:\Users\Ananthapriyan M\AppData\Local\Programs\Python\Python314\Lib\site-packages\starlette\routing.py", line 660, in __call__
    await self.middleware_stack(scope, receive, send)
  File "C:\Users\Ananthapriyan M\AppData\Local\Programs\Python\Python314\Lib\site-packages\fastapi\routing.py", line 2672, in app
    await route.handle(scope, receive, send)
  File "C:\Users\Ananthapriyan M\AppData\Local\Programs\Python\Python314\Lib\site-packages\fastapi\routing.py", line 1266, in handle
    await super().handle(scope, receive, send)
  File "C:\Users\Ananthapriyan M\AppData\Local\Programs\Python\Python314\Lib\site-packages\starlette\routing.py", line 276, in handle
    await self.app(scope, receive, send)
  File "C:\Users\Ananthapriyan M\AppData\Local\Programs\Python\Python314\Lib\site-packages\fastapi\routing.py", line 150, in app
    await wrap_app_handling_exceptions(app, request)(scope, receive, send)
  File "C:\Users\Ananthapriyan M\AppData\Local\Programs\Python\Python314\Lib\site-packages\starlette\_exception_handler.py", line 53, in wrapped_app
    raise exc
  File "C:\Users\Ananthapriyan M\AppData\Local\Programs\Python\Python314\Lib\site-packages\starlette\_exception_handler.py", line 42, in wrapped_app
    await app(scope, receive, sender)
  File "C:\Users\Ananthapriyan M\AppData\Local\Programs\Python\Python314\Lib\site-packages\fastapi\routing.py", line 136, in app
    response = await f(request)
               ^^^^^^^^^^^^^^^^
  File "C:\Users\Ananthapriyan M\AppData\Local\Programs\Python\Python314\Lib\site-packages\fastapi\routing.py", line 690, in app
    raw_response = await run_endpoint_function(
                   ^^^^^^^^^^^^^^^^^^^^^^^^^^^^
    ...<3 lines>...
    )
    ^
  File "C:\Users\Ananthapriyan M\AppData\Local\Programs\Python\Python314\Lib\site-packages\fastapi\routing.py", line 346, in run_endpoint_function
    return await run_in_threadpool(dependant.call, **values)
           ^^^^^^^^^^^^^^^^^^^^^^^^^^^^^^^^^^^^^^^^^^^^^^^^^
  File "C:\Users\Ananthapriyan M\AppData\Local\Programs\Python\Python314\Lib\site-packages\starlette\concurrency.py", line 34, in run_in_threadpool
    return await anyio.to_thread.run_sync(func)
           ^^^^^^^^^^^^^^^^^^^^^^^^^^^^^^^^^^^^
  File "C:\Users\Ananthapriyan M\AppData\Local\Programs\Python\Python314\Lib\site-packages\anyio\to_thread.py", line 63, in run_sync
    return await get_async_backend().run_sync_in_worker_thread(
           ^^^^^^^^^^^^^^^^^^^^^^^^^^^^^^^^^^^^^^^^^^^^^^^^^^^^
        func, args, abandon_on_cancel=abandon_on_cancel, limiter=limiter
        ^^^^^^^^^^^^^^^^^^^^^^^^^^^^^^^^^^^^^^^^^^^^^^^^^^^^^^^^^^^^^^^^
    )
    ^
  File "C:\Users\Ananthapriyan M\AppData\Local\Programs\Python\Python314\Lib\site-packages\anyio\_backends\_asyncio.py", line 2502, in run_sync_in_worker_thread
    return await future
           ^^^^^^^^^^^^
  File "C:\Users\Ananthapriyan M\AppData\Local\Programs\Python\Python314\Lib\site-packages\anyio\_backends\_asyncio.py", line 986, in run
    result = context.run(func, *args)
  File "C:\Users\Ananthapriyan M\Downloads\cloudvuln\backend\main.py", line 251, in register
    existing = db.query(models.User).filter(models.User.email == user_in.email).first()
  File "C:\Users\Ananthapriyan M\AppData\Local\Programs\Python\Python314\Lib\site-packages\sqlalchemy\orm\query.py", line 2766, in first
    return self.limit(1)._iter().first()  # type: ignore
           ~~~~~~~~~~~~~~~~~~~^^
  File "C:\Users\Ananthapriyan M\AppData\Local\Programs\Python\Python314\Lib\site-packages\sqlalchemy\orm\query.py", line 2864, in _iter
    result: Union[ScalarResult[_T], Result[_T]] = self.session.execute(
                                                  ~~~~~~~~~~~~~~~~~~~~^
        statement,
        ^^^^^^^^^^
        params,
        ^^^^^^^
        execution_options={"_sa_orm_load_options": self.load_options},
        ^^^^^^^^^^^^^^^^^^^^^^^^^^^^^^^^^^^^^^^^^^^^^^^^^^^^^^^^^^^^^^
    )
    ^
  File "C:\Users\Ananthapriyan M\AppData\Local\Programs\Python\Python314\Lib\site-packages\sqlalchemy\orm\session.py", line 2373, in execute
    return self._execute_internal(
           ~~~~~~~~~~~~~~~~~~~~~~^
        statement,
        ^^^^^^^^^^
    ...<4 lines>...
        _add_event=_add_event,
        ^^^^^^^^^^^^^^^^^^^^^^
    )
    ^
  File "C:\Users\Ananthapriyan M\AppData\Local\Programs\Python\Python314\Lib\site-packages\sqlalchemy\orm\session.py", line 2271, in _execute_internal
    result: Result[Any] = compile_state_cls.orm_execute_statement(
                          ~~~~~~~~~~~~~~~~~~~~~~~~~~~~~~~~~~~~~~~^
        self,
        ^^^^^
    ...<4 lines>...
        conn,
        ^^^^^
    )
    ^
  File "C:\Users\Ananthapriyan M\AppData\Local\Programs\Python\Python314\Lib\site-packages\sqlalchemy\orm\context.py", line 306, in orm_execute_statement
    result = conn.execute(
        statement, params or {}, execution_options=execution_options
    )
  File "C:\Users\Ananthapriyan M\AppData\Local\Programs\Python\Python314\Lib\site-packages\sqlalchemy\engine\base.py", line 1421, in execute
    return meth(
        self,
        distilled_parameters,
        execution_options or NO_OPTIONS,
    )
  File "C:\Users\Ananthapriyan M\AppData\Local\Programs\Python\Python314\Lib\site-packages\sqlalchemy\sql\elements.py", line 526, in _execute_on_connection
    return connection._execute_clauseelement(
           ~~~~~~~~~~~~~~~~~~~~~~~~~~~~~~~~~^
        self, distilled_params, execution_options
        ^^^^^^^^^^^^^^^^^^^^^^^^^^^^^^^^^^^^^^^^^
    )
    ^
  File "C:\Users\Ananthapriyan M\AppData\Local\Programs\Python\Python314\Lib\site-packages\sqlalchemy\engine\base.py", line 1643, in _execute_clauseelement
    ret = self._execute_context(
        dialect,
    ...<8 lines>...
        cache_hit=cache_hit,
    )
  File "C:\Users\Ananthapriyan M\AppData\Local\Programs\Python\Python314\Lib\site-packages\sqlalchemy\engine\base.py", line 1848, in _execute_context
    return self._exec_single_context(
           ~~~~~~~~~~~~~~~~~~~~~~~~~^
        dialect, context, statement, parameters
        ^^^^^^^^^^^^^^^^^^^^^^^^^^^^^^^^^^^^^^^
    )
    ^
  File "C:\Users\Ananthapriyan M\AppData\Local\Programs\Python\Python314\Lib\site-packages\sqlalchemy\engine\base.py", line 1988, in _exec_single_context
    self._handle_dbapi_exception(
    ~~~~~~~~~~~~~~~~~~~~~~~~~~~~^
        e, str_statement, effective_parameters, cursor, context
        ^^^^^^^^^^^^^^^^^^^^^^^^^^^^^^^^^^^^^^^^^^^^^^^^^^^^^^^
    )
    ^
  File "C:\Users\Ananthapriyan M\AppData\Local\Programs\Python\Python314\Lib\site-packages\sqlalchemy\engine\base.py", line 2365, in _handle_dbapi_exception
    raise sqlalchemy_exception.with_traceback(exc_info[2]) from e
  File "C:\Users\Ananthapriyan M\AppData\Local\Programs\Python\Python314\Lib\site-packages\sqlalchemy\engine\base.py", line 1969, in _exec_single_context
    self.dialect.do_execute(
    ~~~~~~~~~~~~~~~~~~~~~~~^
        cursor, str_statement, effective_parameters, context
        ^^^^^^^^^^^^^^^^^^^^^^^^^^^^^^^^^^^^^^^^^^^^^^^^^^^^
    )
    ^
  File "C:\Users\Ananthapriyan M\AppData\Local\Programs\Python\Python314\Lib\site-packages\sqlalchemy\engine\default.py", line 952, in do_execute
    cursor.execute(statement, parameters)
    ~~~~~~~~~~~~~~^^^^^^^^^^^^^^^^^^^^^^^
sqlalchemy.exc.OperationalError: (sqlite3.OperationalError) no such column: users.last_login
[SQL: SELECT users.id AS users_id, users.email AS users_email, users.full_name AS users_full_name, users.hashed_password AS users_hashed_password, users.role AS users_role, users.is_active AS users_is_active, users.created_at AS users_created_at, users.last_login AS users_last_login 
FROM users 
WHERE users.email = ?
 LIMIT ? OFFSET ?]
[parameters: ('mananthapriyan@gmail.com', 1, 0)]
(Background on this error at: https://sqlalche.me/e/20/e3q8)
2026-08-04T19:29:14 | ERROR    | CloudVulnEngine | Unhandled exception on POST /api/auth/register: (sqlite3.OperationalError) no such column: users.last_login
[SQL: SELECT users.id AS users_id, users.email AS users_email, users.full_name AS users_full_name, users.hashed_password AS users_hashed_password, users.role AS users_role, users.is_active AS users_is_active, users.created_at AS users_created_at, users.last_login AS users_last_login 
FROM users 
WHERE users.email = ?
 LIMIT ? OFFSET ?]
[parameters: ('24219@slcs.edu.in', 1, 0)]
(Background on this error at: https://sqlalche.me/e/20/e3q8)
Traceback (most recent call last):
  File "C:\Users\Ananthapriyan M\AppData\Local\Programs\Python\Python314\Lib\site-packages\sqlalchemy\engine\base.py", line 1969, in _exec_single_context
    self.dialect.do_execute(
    ~~~~~~~~~~~~~~~~~~~~~~~^
        cursor, str_statement, effective_parameters, context
        ^^^^^^^^^^^^^^^^^^^^^^^^^^^^^^^^^^^^^^^^^^^^^^^^^^^^
    )
    ^
  File "C:\Users\Ananthapriyan M\AppData\Local\Programs\Python\Python314\Lib\site-packages\sqlalchemy\engine\default.py", line 952, in do_execute
    cursor.execute(statement, parameters)
    ~~~~~~~~~~~~~~^^^^^^^^^^^^^^^^^^^^^^^
sqlite3.OperationalError: no such column: users.last_login

The above exception was the direct cause of the following exception:

Traceback (most recent call last):
  File "C:\Users\Ananthapriyan M\AppData\Local\Programs\Python\Python314\Lib\site-packages\starlette\middleware\errors.py", line 164, in __call__
    await self.app(scope, receive, _send)
  File "C:\Users\Ananthapriyan M\AppData\Local\Programs\Python\Python314\Lib\site-packages\starlette\middleware\base.py", line 193, in __call__
    response = await self.dispatch_func(request, call_next)
               ^^^^^^^^^^^^^^^^^^^^^^^^^^^^^^^^^^^^^^^^^^^^
  File "C:\Users\Ananthapriyan M\Downloads\cloudvuln\backend\main.py", line 128, in security_middleware
    response = await call_next(request)
               ^^^^^^^^^^^^^^^^^^^^^^^^
  File "C:\Users\Ananthapriyan M\AppData\Local\Programs\Python\Python314\Lib\site-packages\starlette\middleware\base.py", line 168, in call_next
    raise app_exc from app_exc.__cause__ or app_exc.__context__
  File "C:\Users\Ananthapriyan M\AppData\Local\Programs\Python\Python314\Lib\site-packages\starlette\middleware\base.py", line 144, in coro
    await self.app(scope, receive_or_disconnect, send_no_error)
  File "C:\Users\Ananthapriyan M\AppData\Local\Programs\Python\Python314\Lib\site-packages\starlette\middleware\cors.py", line 96, in __call__
    await self.simple_response(scope, receive, send, request_headers=headers)
  File "C:\Users\Ananthapriyan M\AppData\Local\Programs\Python\Python314\Lib\site-packages\starlette\middleware\cors.py", line 154, in simple_response
    await self.app(scope, receive, send)
  File "C:\Users\Ananthapriyan M\AppData\Local\Programs\Python\Python314\Lib\site-packages\starlette\middleware\exceptions.py", line 63, in __call__
    await wrap_app_handling_exceptions(self.app, conn)(scope, receive, send)
  File "C:\Users\Ananthapriyan M\AppData\Local\Programs\Python\Python314\Lib\site-packages\starlette\_exception_handler.py", line 53, in wrapped_app
    raise exc
  File "C:\Users\Ananthapriyan M\AppData\Local\Programs\Python\Python314\Lib\site-packages\starlette\_exception_handler.py", line 42, in wrapped_app
    await app(scope, receive, sender)
  File "C:\Users\Ananthapriyan M\AppData\Local\Programs\Python\Python314\Lib\site-packages\fastapi\middleware\asyncexitstack.py", line 18, in __call__
    await self.app(scope, receive, send)
  File "C:\Users\Ananthapriyan M\AppData\Local\Programs\Python\Python314\Lib\site-packages\starlette\routing.py", line 660, in __call__
    await self.middleware_stack(scope, receive, send)
  File "C:\Users\Ananthapriyan M\AppData\Local\Programs\Python\Python314\Lib\site-packages\fastapi\routing.py", line 2672, in app
    await route.handle(scope, receive, send)
  File "C:\Users\Ananthapriyan M\AppData\Local\Programs\Python\Python314\Lib\site-packages\fastapi\routing.py", line 1266, in handle
    await super().handle(scope, receive, send)
  File "C:\Users\Ananthapriyan M\AppData\Local\Programs\Python\Python314\Lib\site-packages\starlette\routing.py", line 276, in handle
    await self.app(scope, receive, send)
  File "C:\Users\Ananthapriyan M\AppData\Local\Programs\Python\Python314\Lib\site-packages\fastapi\routing.py", line 150, in app
    await wrap_app_handling_exceptions(app, request)(scope, receive, send)
  File "C:\Users\Ananthapriyan M\AppData\Local\Programs\Python\Python314\Lib\site-packages\starlette\_exception_handler.py", line 53, in wrapped_app
    raise exc
  File "C:\Users\Ananthapriyan M\AppData\Local\Programs\Python\Python314\Lib\site-packages\starlette\_exception_handler.py", line 42, in wrapped_app
    await app(scope, receive, sender)
  File "C:\Users\Ananthapriyan M\AppData\Local\Programs\Python\Python314\Lib\site-packages\fastapi\routing.py", line 136, in app
    response = await f(request)
               ^^^^^^^^^^^^^^^^
  File "C:\Users\Ananthapriyan M\AppData\Local\Programs\Python\Python314\Lib\site-packages\fastapi\routing.py", line 690, in app
    raw_response = await run_endpoint_function(
                   ^^^^^^^^^^^^^^^^^^^^^^^^^^^^
    ...<3 lines>...
    )
    ^
  File "C:\Users\Ananthapriyan M\AppData\Local\Programs\Python\Python314\Lib\site-packages\fastapi\routing.py", line 346, in run_endpoint_function
    return await run_in_threadpool(dependant.call, **values)
           ^^^^^^^^^^^^^^^^^^^^^^^^^^^^^^^^^^^^^^^^^^^^^^^^^
  File "C:\Users\Ananthapriyan M\AppData\Local\Programs\Python\Python314\Lib\site-packages\starlette\concurrency.py", line 34, in run_in_threadpool
    return await anyio.to_thread.run_sync(func)
           ^^^^^^^^^^^^^^^^^^^^^^^^^^^^^^^^^^^^
  File "C:\Users\Ananthapriyan M\AppData\Local\Programs\Python\Python314\Lib\site-packages\anyio\to_thread.py", line 63, in run_sync
    return await get_async_backend().run_sync_in_worker_thread(
           ^^^^^^^^^^^^^^^^^^^^^^^^^^^^^^^^^^^^^^^^^^^^^^^^^^^^
        func, args, abandon_on_cancel=abandon_on_cancel, limiter=limiter
        ^^^^^^^^^^^^^^^^^^^^^^^^^^^^^^^^^^^^^^^^^^^^^^^^^^^^^^^^^^^^^^^^
    )
    ^
  File "C:\Users\Ananthapriyan M\AppData\Local\Programs\Python\Python314\Lib\site-packages\anyio\_backends\_asyncio.py", line 2502, in run_sync_in_worker_thread
    return await future
           ^^^^^^^^^^^^
  File "C:\Users\Ananthapriyan M\AppData\Local\Programs\Python\Python314\Lib\site-packages\anyio\_backends\_asyncio.py", line 986, in run
    result = context.run(func, *args)
  File "C:\Users\Ananthapriyan M\Downloads\cloudvuln\backend\main.py", line 251, in register
    existing = db.query(models.User).filter(models.User.email == user_in.email).first()
  File "C:\Users\Ananthapriyan M\AppData\Local\Programs\Python\Python314\Lib\site-packages\sqlalchemy\orm\query.py", line 2766, in first
    return self.limit(1)._iter().first()  # type: ignore
           ~~~~~~~~~~~~~~~~~~~^^
  File "C:\Users\Ananthapriyan M\AppData\Local\Programs\Python\Python314\Lib\site-packages\sqlalchemy\orm\query.py", line 2864, in _iter
    result: Union[ScalarResult[_T], Result[_T]] = self.session.execute(
                                                  ~~~~~~~~~~~~~~~~~~~~^
        statement,
        ^^^^^^^^^^
        params,
        ^^^^^^^
        execution_options={"_sa_orm_load_options": self.load_options},
        ^^^^^^^^^^^^^^^^^^^^^^^^^^^^^^^^^^^^^^^^^^^^^^^^^^^^^^^^^^^^^^
    )
    ^
  File "C:\Users\Ananthapriyan M\AppData\Local\Programs\Python\Python314\Lib\site-packages\sqlalchemy\orm\session.py", line 2373, in execute
    return self._execute_internal(
           ~~~~~~~~~~~~~~~~~~~~~~^
        statement,
        ^^^^^^^^^^
    ...<4 lines>...
        _add_event=_add_event,
        ^^^^^^^^^^^^^^^^^^^^^^
    )
    ^
  File "C:\Users\Ananthapriyan M\AppData\Local\Programs\Python\Python314\Lib\site-packages\sqlalchemy\orm\session.py", line 2271, in _execute_internal
    result: Result[Any] = compile_state_cls.orm_execute_statement(
                          ~~~~~~~~~~~~~~~~~~~~~~~~~~~~~~~~~~~~~~~^
        self,
        ^^^^^
    ...<4 lines>...
        conn,
        ^^^^^
    )
    ^
  File "C:\Users\Ananthapriyan M\AppData\Local\Programs\Python\Python314\Lib\site-packages\sqlalchemy\orm\context.py", line 306, in orm_execute_statement
    result = conn.execute(
        statement, params or {}, execution_options=execution_options
    )
  File "C:\Users\Ananthapriyan M\AppData\Local\Programs\Python\Python314\Lib\site-packages\sqlalchemy\engine\base.py", line 1421, in execute
    return meth(
        self,
        distilled_parameters,
        execution_options or NO_OPTIONS,
    )
  File "C:\Users\Ananthapriyan M\AppData\Local\Programs\Python\Python314\Lib\site-packages\sqlalchemy\sql\elements.py", line 526, in _execute_on_connection
    return connection._execute_clauseelement(
           ~~~~~~~~~~~~~~~~~~~~~~~~~~~~~~~~~^
        self, distilled_params, execution_options
        ^^^^^^^^^^^^^^^^^^^^^^^^^^^^^^^^^^^^^^^^^
    )
    ^
  File "C:\Users\Ananthapriyan M\AppData\Local\Programs\Python\Python314\Lib\site-packages\sqlalchemy\engine\base.py", line 1643, in _execute_clauseelement
    ret = self._execute_context(
        dialect,
    ...<8 lines>...
        cache_hit=cache_hit,
    )
  File "C:\Users\Ananthapriyan M\AppData\Local\Programs\Python\Python314\Lib\site-packages\sqlalchemy\engine\base.py", line 1848, in _execute_context
    return self._exec_single_context(
           ~~~~~~~~~~~~~~~~~~~~~~~~~^
        dialect, context, statement, parameters
        ^^^^^^^^^^^^^^^^^^^^^^^^^^^^^^^^^^^^^^^
    )
    ^
  File "C:\Users\Ananthapriyan M\AppData\Local\Programs\Python\Python314\Lib\site-packages\sqlalchemy\engine\base.py", line 1988, in _exec_single_context
    self._handle_dbapi_exception(
    ~~~~~~~~~~~~~~~~~~~~~~~~~~~~^
        e, str_statement, effective_parameters, cursor, context
        ^^^^^^^^^^^^^^^^^^^^^^^^^^^^^^^^^^^^^^^^^^^^^^^^^^^^^^^
    )
    ^
  File "C:\Users\Ananthapriyan M\AppData\Local\Programs\Python\Python314\Lib\site-packages\sqlalchemy\engine\base.py", line 2365, in _handle_dbapi_exception
    raise sqlalchemy_exception.with_traceback(exc_info[2]) from e
  File "C:\Users\Ananthapriyan M\AppData\Local\Programs\Python\Python314\Lib\site-packages\sqlalchemy\engine\base.py", line 1969, in _exec_single_context
    self.dialect.do_execute(
    ~~~~~~~~~~~~~~~~~~~~~~~^
        cursor, str_statement, effective_parameters, context
        ^^^^^^^^^^^^^^^^^^^^^^^^^^^^^^^^^^^^^^^^^^^^^^^^^^^^
    )
    ^
  File "C:\Users\Ananthapriyan M\AppData\Local\Programs\Python\Python314\Lib\site-packages\sqlalchemy\engine\default.py", line 952, in do_execute
    cursor.execute(statement, parameters)
    ~~~~~~~~~~~~~~^^^^^^^^^^^^^^^^^^^^^^^
sqlalchemy.exc.OperationalError: (sqlite3.OperationalError) no such column: users.last_login
[SQL: SELECT users.id AS users_id, users.email AS users_email, users.full_name AS users_full_name, users.hashed_password AS users_hashed_password, users.role AS users_role, users.is_active AS users_is_active, users.created_at AS users_created_at, users.last_login AS users_last_login 
FROM users 
WHERE users.email = ?
 LIMIT ? OFFSET ?]
[parameters: ('24219@slcs.edu.in', 1, 0)]
(Background on this error at: https://sqlalche.me/e/20/e3q8)
2026-08-04T19:30:13 | ERROR    | CloudVulnEngine | Unhandled exception on POST /api/auth/register: (sqlite3.OperationalError) no such column: users.last_login
[SQL: SELECT users.id AS users_id, users.email AS users_email, users.full_name AS users_full_name, users.hashed_password AS users_hashed_password, users.role AS users_role, users.is_active AS users_is_active, users.created_at AS users_created_at, users.last_login AS users_last_login 
FROM users 
WHERE users.email = ?
 LIMIT ? OFFSET ?]
[parameters: ('24219@slcs.edu.in', 1, 0)]
(Background on this error at: https://sqlalche.me/e/20/e3q8)
Traceback (most recent call last):
  File "C:\Users\Ananthapriyan M\AppData\Local\Programs\Python\Python314\Lib\site-packages\sqlalchemy\engine\base.py", line 1969, in _exec_single_context
    self.dialect.do_execute(
    ~~~~~~~~~~~~~~~~~~~~~~~^
        cursor, str_statement, effective_parameters, context
        ^^^^^^^^^^^^^^^^^^^^^^^^^^^^^^^^^^^^^^^^^^^^^^^^^^^^
    )
    ^
  File "C:\Users\Ananthapriyan M\AppData\Local\Programs\Python\Python314\Lib\site-packages\sqlalchemy\engine\default.py", line 952, in do_execute
    cursor.execute(statement, parameters)
    ~~~~~~~~~~~~~~^^^^^^^^^^^^^^^^^^^^^^^
sqlite3.OperationalError: no such column: users.last_login

The above exception was the direct cause of the following exception:

Traceback (most recent call last):
  File "C:\Users\Ananthapriyan M\AppData\Local\Programs\Python\Python314\Lib\site-packages\starlette\middleware\errors.py", line 164, in __call__
    await self.app(scope, receive, _send)
  File "C:\Users\Ananthapriyan M\AppData\Local\Programs\Python\Python314\Lib\site-packages\starlette\middleware\base.py", line 193, in __call__
    response = await self.dispatch_func(request, call_next)
               ^^^^^^^^^^^^^^^^^^^^^^^^^^^^^^^^^^^^^^^^^^^^
  File "C:\Users\Ananthapriyan M\Downloads\cloudvuln\backend\main.py", line 128, in security_middleware
    response = await call_next(request)
               ^^^^^^^^^^^^^^^^^^^^^^^^
  File "C:\Users\Ananthapriyan M\AppData\Local\Programs\Python\Python314\Lib\site-packages\starlette\middleware\base.py", line 168, in call_next
    raise app_exc from app_exc.__cause__ or app_exc.__context__
  File "C:\Users\Ananthapriyan M\AppData\Local\Programs\Python\Python314\Lib\site-packages\starlette\middleware\base.py", line 144, in coro
    await self.app(scope, receive_or_disconnect, send_no_error)
  File "C:\Users\Ananthapriyan M\AppData\Local\Programs\Python\Python314\Lib\site-packages\starlette\middleware\cors.py", line 96, in __call__
    await self.simple_response(scope, receive, send, request_headers=headers)
  File "C:\Users\Ananthapriyan M\AppData\Local\Programs\Python\Python314\Lib\site-packages\starlette\middleware\cors.py", line 154, in simple_response
    await self.app(scope, receive, send)
  File "C:\Users\Ananthapriyan M\AppData\Local\Programs\Python\Python314\Lib\site-packages\starlette\middleware\exceptions.py", line 63, in __call__
    await wrap_app_handling_exceptions(self.app, conn)(scope, receive, send)
  File "C:\Users\Ananthapriyan M\AppData\Local\Programs\Python\Python314\Lib\site-packages\starlette\_exception_handler.py", line 53, in wrapped_app
    raise exc
  File "C:\Users\Ananthapriyan M\AppData\Local\Programs\Python\Python314\Lib\site-packages\starlette\_exception_handler.py", line 42, in wrapped_app
    await app(scope, receive, sender)
  File "C:\Users\Ananthapriyan M\AppData\Local\Programs\Python\Python314\Lib\site-packages\fastapi\middleware\asyncexitstack.py", line 18, in __call__
    await self.app(scope, receive, send)
  File "C:\Users\Ananthapriyan M\AppData\Local\Programs\Python\Python314\Lib\site-packages\starlette\routing.py", line 660, in __call__
    await self.middleware_stack(scope, receive, send)
  File "C:\Users\Ananthapriyan M\AppData\Local\Programs\Python\Python314\Lib\site-packages\fastapi\routing.py", line 2672, in app
    await route.handle(scope, receive, send)
  File "C:\Users\Ananthapriyan M\AppData\Local\Programs\Python\Python314\Lib\site-packages\fastapi\routing.py", line 1266, in handle
    await super().handle(scope, receive, send)
  File "C:\Users\Ananthapriyan M\AppData\Local\Programs\Python\Python314\Lib\site-packages\starlette\routing.py", line 276, in handle
    await self.app(scope, receive, send)
  File "C:\Users\Ananthapriyan M\AppData\Local\Programs\Python\Python314\Lib\site-packages\fastapi\routing.py", line 150, in app
    await wrap_app_handling_exceptions(app, request)(scope, receive, send)
  File "C:\Users\Ananthapriyan M\AppData\Local\Programs\Python\Python314\Lib\site-packages\starlette\_exception_handler.py", line 53, in wrapped_app
    raise exc
  File "C:\Users\Ananthapriyan M\AppData\Local\Programs\Python\Python314\Lib\site-packages\starlette\_exception_handler.py", line 42, in wrapped_app
    await app(scope, receive, sender)
  File "C:\Users\Ananthapriyan M\AppData\Local\Programs\Python\Python314\Lib\site-packages\fastapi\routing.py", line 136, in app
    response = await f(request)
               ^^^^^^^^^^^^^^^^
  File "C:\Users\Ananthapriyan M\AppData\Local\Programs\Python\Python314\Lib\site-packages\fastapi\routing.py", line 690, in app
    raw_response = await run_endpoint_function(
                   ^^^^^^^^^^^^^^^^^^^^^^^^^^^^
    ...<3 lines>...
    )
    ^
  File "C:\Users\Ananthapriyan M\AppData\Local\Programs\Python\Python314\Lib\site-packages\fastapi\routing.py", line 346, in run_endpoint_function
    return await run_in_threadpool(dependant.call, **values)
           ^^^^^^^^^^^^^^^^^^^^^^^^^^^^^^^^^^^^^^^^^^^^^^^^^
  File "C:\Users\Ananthapriyan M\AppData\Local\Programs\Python\Python314\Lib\site-packages\starlette\concurrency.py", line 34, in run_in_threadpool
    return await anyio.to_thread.run_sync(func)
           ^^^^^^^^^^^^^^^^^^^^^^^^^^^^^^^^^^^^
  File "C:\Users\Ananthapriyan M\AppData\Local\Programs\Python\Python314\Lib\site-packages\anyio\to_thread.py", line 63, in run_sync
    return await get_async_backend().run_sync_in_worker_thread(
           ^^^^^^^^^^^^^^^^^^^^^^^^^^^^^^^^^^^^^^^^^^^^^^^^^^^^
        func, args, abandon_on_cancel=abandon_on_cancel, limiter=limiter
        ^^^^^^^^^^^^^^^^^^^^^^^^^^^^^^^^^^^^^^^^^^^^^^^^^^^^^^^^^^^^^^^^
    )
    ^
  File "C:\Users\Ananthapriyan M\AppData\Local\Programs\Python\Python314\Lib\site-packages\anyio\_backends\_asyncio.py", line 2502, in run_sync_in_worker_thread
    return await future
           ^^^^^^^^^^^^
  File "C:\Users\Ananthapriyan M\AppData\Local\Programs\Python\Python314\Lib\site-packages\anyio\_backends\_asyncio.py", line 986, in run
    result = context.run(func, *args)
  File "C:\Users\Ananthapriyan M\Downloads\cloudvuln\backend\main.py", line 251, in register
    existing = db.query(models.User).filter(models.User.email == user_in.email).first()
  File "C:\Users\Ananthapriyan M\AppData\Local\Programs\Python\Python314\Lib\site-packages\sqlalchemy\orm\query.py", line 2766, in first
    return self.limit(1)._iter().first()  # type: ignore
           ~~~~~~~~~~~~~~~~~~~^^
  File "C:\Users\Ananthapriyan M\AppData\Local\Programs\Python\Python314\Lib\site-packages\sqlalchemy\orm\query.py", line 2864, in _iter
    result: Union[ScalarResult[_T], Result[_T]] = self.session.execute(
                                                  ~~~~~~~~~~~~~~~~~~~~^
        statement,
        ^^^^^^^^^^
        params,
        ^^^^^^^
        execution_options={"_sa_orm_load_options": self.load_options},
        ^^^^^^^^^^^^^^^^^^^^^^^^^^^^^^^^^^^^^^^^^^^^^^^^^^^^^^^^^^^^^^
    )
    ^
  File "C:\Users\Ananthapriyan M\AppData\Local\Programs\Python\Python314\Lib\site-packages\sqlalchemy\orm\session.py", line 2373, in execute
    return self._execute_internal(
           ~~~~~~~~~~~~~~~~~~~~~~^
        statement,
        ^^^^^^^^^^
    ...<4 lines>...
        _add_event=_add_event,
        ^^^^^^^^^^^^^^^^^^^^^^
    )
    ^
  File "C:\Users\Ananthapriyan M\AppData\Local\Programs\Python\Python314\Lib\site-packages\sqlalchemy\orm\session.py", line 2271, in _execute_internal
    result: Result[Any] = compile_state_cls.orm_execute_statement(
                          ~~~~~~~~~~~~~~~~~~~~~~~~~~~~~~~~~~~~~~~^
        self,
        ^^^^^
    ...<4 lines>...
        conn,
        ^^^^^
    )
    ^
  File "C:\Users\Ananthapriyan M\AppData\Local\Programs\Python\Python314\Lib\site-packages\sqlalchemy\orm\context.py", line 306, in orm_execute_statement
    result = conn.execute(
        statement, params or {}, execution_options=execution_options
    )
  File "C:\Users\Ananthapriyan M\AppData\Local\Programs\Python\Python314\Lib\site-packages\sqlalchemy\engine\base.py", line 1421, in execute
    return meth(
        self,
        distilled_parameters,
        execution_options or NO_OPTIONS,
    )
  File "C:\Users\Ananthapriyan M\AppData\Local\Programs\Python\Python314\Lib\site-packages\sqlalchemy\sql\elements.py", line 526, in _execute_on_connection
    return connection._execute_clauseelement(
           ~~~~~~~~~~~~~~~~~~~~~~~~~~~~~~~~~^
        self, distilled_params, execution_options
        ^^^^^^^^^^^^^^^^^^^^^^^^^^^^^^^^^^^^^^^^^
    )
    ^
  File "C:\Users\Ananthapriyan M\AppData\Local\Programs\Python\Python314\Lib\site-packages\sqlalchemy\engine\base.py", line 1643, in _execute_clauseelement
    ret = self._execute_context(
        dialect,
    ...<8 lines>...
        cache_hit=cache_hit,
    )
  File "C:\Users\Ananthapriyan M\AppData\Local\Programs\Python\Python314\Lib\site-packages\sqlalchemy\engine\base.py", line 1848, in _execute_context
    return self._exec_single_context(
           ~~~~~~~~~~~~~~~~~~~~~~~~~^
        dialect, context, statement, parameters
        ^^^^^^^^^^^^^^^^^^^^^^^^^^^^^^^^^^^^^^^
    )
    ^
  File "C:\Users\Ananthapriyan M\AppData\Local\Programs\Python\Python314\Lib\site-packages\sqlalchemy\engine\base.py", line 1988, in _exec_single_context
    self._handle_dbapi_exception(
    ~~~~~~~~~~~~~~~~~~~~~~~~~~~~^
        e, str_statement, effective_parameters, cursor, context
        ^^^^^^^^^^^^^^^^^^^^^^^^^^^^^^^^^^^^^^^^^^^^^^^^^^^^^^^
    )
    ^
  File "C:\Users\Ananthapriyan M\AppData\Local\Programs\Python\Python314\Lib\site-packages\sqlalchemy\engine\base.py", line 2365, in _handle_dbapi_exception
    raise sqlalchemy_exception.with_traceback(exc_info[2]) from e
  File "C:\Users\Ananthapriyan M\AppData\Local\Programs\Python\Python314\Lib\site-packages\sqlalchemy\engine\base.py", line 1969, in _exec_single_context
    self.dialect.do_execute(
    ~~~~~~~~~~~~~~~~~~~~~~~^
        cursor, str_statement, effective_parameters, context
        ^^^^^^^^^^^^^^^^^^^^^^^^^^^^^^^^^^^^^^^^^^^^^^^^^^^^
    )
    ^
  File "C:\Users\Ananthapriyan M\AppData\Local\Programs\Python\Python314\Lib\site-packages\sqlalchemy\engine\default.py", line 952, in do_execute
    cursor.execute(statement, parameters)
    ~~~~~~~~~~~~~~^^^^^^^^^^^^^^^^^^^^^^^
sqlalchemy.exc.OperationalError: (sqlite3.OperationalError) no such column: users.last_login
[SQL: SELECT users.id AS users_id, users.email AS users_email, users.full_name AS users_full_name, users.hashed_password AS users_hashed_password, users.role AS users_role, users.is_active AS users_is_active, users.created_at AS users_created_at, users.last_login AS users_last_login 
FROM users 
WHERE users.email = ?
 LIMIT ? OFFSET ?]
[parameters: ('24219@slcs.edu.in', 1, 0)]
(Background on this error at: https://sqlalche.me/e/20/e3q8)
2026-08-04T19:30:18 | ERROR    | CloudVulnEngine | Unhandled exception on POST /api/auth/register: (sqlite3.OperationalError) no such column: users.last_login
[SQL: SELECT users.id AS users_id, users.email AS users_email, users.full_name AS users_full_name, users.hashed_password AS users_hashed_password, users.role AS users_role, users.is_active AS users_is_active, users.created_at AS users_created_at, users.last_login AS users_last_login 
FROM users 
WHERE users.email = ?
 LIMIT ? OFFSET ?]
[parameters: ('24219@slcs.edu.in', 1, 0)]
(Background on this error at: https://sqlalche.me/e/20/e3q8)
Traceback (most recent call last):
  File "C:\Users\Ananthapriyan M\AppData\Local\Programs\Python\Python314\Lib\site-packages\sqlalchemy\engine\base.py", line 1969, in _exec_single_context
    self.dialect.do_execute(
    ~~~~~~~~~~~~~~~~~~~~~~~^
        cursor, str_statement, effective_parameters, context
        ^^^^^^^^^^^^^^^^^^^^^^^^^^^^^^^^^^^^^^^^^^^^^^^^^^^^
    )
    ^
  File "C:\Users\Ananthapriyan M\AppData\Local\Programs\Python\Python314\Lib\site-packages\sqlalchemy\engine\default.py", line 952, in do_execute
    cursor.execute(statement, parameters)
    ~~~~~~~~~~~~~~^^^^^^^^^^^^^^^^^^^^^^^
sqlite3.OperationalError: no such column: users.last_login

The above exception was the direct cause of the following exception:

Traceback (most recent call last):
  File "C:\Users\Ananthapriyan M\AppData\Local\Programs\Python\Python314\Lib\site-packages\starlette\middleware\errors.py", line 164, in __call__
    await self.app(scope, receive, _send)
  File "C:\Users\Ananthapriyan M\AppData\Local\Programs\Python\Python314\Lib\site-packages\starlette\middleware\base.py", line 193, in __call__
    response = await self.dispatch_func(request, call_next)
               ^^^^^^^^^^^^^^^^^^^^^^^^^^^^^^^^^^^^^^^^^^^^
  File "C:\Users\Ananthapriyan M\Downloads\cloudvuln\backend\main.py", line 128, in security_middleware
    response = await call_next(request)
               ^^^^^^^^^^^^^^^^^^^^^^^^
  File "C:\Users\Ananthapriyan M\AppData\Local\Programs\Python\Python314\Lib\site-packages\starlette\middleware\base.py", line 168, in call_next
    raise app_exc from app_exc.__cause__ or app_exc.__context__
  File "C:\Users\Ananthapriyan M\AppData\Local\Programs\Python\Python314\Lib\site-packages\starlette\middleware\base.py", line 144, in coro
    await self.app(scope, receive_or_disconnect, send_no_error)
  File "C:\Users\Ananthapriyan M\AppData\Local\Programs\Python\Python314\Lib\site-packages\starlette\middleware\cors.py", line 96, in __call__
    await self.simple_response(scope, receive, send, request_headers=headers)
  File "C:\Users\Ananthapriyan M\AppData\Local\Programs\Python\Python314\Lib\site-packages\starlette\middleware\cors.py", line 154, in simple_response
    await self.app(scope, receive, send)
  File "C:\Users\Ananthapriyan M\AppData\Local\Programs\Python\Python314\Lib\site-packages\starlette\middleware\exceptions.py", line 63, in __call__
    await wrap_app_handling_exceptions(self.app, conn)(scope, receive, send)
  File "C:\Users\Ananthapriyan M\AppData\Local\Programs\Python\Python314\Lib\site-packages\starlette\_exception_handler.py", line 53, in wrapped_app
    raise exc
  File "C:\Users\Ananthapriyan M\AppData\Local\Programs\Python\Python314\Lib\site-packages\starlette\_exception_handler.py", line 42, in wrapped_app
    await app(scope, receive, sender)
  File "C:\Users\Ananthapriyan M\AppData\Local\Programs\Python\Python314\Lib\site-packages\fastapi\middleware\asyncexitstack.py", line 18, in __call__
    await self.app(scope, receive, send)
  File "C:\Users\Ananthapriyan M\AppData\Local\Programs\Python\Python314\Lib\site-packages\starlette\routing.py", line 660, in __call__
    await self.middleware_stack(scope, receive, send)
  File "C:\Users\Ananthapriyan M\AppData\Local\Programs\Python\Python314\Lib\site-packages\fastapi\routing.py", line 2672, in app
    await route.handle(scope, receive, send)
  File "C:\Users\Ananthapriyan M\AppData\Local\Programs\Python\Python314\Lib\site-packages\fastapi\routing.py", line 1266, in handle
    await super().handle(scope, receive, send)
  File "C:\Users\Ananthapriyan M\AppData\Local\Programs\Python\Python314\Lib\site-packages\starlette\routing.py", line 276, in handle
    await self.app(scope, receive, send)
  File "C:\Users\Ananthapriyan M\AppData\Local\Programs\Python\Python314\Lib\site-packages\fastapi\routing.py", line 150, in app
    await wrap_app_handling_exceptions(app, request)(scope, receive, send)
  File "C:\Users\Ananthapriyan M\AppData\Local\Programs\Python\Python314\Lib\site-packages\starlette\_exception_handler.py", line 53, in wrapped_app
    raise exc
  File "C:\Users\Ananthapriyan M\AppData\Local\Programs\Python\Python314\Lib\site-packages\starlette\_exception_handler.py", line 42, in wrapped_app
    await app(scope, receive, sender)
  File "C:\Users\Ananthapriyan M\AppData\Local\Programs\Python\Python314\Lib\site-packages\fastapi\routing.py", line 136, in app
    response = await f(request)
               ^^^^^^^^^^^^^^^^
  File "C:\Users\Ananthapriyan M\AppData\Local\Programs\Python\Python314\Lib\site-packages\fastapi\routing.py", line 690, in app
    raw_response = await run_endpoint_function(
                   ^^^^^^^^^^^^^^^^^^^^^^^^^^^^
    ...<3 lines>...
    )
    ^
  File "C:\Users\Ananthapriyan M\AppData\Local\Programs\Python\Python314\Lib\site-packages\fastapi\routing.py", line 346, in run_endpoint_function
    return await run_in_threadpool(dependant.call, **values)
           ^^^^^^^^^^^^^^^^^^^^^^^^^^^^^^^^^^^^^^^^^^^^^^^^^
  File "C:\Users\Ananthapriyan M\AppData\Local\Programs\Python\Python314\Lib\site-packages\starlette\concurrency.py", line 34, in run_in_threadpool
    return await anyio.to_thread.run_sync(func)
           ^^^^^^^^^^^^^^^^^^^^^^^^^^^^^^^^^^^^
  File "C:\Users\Ananthapriyan M\AppData\Local\Programs\Python\Python314\Lib\site-packages\anyio\to_thread.py", line 63, in run_sync
    return await get_async_backend().run_sync_in_worker_thread(
           ^^^^^^^^^^^^^^^^^^^^^^^^^^^^^^^^^^^^^^^^^^^^^^^^^^^^
        func, args, abandon_on_cancel=abandon_on_cancel, limiter=limiter
        ^^^^^^^^^^^^^^^^^^^^^^^^^^^^^^^^^^^^^^^^^^^^^^^^^^^^^^^^^^^^^^^^
    )
    ^
  File "C:\Users\Ananthapriyan M\AppData\Local\Programs\Python\Python314\Lib\site-packages\anyio\_backends\_asyncio.py", line 2502, in run_sync_in_worker_thread
    return await future
           ^^^^^^^^^^^^
  File "C:\Users\Ananthapriyan M\AppData\Local\Programs\Python\Python314\Lib\site-packages\anyio\_backends\_asyncio.py", line 986, in run
    result = context.run(func, *args)
  File "C:\Users\Ananthapriyan M\Downloads\cloudvuln\backend\main.py", line 251, in register
    existing = db.query(models.User).filter(models.User.email == user_in.email).first()
  File "C:\Users\Ananthapriyan M\AppData\Local\Programs\Python\Python314\Lib\site-packages\sqlalchemy\orm\query.py", line 2766, in first
    return self.limit(1)._iter().first()  # type: ignore
           ~~~~~~~~~~~~~~~~~~~^^
  File "C:\Users\Ananthapriyan M\AppData\Local\Programs\Python\Python314\Lib\site-packages\sqlalchemy\orm\query.py", line 2864, in _iter
    result: Union[ScalarResult[_T], Result[_T]] = self.session.execute(
                                                  ~~~~~~~~~~~~~~~~~~~~^
        statement,
        ^^^^^^^^^^
        params,
        ^^^^^^^
        execution_options={"_sa_orm_load_options": self.load_options},
        ^^^^^^^^^^^^^^^^^^^^^^^^^^^^^^^^^^^^^^^^^^^^^^^^^^^^^^^^^^^^^^
    )
    ^
  File "C:\Users\Ananthapriyan M\AppData\Local\Programs\Python\Python314\Lib\site-packages\sqlalchemy\orm\session.py", line 2373, in execute
    return self._execute_internal(
           ~~~~~~~~~~~~~~~~~~~~~~^
        statement,
        ^^^^^^^^^^
    ...<4 lines>...
        _add_event=_add_event,
        ^^^^^^^^^^^^^^^^^^^^^^
    )
    ^
  File "C:\Users\Ananthapriyan M\AppData\Local\Programs\Python\Python314\Lib\site-packages\sqlalchemy\orm\session.py", line 2271, in _execute_internal
    result: Result[Any] = compile_state_cls.orm_execute_statement(
                          ~~~~~~~~~~~~~~~~~~~~~~~~~~~~~~~~~~~~~~~^
        self,
        ^^^^^
    ...<4 lines>...
        conn,
        ^^^^^
    )
    ^
  File "C:\Users\Ananthapriyan M\AppData\Local\Programs\Python\Python314\Lib\site-packages\sqlalchemy\orm\context.py", line 306, in orm_execute_statement
    result = conn.execute(
        statement, params or {}, execution_options=execution_options
    )
  File "C:\Users\Ananthapriyan M\AppData\Local\Programs\Python\Python314\Lib\site-packages\sqlalchemy\engine\base.py", line 1421, in execute
    return meth(
        self,
        distilled_parameters,
        execution_options or NO_OPTIONS,
    )
  File "C:\Users\Ananthapriyan M\AppData\Local\Programs\Python\Python314\Lib\site-packages\sqlalchemy\sql\elements.py", line 526, in _execute_on_connection
    return connection._execute_clauseelement(
           ~~~~~~~~~~~~~~~~~~~~~~~~~~~~~~~~~^
        self, distilled_params, execution_options
        ^^^^^^^^^^^^^^^^^^^^^^^^^^^^^^^^^^^^^^^^^
    )
    ^
  File "C:\Users\Ananthapriyan M\AppData\Local\Programs\Python\Python314\Lib\site-packages\sqlalchemy\engine\base.py", line 1643, in _execute_clauseelement
    ret = self._execute_context(
        dialect,
    ...<8 lines>...
        cache_hit=cache_hit,
    )
  File "C:\Users\Ananthapriyan M\AppData\Local\Programs\Python\Python314\Lib\site-packages\sqlalchemy\engine\base.py", line 1848, in _execute_context
    return self._exec_single_context(
           ~~~~~~~~~~~~~~~~~~~~~~~~~^
        dialect, context, statement, parameters
        ^^^^^^^^^^^^^^^^^^^^^^^^^^^^^^^^^^^^^^^
    )
    ^
  File "C:\Users\Ananthapriyan M\AppData\Local\Programs\Python\Python314\Lib\site-packages\sqlalchemy\engine\base.py", line 1988, in _exec_single_context
    self._handle_dbapi_exception(
    ~~~~~~~~~~~~~~~~~~~~~~~~~~~~^
        e, str_statement, effective_parameters, cursor, context
        ^^^^^^^^^^^^^^^^^^^^^^^^^^^^^^^^^^^^^^^^^^^^^^^^^^^^^^^
    )
    ^
  File "C:\Users\Ananthapriyan M\AppData\Local\Programs\Python\Python314\Lib\site-packages\sqlalchemy\engine\base.py", line 2365, in _handle_dbapi_exception
    raise sqlalchemy_exception.with_traceback(exc_info[2]) from e
  File "C:\Users\Ananthapriyan M\AppData\Local\Programs\Python\Python314\Lib\site-packages\sqlalchemy\engine\base.py", line 1969, in _exec_single_context
    self.dialect.do_execute(
    ~~~~~~~~~~~~~~~~~~~~~~~^
        cursor, str_statement, effective_parameters, context
        ^^^^^^^^^^^^^^^^^^^^^^^^^^^^^^^^^^^^^^^^^^^^^^^^^^^^
    )
    ^
  File "C:\Users\Ananthapriyan M\AppData\Local\Programs\Python\Python314\Lib\site-packages\sqlalchemy\engine\default.py", line 952, in do_execute
    cursor.execute(statement, parameters)
    ~~~~~~~~~~~~~~^^^^^^^^^^^^^^^^^^^^^^^
sqlalchemy.exc.OperationalError: (sqlite3.OperationalError) no such column: users.last_login
[SQL: SELECT users.id AS users_id, users.email AS users_email, users.full_name AS users_full_name, users.hashed_password AS users_hashed_password, users.role AS users_role, users.is_active AS users_is_active, users.created_at AS users_created_at, users.last_login AS users_last_login 
FROM users 
WHERE users.email = ?
 LIMIT ? OFFSET ?]
[parameters: ('24219@slcs.edu.in', 1, 0)]
(Background on this error at: https://sqlalche.me/e/20/e3q8)
2026-08-04T19:30:24 | ERROR    | CloudVulnEngine | Unhandled exception on POST /api/auth/register: (sqlite3.OperationalError) no such column: users.last_login
[SQL: SELECT users.id AS users_id, users.email AS users_email, users.full_name AS users_full_name, users.hashed_password AS users_hashed_password, users.role AS users_role, users.is_active AS users_is_active, users.created_at AS users_created_at, users.last_login AS users_last_login 
FROM users 
WHERE users.email = ?
 LIMIT ? OFFSET ?]
[parameters: ('24219@slcs.edu.in', 1, 0)]
(Background on this error at: https://sqlalche.me/e/20/e3q8)
Traceback (most recent call last):
  File "C:\Users\Ananthapriyan M\AppData\Local\Programs\Python\Python314\Lib\site-packages\sqlalchemy\engine\base.py", line 1969, in _exec_single_context
    self.dialect.do_execute(
    ~~~~~~~~~~~~~~~~~~~~~~~^
        cursor, str_statement, effective_parameters, context
        ^^^^^^^^^^^^^^^^^^^^^^^^^^^^^^^^^^^^^^^^^^^^^^^^^^^^
    )
    ^
  File "C:\Users\Ananthapriyan M\AppData\Local\Programs\Python\Python314\Lib\site-packages\sqlalchemy\engine\default.py", line 952, in do_execute
    cursor.execute(statement, parameters)
    ~~~~~~~~~~~~~~^^^^^^^^^^^^^^^^^^^^^^^
sqlite3.OperationalError: no such column: users.last_login

The above exception was the direct cause of the following exception:

Traceback (most recent call last):
  File "C:\Users\Ananthapriyan M\AppData\Local\Programs\Python\Python314\Lib\site-packages\starlette\middleware\errors.py", line 164, in __call__
    await self.app(scope, receive, _send)
  File "C:\Users\Ananthapriyan M\AppData\Local\Programs\Python\Python314\Lib\site-packages\starlette\middleware\base.py", line 193, in __call__
    response = await self.dispatch_func(request, call_next)
               ^^^^^^^^^^^^^^^^^^^^^^^^^^^^^^^^^^^^^^^^^^^^
  File "C:\Users\Ananthapriyan M\Downloads\cloudvuln\backend\main.py", line 128, in security_middleware
    response = await call_next(request)
               ^^^^^^^^^^^^^^^^^^^^^^^^
  File "C:\Users\Ananthapriyan M\AppData\Local\Programs\Python\Python314\Lib\site-packages\starlette\middleware\base.py", line 168, in call_next
    raise app_exc from app_exc.__cause__ or app_exc.__context__
  File "C:\Users\Ananthapriyan M\AppData\Local\Programs\Python\Python314\Lib\site-packages\starlette\middleware\base.py", line 144, in coro
    await self.app(scope, receive_or_disconnect, send_no_error)
  File "C:\Users\Ananthapriyan M\AppData\Local\Programs\Python\Python314\Lib\site-packages\starlette\middleware\cors.py", line 96, in __call__
    await self.simple_response(scope, receive, send, request_headers=headers)
  File "C:\Users\Ananthapriyan M\AppData\Local\Programs\Python\Python314\Lib\site-packages\starlette\middleware\cors.py", line 154, in simple_response
    await self.app(scope, receive, send)
  File "C:\Users\Ananthapriyan M\AppData\Local\Programs\Python\Python314\Lib\site-packages\starlette\middleware\exceptions.py", line 63, in __call__
    await wrap_app_handling_exceptions(self.app, conn)(scope, receive, send)
  File "C:\Users\Ananthapriyan M\AppData\Local\Programs\Python\Python314\Lib\site-packages\starlette\_exception_handler.py", line 53, in wrapped_app
    raise exc
  File "C:\Users\Ananthapriyan M\AppData\Local\Programs\Python\Python314\Lib\site-packages\starlette\_exception_handler.py", line 42, in wrapped_app
    await app(scope, receive, sender)
  File "C:\Users\Ananthapriyan M\AppData\Local\Programs\Python\Python314\Lib\site-packages\fastapi\middleware\asyncexitstack.py", line 18, in __call__
    await self.app(scope, receive, send)
  File "C:\Users\Ananthapriyan M\AppData\Local\Programs\Python\Python314\Lib\site-packages\starlette\routing.py", line 660, in __call__
    await self.middleware_stack(scope, receive, send)
  File "C:\Users\Ananthapriyan M\AppData\Local\Programs\Python\Python314\Lib\site-packages\fastapi\routing.py", line 2672, in app
    await route.handle(scope, receive, send)
  File "C:\Users\Ananthapriyan M\AppData\Local\Programs\Python\Python314\Lib\site-packages\fastapi\routing.py", line 1266, in handle
    await super().handle(scope, receive, send)
  File "C:\Users\Ananthapriyan M\AppData\Local\Programs\Python\Python314\Lib\site-packages\starlette\routing.py", line 276, in handle
    await self.app(scope, receive, send)
  File "C:\Users\Ananthapriyan M\AppData\Local\Programs\Python\Python314\Lib\site-packages\fastapi\routing.py", line 150, in app
    await wrap_app_handling_exceptions(app, request)(scope, receive, send)
  File "C:\Users\Ananthapriyan M\AppData\Local\Programs\Python\Python314\Lib\site-packages\starlette\_exception_handler.py", line 53, in wrapped_app
    raise exc
  File "C:\Users\Ananthapriyan M\AppData\Local\Programs\Python\Python314\Lib\site-packages\starlette\_exception_handler.py", line 42, in wrapped_app
    await app(scope, receive, sender)
  File "C:\Users\Ananthapriyan M\AppData\Local\Programs\Python\Python314\Lib\site-packages\fastapi\routing.py", line 136, in app
    response = await f(request)
               ^^^^^^^^^^^^^^^^
  File "C:\Users\Ananthapriyan M\AppData\Local\Programs\Python\Python314\Lib\site-packages\fastapi\routing.py", line 690, in app
    raw_response = await run_endpoint_function(
                   ^^^^^^^^^^^^^^^^^^^^^^^^^^^^
    ...<3 lines>...
    )
    ^
  File "C:\Users\Ananthapriyan M\AppData\Local\Programs\Python\Python314\Lib\site-packages\fastapi\routing.py", line 346, in run_endpoint_function
    return await run_in_threadpool(dependant.call, **values)
           ^^^^^^^^^^^^^^^^^^^^^^^^^^^^^^^^^^^^^^^^^^^^^^^^^
  File "C:\Users\Ananthapriyan M\AppData\Local\Programs\Python\Python314\Lib\site-packages\starlette\concurrency.py", line 34, in run_in_threadpool
    return await anyio.to_thread.run_sync(func)
           ^^^^^^^^^^^^^^^^^^^^^^^^^^^^^^^^^^^^
  File "C:\Users\Ananthapriyan M\AppData\Local\Programs\Python\Python314\Lib\site-packages\anyio\to_thread.py", line 63, in run_sync
    return await get_async_backend().run_sync_in_worker_thread(
           ^^^^^^^^^^^^^^^^^^^^^^^^^^^^^^^^^^^^^^^^^^^^^^^^^^^^
        func, args, abandon_on_cancel=abandon_on_cancel, limiter=limiter
        ^^^^^^^^^^^^^^^^^^^^^^^^^^^^^^^^^^^^^^^^^^^^^^^^^^^^^^^^^^^^^^^^
    )
    ^
  File "C:\Users\Ananthapriyan M\AppData\Local\Programs\Python\Python314\Lib\site-packages\anyio\_backends\_asyncio.py", line 2502, in run_sync_in_worker_thread
    return await future
           ^^^^^^^^^^^^
  File "C:\Users\Ananthapriyan M\AppData\Local\Programs\Python\Python314\Lib\site-packages\anyio\_backends\_asyncio.py", line 986, in run
    result = context.run(func, *args)
  File "C:\Users\Ananthapriyan M\Downloads\cloudvuln\backend\main.py", line 251, in register
    existing = db.query(models.User).filter(models.User.email == user_in.email).first()
  File "C:\Users\Ananthapriyan M\AppData\Local\Programs\Python\Python314\Lib\site-packages\sqlalchemy\orm\query.py", line 2766, in first
    return self.limit(1)._iter().first()  # type: ignore
           ~~~~~~~~~~~~~~~~~~~^^
  File "C:\Users\Ananthapriyan M\AppData\Local\Programs\Python\Python314\Lib\site-packages\sqlalchemy\orm\query.py", line 2864, in _iter
    result: Union[ScalarResult[_T], Result[_T]] = self.session.execute(
                                                  ~~~~~~~~~~~~~~~~~~~~^
        statement,
        ^^^^^^^^^^
        params,
        ^^^^^^^
        execution_options={"_sa_orm_load_options": self.load_options},
        ^^^^^^^^^^^^^^^^^^^^^^^^^^^^^^^^^^^^^^^^^^^^^^^^^^^^^^^^^^^^^^
    )
    ^
  File "C:\Users\Ananthapriyan M\AppData\Local\Programs\Python\Python314\Lib\site-packages\sqlalchemy\orm\session.py", line 2373, in execute
    return self._execute_internal(
           ~~~~~~~~~~~~~~~~~~~~~~^
        statement,
        ^^^^^^^^^^
    ...<4 lines>...
        _add_event=_add_event,
        ^^^^^^^^^^^^^^^^^^^^^^
    )
    ^
  File "C:\Users\Ananthapriyan M\AppData\Local\Programs\Python\Python314\Lib\site-packages\sqlalchemy\orm\session.py", line 2271, in _execute_internal
    result: Result[Any] = compile_state_cls.orm_execute_statement(
                          ~~~~~~~~~~~~~~~~~~~~~~~~~~~~~~~~~~~~~~~^
        self,
        ^^^^^
    ...<4 lines>...
        conn,
        ^^^^^
    )
    ^
  File "C:\Users\Ananthapriyan M\AppData\Local\Programs\Python\Python314\Lib\site-packages\sqlalchemy\orm\context.py", line 306, in orm_execute_statement
    result = conn.execute(
        statement, params or {}, execution_options=execution_options
    )
  File "C:\Users\Ananthapriyan M\AppData\Local\Programs\Python\Python314\Lib\site-packages\sqlalchemy\engine\base.py", line 1421, in execute
    return meth(
        self,
        distilled_parameters,
        execution_options or NO_OPTIONS,
    )
  File "C:\Users\Ananthapriyan M\AppData\Local\Programs\Python\Python314\Lib\site-packages\sqlalchemy\sql\elements.py", line 526, in _execute_on_connection
    return connection._execute_clauseelement(
           ~~~~~~~~~~~~~~~~~~~~~~~~~~~~~~~~~^
        self, distilled_params, execution_options
        ^^^^^^^^^^^^^^^^^^^^^^^^^^^^^^^^^^^^^^^^^
    )
    ^
  File "C:\Users\Ananthapriyan M\AppData\Local\Programs\Python\Python314\Lib\site-packages\sqlalchemy\engine\base.py", line 1643, in _execute_clauseelement
    ret = self._execute_context(
        dialect,
    ...<8 lines>...
        cache_hit=cache_hit,
    )
  File "C:\Users\Ananthapriyan M\AppData\Local\Programs\Python\Python314\Lib\site-packages\sqlalchemy\engine\base.py", line 1848, in _execute_context
    return self._exec_single_context(
           ~~~~~~~~~~~~~~~~~~~~~~~~~^
        dialect, context, statement, parameters
        ^^^^^^^^^^^^^^^^^^^^^^^^^^^^^^^^^^^^^^^
    )
    ^
  File "C:\Users\Ananthapriyan M\AppData\Local\Programs\Python\Python314\Lib\site-packages\sqlalchemy\engine\base.py", line 1988, in _exec_single_context
    self._handle_dbapi_exception(
    ~~~~~~~~~~~~~~~~~~~~~~~~~~~~^
        e, str_statement, effective_parameters, cursor, context
        ^^^^^^^^^^^^^^^^^^^^^^^^^^^^^^^^^^^^^^^^^^^^^^^^^^^^^^^
    )
    ^
  File "C:\Users\Ananthapriyan M\AppData\Local\Programs\Python\Python314\Lib\site-packages\sqlalchemy\engine\base.py", line 2365, in _handle_dbapi_exception
    raise sqlalchemy_exception.with_traceback(exc_info[2]) from e
  File "C:\Users\Ananthapriyan M\AppData\Local\Programs\Python\Python314\Lib\site-packages\sqlalchemy\engine\base.py", line 1969, in _exec_single_context
    self.dialect.do_execute(
    ~~~~~~~~~~~~~~~~~~~~~~~^
        cursor, str_statement, effective_parameters, context
        ^^^^^^^^^^^^^^^^^^^^^^^^^^^^^^^^^^^^^^^^^^^^^^^^^^^^
    )
    ^
  File "C:\Users\Ananthapriyan M\AppData\Local\Programs\Python\Python314\Lib\site-packages\sqlalchemy\engine\default.py", line 952, in do_execute
    cursor.execute(statement, parameters)
    ~~~~~~~~~~~~~~^^^^^^^^^^^^^^^^^^^^^^^
sqlalchemy.exc.OperationalError: (sqlite3.OperationalError) no such column: users.last_login
[SQL: SELECT users.id AS users_id, users.email AS users_email, users.full_name AS users_full_name, users.hashed_password AS users_hashed_password, users.role AS users_role, users.is_active AS users_is_active, users.created_at AS users_created_at, users.last_login AS users_last_login 
FROM users 
WHERE users.email = ?
 LIMIT ? OFFSET ?]
[parameters: ('24219@slcs.edu.in', 1, 0)]
(Background on this error at: https://sqlalche.me/e/20/e3q8)
2026-08-04T19:30:30 | INFO     | CloudVulnEngine | [b1a5e468] GET /api/dashboard/summary | status=200 | ip=127.0.0.1 | 41.71ms
2026-08-04T19:30:30 | INFO     | CloudVulnEngine | [7e493fe5] GET /api/dashboard/risk-statistics | status=200 | ip=127.0.0.1 | 74.63ms
2026-08-04T19:30:30 | INFO     | CloudVulnEngine | [b6572979] GET /api/dashboard/recent-scans | status=200 | ip=127.0.0.1 | 132.32ms
2026-08-04T19:30:30 | INFO     | CloudVulnEngine | [bd9275de] GET /api/dashboard/activity | status=200 | ip=127.0.0.1 | 141.32ms
2026-08-04T19:30:30 | INFO     | CloudVulnEngine | [f85fa7fb] GET /api/dashboard/summary | status=200 | ip=127.0.0.1 | 139.74ms
2026-08-04T19:30:30 | INFO     | CloudVulnEngine | [e1cc9236] GET /api/dashboard/risk-statistics | status=200 | ip=127.0.0.1 | 20.14ms
2026-08-04T19:30:30 | INFO     | CloudVulnEngine | [e41f35c6] GET /api/dashboard/activity | status=200 | ip=127.0.0.1 | 20.99ms
2026-08-04T19:30:30 | INFO     | CloudVulnEngine | [8aa00cd5] GET /api/dashboard/recent-scans | status=200 | ip=127.0.0.1 | 24.65ms
2026-08-04T19:30:34 | INFO     | CloudVulnEngine | [741c7b0c] GET /api/cve/search | status=200 | ip=127.0.0.1 | 3777.17ms
2026-08-04T19:30:37 | INFO     | CloudVulnEngine | [423dff97] GET /api/cve/search | status=200 | ip=127.0.0.1 | 3591.5ms
2026-08-04T19:30:43 | INFO     | CloudVulnEngine | [727bc302] POST /api/analysis/target | status=200 | ip=127.0.0.1 | 8148.56ms
2026-08-04T19:30:43 | INFO     | CloudVulnEngine | Scan created: SCAN-2026-4366 | target=api.production.cloudvuln.io
2026-08-04T19:30:43 | INFO     | CloudVulnEngine | [857b1557] POST /api/scans | status=201 | ip=127.0.0.1 | 29.05ms
2026-08-04T19:30:46 | INFO     | CloudVulnEngine | [d3906224] POST /api/analysis/target | status=200 | ip=127.0.0.1 | 10790.67ms
2026-08-04T19:30:46 | INFO     | CloudVulnEngine | Scan created: SCAN-2026-8068 | target=api.production.cloudvuln.io
2026-08-04T19:30:46 | INFO     | CloudVulnEngine | [26654cb5] POST /api/scans | status=201 | ip=127.0.0.1 | 22.35ms
2026-08-04T19:31:18 | INFO     | CloudVulnEngine | [4ba6fecf] GET /api/scans | status=200 | ip=127.0.0.1 | 17.94ms
2026-08-04T19:31:18 | INFO     | CloudVulnEngine | [5e5b3587] GET /api/scans | status=200 | ip=127.0.0.1 | 55.55ms
2026-08-04T19:31:44 | INFO     | CloudVulnEngine | [44f239b6] GET /api/reports/SCAN-2026-4166 | status=200 | ip=127.0.0.1 | 18.96ms
2026-08-04T19:31:44 | INFO     | CloudVulnEngine | [119f9630] GET /api/reports/SCAN-2026-4166 | status=200 | ip=127.0.0.1 | 15.52ms
2026-08-04T19:32:03 | INFO     | CloudVulnEngine | [25d34fbb] GET /api/dashboard/risk-statistics | status=200 | ip=127.0.0.1 | 40.33ms
2026-08-04T19:32:03 | INFO     | CloudVulnEngine | [81417562] GET /api/dashboard/summary | status=200 | ip=127.0.0.1 | 49.45ms
2026-08-04T19:32:03 | INFO     | CloudVulnEngine | [92baba44] GET /api/dashboard/activity | status=200 | ip=127.0.0.1 | 84.92ms
2026-08-04T19:32:03 | INFO     | CloudVulnEngine | [4ab74d23] GET /api/dashboard/recent-scans | status=200 | ip=127.0.0.1 | 118.16ms
2026-08-04T19:32:03 | INFO     | CloudVulnEngine | [603afe15] GET /api/dashboard/risk-statistics | status=200 | ip=127.0.0.1 | 90.22ms
2026-08-04T19:32:03 | INFO     | CloudVulnEngine | [6f5e0ab9] GET /api/dashboard/summary | status=200 | ip=127.0.0.1 | 38.75ms
2026-08-04T19:32:03 | INFO     | CloudVulnEngine | [cb54d012] GET /api/dashboard/activity | status=200 | ip=127.0.0.1 | 35.0ms
2026-08-04T19:32:03 | INFO     | CloudVulnEngine | [35adc05c] GET /api/dashboard/recent-scans | status=200 | ip=127.0.0.1 | 40.86ms
2026-08-04T19:33:50 | INFO     | CloudVulnEngine | [8c465692] GET /api/dashboard/summary | status=200 | ip=127.0.0.1 | 16.65ms
2026-08-04T19:33:50 | INFO     | CloudVulnEngine | [3fd7b210] GET /api/dashboard/risk-statistics | status=200 | ip=127.0.0.1 | 17.86ms
2026-08-04T19:33:50 | INFO     | CloudVulnEngine | [0817c7c7] GET /api/dashboard/recent-scans | status=200 | ip=127.0.0.1 | 14.78ms
2026-08-04T19:33:50 | INFO     | CloudVulnEngine | [8e08a369] GET /api/dashboard/activity | status=200 | ip=127.0.0.1 | 14.98ms
2026-08-04T19:33:50 | INFO     | CloudVulnEngine | [423fc4dc] GET /api/dashboard/risk-statistics | status=200 | ip=127.0.0.1 | 12.51ms
2026-08-04T19:33:50 | INFO     | CloudVulnEngine | [8dd91b87] GET /api/dashboard/summary | status=200 | ip=127.0.0.1 | 18.03ms
2026-08-04T19:33:50 | INFO     | CloudVulnEngine | [e15ac326] GET /api/dashboard/recent-scans | status=200 | ip=127.0.0.1 | 21.55ms
2026-08-04T19:33:50 | INFO     | CloudVulnEngine | [cde8a064] GET /api/dashboard/activity | status=200 | ip=127.0.0.1 | 17.24ms
2026-08-04T19:33:53 | INFO     | CloudVulnEngine | [211dfbbc] GET /api/cve/search | status=200 | ip=127.0.0.1 | 3010.59ms
2026-08-04T19:33:54 | INFO     | CloudVulnEngine | [5881cb95] GET /api/cve/search | status=200 | ip=127.0.0.1 | 1039.67ms
2026-08-04T19:34:30 | INFO     | CloudVulnEngine | [b4bcc1d7] POST /api/analysis/target | status=200 | ip=127.0.0.1 | 6062.05ms
2026-08-04T19:34:30 | INFO     | CloudVulnEngine | Scan created: SCAN-2026-9213 | target=api.production.cloudvuln.io
2026-08-04T19:34:30 | INFO     | CloudVulnEngine | [8b110810] POST /api/scans | status=201 | ip=127.0.0.1 | 11.11ms
2026-08-04T19:34:32 | INFO     | CloudVulnEngine | [129dfa03] POST /api/analysis/target | status=200 | ip=127.0.0.1 | 7806.84ms
2026-08-04T19:34:32 | INFO     | CloudVulnEngine | Scan created: SCAN-2026-7993 | target=api.production.cloudvuln.io
2026-08-04T19:34:32 | INFO     | CloudVulnEngine | [1bde9e6a] POST /api/scans | status=201 | ip=127.0.0.1 | 10.67ms
2026-08-04T19:34:34 | INFO     | CloudVulnEngine | [d0b400e4] POST /api/analysis/target | status=200 | ip=127.0.0.1 | 6518.41ms
2026-08-04T19:34:34 | INFO     | CloudVulnEngine | Scan created: SCAN-2026-5026 | target=api.production.cloudvuln.io
2026-08-04T19:34:34 | INFO     | CloudVulnEngine | [e9ca8c29] POST /api/scans | status=201 | ip=127.0.0.1 | 18.78ms
2026-08-04T19:34:35 | INFO     | CloudVulnEngine | [23ba490c] GET /api/dashboard/summary | status=200 | ip=127.0.0.1 | 16.57ms
2026-08-04T19:34:35 | INFO     | CloudVulnEngine | [dfdfd229] GET /api/dashboard/risk-statistics | status=200 | ip=127.0.0.1 | 29.67ms
2026-08-04T19:34:35 | INFO     | CloudVulnEngine | [4e47bcbe] GET /api/dashboard/recent-scans | status=200 | ip=127.0.0.1 | 42.45ms
2026-08-04T19:34:35 | INFO     | CloudVulnEngine | [6e82dbf3] GET /api/dashboard/activity | status=200 | ip=127.0.0.1 | 75.45ms
2026-08-04T19:34:35 | INFO     | CloudVulnEngine | [7b3abf58] GET /api/dashboard/summary | status=200 | ip=127.0.0.1 | 73.15ms
2026-08-04T19:34:35 | INFO     | CloudVulnEngine | [bc48f66c] GET /api/dashboard/risk-statistics | status=200 | ip=127.0.0.1 | 28.43ms
2026-08-04T19:34:35 | INFO     | CloudVulnEngine | [ceaf34e2] GET /api/dashboard/recent-scans | status=200 | ip=127.0.0.1 | 37.87ms
2026-08-04T19:34:35 | INFO     | CloudVulnEngine | [192c6e08] GET /api/dashboard/activity | status=200 | ip=127.0.0.1 | 17.56ms
2026-08-04T19:34:36 | INFO     | CloudVulnEngine | [a60add58] POST /api/analysis/target | status=200 | ip=127.0.0.1 | 7944.57ms
2026-08-04T19:34:36 | INFO     | CloudVulnEngine | Scan created: SCAN-2026-2083 | target=api.production.cloudvuln.io
2026-08-04T19:34:36 | INFO     | CloudVulnEngine | [1163de36] POST /api/scans | status=201 | ip=127.0.0.1 | 10.13ms
2026-08-04T19:34:37 | INFO     | CloudVulnEngine | [e3092fee] GET /api/cve/search | status=200 | ip=127.0.0.1 | 2160.96ms
2026-08-04T19:34:39 | INFO     | CloudVulnEngine | [8912fc1c] GET /api/cve/search | status=200 | ip=127.0.0.1 | 1595.53ms
2026-08-04T19:35:02 | INFO     | CloudVulnEngine | [ded05d1b] GET /api/dashboard/recent-scans | status=200 | ip=127.0.0.1 | 3.51ms
2026-08-04T19:35:02 | INFO     | CloudVulnEngine | [9a60d0bc] GET /api/dashboard/activity | status=200 | ip=127.0.0.1 | 4.48ms
2026-08-04T19:35:02 | INFO     | CloudVulnEngine | [b1720734] GET /api/dashboard/recent-scans | status=200 | ip=127.0.0.1 | 3.57ms
2026-08-04T19:35:02 | INFO     | CloudVulnEngine | [d69b0089] GET /api/dashboard/activity | status=200 | ip=127.0.0.1 | 2.91ms
2026-08-04T19:35:02 | INFO     | CloudVulnEngine | [8840c391] GET /api/dashboard/summary | status=200 | ip=127.0.0.1 | 7.72ms
2026-08-04T19:35:02 | INFO     | CloudVulnEngine | [2199c610] GET /api/dashboard/risk-statistics | status=200 | ip=127.0.0.1 | 11.49ms
2026-08-04T19:35:02 | INFO     | CloudVulnEngine | [7f2eaf45] GET /api/dashboard/activity | status=200 | ip=127.0.0.1 | 13.82ms
2026-08-04T19:35:02 | INFO     | CloudVulnEngine | [3a583cab] GET /api/dashboard/recent-scans | status=200 | ip=127.0.0.1 | 17.01ms
2026-08-04T19:35:02 | INFO     | CloudVulnEngine | [ff3d19de] GET /api/dashboard/risk-statistics | status=200 | ip=127.0.0.1 | 12.07ms
2026-08-04T19:35:02 | INFO     | CloudVulnEngine | [3555c57a] GET /api/dashboard/summary | status=200 | ip=127.0.0.1 | 20.23ms
2026-08-04T19:35:02 | INFO     | CloudVulnEngine | [6a12ec6d] GET /api/dashboard/recent-scans | status=200 | ip=127.0.0.1 | 8.59ms
2026-08-04T19:35:02 | INFO     | CloudVulnEngine | [370fe8bc] GET /api/dashboard/activity | status=200 | ip=127.0.0.1 | 13.88ms
2026-08-04T19:35:04 | INFO     | CloudVulnEngine | [0bd858d2] GET /api/cve/search | status=200 | ip=127.0.0.1 | 1345.26ms
2026-08-04T19:35:05 | INFO     | CloudVulnEngine | [2050b0a3] GET /api/cve/search | status=200 | ip=127.0.0.1 | 1263.2ms
2026-08-04T19:35:51 | INFO     | CloudVulnEngine | [a76672a9] POST /api/analysis/target | status=200 | ip=127.0.0.1 | 4296.08ms
2026-08-04T19:35:51 | INFO     | CloudVulnEngine | Scan created: SCAN-2026-8299 | target=api.production.cloudvuln.io
2026-08-04T19:35:51 | INFO     | CloudVulnEngine | [88e818d6] POST /api/scans | status=201 | ip=127.0.0.1 | 18.48ms
2026-08-04T19:35:55 | INFO     | CloudVulnEngine | [e7c66ce3] POST /api/analysis/target | status=200 | ip=127.0.0.1 | 8058.63ms
2026-08-04T19:35:55 | INFO     | CloudVulnEngine | Scan created: SCAN-2026-3434 | target=api.production.cloudvuln.io
2026-08-04T19:35:55 | INFO     | CloudVulnEngine | [83934756] POST /api/scans | status=201 | ip=127.0.0.1 | 24.79ms
2026-08-04T19:36:42 | INFO     | CloudVulnEngine | [192a4817] POST /api/analysis/target | status=200 | ip=127.0.0.1 | 28824.03ms
2026-08-04T19:36:42 | INFO     | CloudVulnEngine | Scan created: SCAN-2026-3721 | target=api.production.cloudvuln.io
2026-08-04T19:36:42 | INFO     | CloudVulnEngine | [6e239510] POST /api/scans | status=201 | ip=127.0.0.1 | 3.59ms
2026-08-04T19:36:42 | INFO     | CloudVulnEngine | [afa477ba] POST /api/analysis/target | status=200 | ip=127.0.0.1 | 28887.78ms
2026-08-04T19:36:42 | INFO     | CloudVulnEngine | Scan created: SCAN-2026-4994 | target=api.production.cloudvuln.io
2026-08-04T19:36:42 | INFO     | CloudVulnEngine | [b62a8c0c] POST /api/scans | status=201 | ip=127.0.0.1 | 3.51ms
2026-08-04T19:37:44 | INFO     | CloudVulnEngine | [25101d6e] POST /api/analysis/target | status=200 | ip=127.0.0.1 | 6881.9ms
2026-08-04T19:37:44 | INFO     | CloudVulnEngine | Scan created: SCAN-2026-3300 | target=api.production.cloudvuln.io
2026-08-04T19:37:44 | INFO     | CloudVulnEngine | [5e3bbc65] POST /api/scans | status=201 | ip=127.0.0.1 | 43.44ms
2026-08-04T19:37:44 | INFO     | CloudVulnEngine | [659d44dc] POST /api/analysis/target | status=200 | ip=127.0.0.1 | 7462.99ms
2026-08-04T19:37:45 | INFO     | CloudVulnEngine | [91f31eff] POST /api/analysis/target | status=200 | ip=127.0.0.1 | 7313.76ms
2026-08-04T19:37:45 | INFO     | CloudVulnEngine | Scan created: SCAN-2026-5016 | target=api.production.cloudvuln.io
2026-08-04T19:37:45 | INFO     | CloudVulnEngine | [d427c648] POST /api/scans | status=201 | ip=127.0.0.1 | 7.96ms
2026-08-04T19:39:23 | INFO     | CloudVulnEngine | [89d1a51c] GET /api/dashboard/summary | status=200 | ip=127.0.0.1 | 20.76ms
2026-08-04T19:39:23 | INFO     | CloudVulnEngine | [0b918f1e] GET /api/dashboard/risk-statistics | status=200 | ip=127.0.0.1 | 36.8ms
2026-08-04T19:39:23 | INFO     | CloudVulnEngine | [ab471caf] GET /api/dashboard/recent-scans | status=200 | ip=127.0.0.1 | 38.62ms
2026-08-04T19:39:23 | INFO     | CloudVulnEngine | [51d2486d] GET /api/dashboard/activity | status=200 | ip=127.0.0.1 | 52.64ms
2026-08-04T19:39:23 | INFO     | CloudVulnEngine | [db3adcc0] GET /api/dashboard/summary | status=200 | ip=127.0.0.1 | 22.47ms
2026-08-04T19:39:23 | INFO     | CloudVulnEngine | [30289197] GET /api/dashboard/risk-statistics | status=200 | ip=127.0.0.1 | 17.95ms
2026-08-04T19:39:23 | INFO     | CloudVulnEngine | [6f74f8f1] GET /api/dashboard/recent-scans | status=200 | ip=127.0.0.1 | 21.16ms
2026-08-04T19:39:23 | INFO     | CloudVulnEngine | [781cd41e] GET /api/dashboard/activity | status=200 | ip=127.0.0.1 | 15.93ms
2026-08-04T19:39:25 | INFO     | CloudVulnEngine | [feb3b740] GET /api/cve/search | status=200 | ip=127.0.0.1 | 1529.08ms
2026-08-04T19:39:28 | INFO     | CloudVulnEngine | [cbe106d7] GET /api/cve/search | status=200 | ip=127.0.0.1 | 3203.56ms
2026-08-04T19:40:08 | INFO     | CloudVulnEngine | [69047d7c] POST /api/analysis/target | status=200 | ip=127.0.0.1 | 7025.77ms
2026-08-04T19:40:08 | INFO     | CloudVulnEngine | Scan created: SCAN-2026-8932 | target=api.production.cloudvuln.io
2026-08-04T19:40:08 | INFO     | CloudVulnEngine | [1e20c90b] POST /api/scans | status=201 | ip=127.0.0.1 | 47.45ms
2026-08-04T19:40:08 | INFO     | CloudVulnEngine | [8f64e157] POST /api/analysis/target | status=200 | ip=127.0.0.1 | 7335.4ms
2026-08-04T19:40:08 | INFO     | CloudVulnEngine | Scan created: SCAN-2026-6598 | target=api.production.cloudvuln.io
2026-08-04T19:40:08 | INFO     | CloudVulnEngine | [17d3cc43] POST /api/scans | status=201 | ip=127.0.0.1 | 21.16ms
2026-08-04T19:40:53 | INFO     | CloudVulnEngine | [2eaa4bd8] POST /api/analysis/target | status=200 | ip=127.0.0.1 | 10318.08ms
2026-08-04T19:40:53 | INFO     | CloudVulnEngine | Scan created: SCAN-2026-3381 | target=api.production.cloudvuln.iocloudvuln.io
2026-08-04T19:40:53 | INFO     | CloudVulnEngine | [a548205a] POST /api/scans | status=201 | ip=127.0.0.1 | 54.17ms
2026-08-04T19:41:31 | INFO     | CloudVulnEngine | [1c6c36b8] POST /api/analysis/target | status=200 | ip=127.0.0.1 | 6460.78ms
2026-08-04T19:41:31 | INFO     | CloudVulnEngine | Scan created: SCAN-2026-2279 | target=cloudvuln.io
2026-08-04T19:41:31 | INFO     | CloudVulnEngine | [db8e201c] POST /api/scans | status=201 | ip=127.0.0.1 | 10.58ms
2026-08-04T19:42:08 | INFO     | CloudVulnEngine | [e1b404d4] GET /api/scans | status=200 | ip=127.0.0.1 | 10.95ms
2026-08-04T19:42:08 | INFO     | CloudVulnEngine | [02d5edfc] GET /api/scans | status=200 | ip=127.0.0.1 | 49.97ms
2026-08-04T19:43:11 | INFO     | CloudVulnEngine | [8519d64b] GET /api/scans | status=200 | ip=127.0.0.1 | 17.43ms
2026-08-04T19:43:11 | INFO     | CloudVulnEngine | [fa4c1a07] GET /api/scans | status=200 | ip=127.0.0.1 | 15.39ms
2026-08-04T19:43:33 | INFO     | CloudVulnEngine | [cf800d8e] POST /api/analysis/target | status=200 | ip=127.0.0.1 | 5188.4ms
2026-08-04T19:43:33 | INFO     | CloudVulnEngine | Scan created: SCAN-2026-3457 | target=api.production.cloudvuln.io
2026-08-04T19:43:33 | INFO     | CloudVulnEngine | [dd7d87af] POST /api/scans | status=201 | ip=127.0.0.1 | 39.76ms
2026-08-04T19:43:35 | INFO     | CloudVulnEngine | [deda72a3] POST /api/analysis/target | status=200 | ip=127.0.0.1 | 6476.73ms
2026-08-04T19:43:35 | INFO     | CloudVulnEngine | Scan created: SCAN-2026-9505 | target=api.production.cloudvuln.io
2026-08-04T19:43:35 | INFO     | CloudVulnEngine | [2299e398] POST /api/scans | status=201 | ip=127.0.0.1 | 20.36ms
2026-08-04T19:43:42 | INFO     | CloudVulnEngine | [0a2ddce9] GET /api/scans | status=200 | ip=127.0.0.1 | 101.9ms
2026-08-04T19:43:42 | INFO     | CloudVulnEngine | [0295c5c9] GET /api/scans | status=200 | ip=127.0.0.1 | 9.9ms
2026-08-04T19:44:20 | INFO     | CloudVulnEngine | [080f6b7e] GET /api/reports/SCAN-2026-9505 | status=200 | ip=127.0.0.1 | 3.55ms
2026-08-04T19:44:20 | INFO     | CloudVulnEngine | [1b31e696] GET /api/reports/SCAN-2026-9505 | status=200 | ip=127.0.0.1 | 4.76ms
2026-08-04T19:46:10 | INFO     | CloudVulnEngine | [9cf9ad46] POST /api/analysis/target | status=200 | ip=127.0.0.1 | 7221.8ms
2026-08-04T19:46:10 | INFO     | CloudVulnEngine | Scan created: SCAN-2026-8070 | target=api.production.cloudvuln.io
2026-08-04T19:46:10 | INFO     | CloudVulnEngine | [e14342ca] POST /api/scans | status=201 | ip=127.0.0.1 | 19.54ms
2026-08-04T19:46:10 | INFO     | CloudVulnEngine | [d033e190] GET /api/reports/DEFAULT-001 | status=200 | ip=127.0.0.1 | 7.12ms
2026-08-04T19:46:10 | INFO     | CloudVulnEngine | [168f842d] GET /api/reports/DEFAULT-001 | status=200 | ip=127.0.0.1 | 9.18ms
2026-08-04T19:46:11 | INFO     | CloudVulnEngine | [548dd996] POST /api/analysis/target | status=200 | ip=127.0.0.1 | 7512.62ms
2026-08-04T19:46:11 | INFO     | CloudVulnEngine | Scan created: SCAN-2026-5533 | target=api.production.cloudvuln.io
2026-08-04T19:46:11 | INFO     | CloudVulnEngine | [082218bf] POST /api/scans | status=201 | ip=127.0.0.1 | 5.38ms
2026-08-04T19:46:15 | INFO     | CloudVulnEngine | [33d0a4ec] GET /api/dashboard/summary | status=200 | ip=127.0.0.1 | 19.14ms
2026-08-04T19:46:15 | INFO     | CloudVulnEngine | [d50238b2] GET /api/dashboard/risk-statistics | status=200 | ip=127.0.0.1 | 23.66ms
2026-08-04T19:46:15 | INFO     | CloudVulnEngine | [265cbd5c] GET /api/dashboard/activity | status=200 | ip=127.0.0.1 | 16.41ms
2026-08-04T19:46:15 | INFO     | CloudVulnEngine | [cfd79c44] GET /api/dashboard/recent-scans | status=200 | ip=127.0.0.1 | 26.33ms
2026-08-04T19:46:15 | INFO     | CloudVulnEngine | [6e844fdb] GET /api/dashboard/summary | status=200 | ip=127.0.0.1 | 47.81ms
2026-08-04T19:46:15 | INFO     | CloudVulnEngine | [8f02a507] GET /api/dashboard/activity | status=200 | ip=127.0.0.1 | 29.0ms
2026-08-04T19:46:15 | INFO     | CloudVulnEngine | [7932187c] GET /api/dashboard/risk-statistics | status=200 | ip=127.0.0.1 | 50.55ms
2026-08-04T19:46:15 | INFO     | CloudVulnEngine | [f21720bd] GET /api/dashboard/recent-scans | status=200 | ip=127.0.0.1 | 36.94ms
2026-08-04T19:46:16 | INFO     | CloudVulnEngine | [400d6db7] GET /api/cve/search | status=200 | ip=127.0.0.1 | 1155.38ms
2026-08-04T19:46:17 | INFO     | CloudVulnEngine | [039f1589] GET /api/cve/search | status=200 | ip=127.0.0.1 | 1219.6ms
2026-08-04T19:46:38 | INFO     | CloudVulnEngine | [6b661392] GET /api/dashboard/risk-statistics | status=200 | ip=127.0.0.1 | 31.62ms
2026-08-04T19:46:38 | INFO     | CloudVulnEngine | [efc50628] GET /api/dashboard/activity | status=200 | ip=127.0.0.1 | 62.19ms
2026-08-04T19:46:38 | INFO     | CloudVulnEngine | [b1bd4f1c] GET /api/dashboard/summary | status=200 | ip=127.0.0.1 | 74.44ms
2026-08-04T19:46:38 | INFO     | CloudVulnEngine | [dc6da5a1] GET /api/dashboard/recent-scans | status=200 | ip=127.0.0.1 | 86.75ms
2026-08-04T19:46:38 | INFO     | CloudVulnEngine | [a6c30153] GET /api/dashboard/risk-statistics | status=200 | ip=127.0.0.1 | 102.7ms
2026-08-04T19:46:38 | INFO     | CloudVulnEngine | [d3aa47ba] GET /api/dashboard/activity | status=200 | ip=127.0.0.1 | 75.98ms
2026-08-04T19:46:38 | INFO     | CloudVulnEngine | [a67e74ee] GET /api/dashboard/summary | status=200 | ip=127.0.0.1 | 49.87ms
2026-08-04T19:46:38 | INFO     | CloudVulnEngine | [4c916c1b] GET /api/dashboard/recent-scans | status=200 | ip=127.0.0.1 | 62.89ms
2026-08-04T19:46:40 | INFO     | CloudVulnEngine | [0a799d71] GET /api/cve/search | status=200 | ip=127.0.0.1 | 1436.72ms
2026-08-04T19:46:41 | INFO     | CloudVulnEngine | [f8a02aee] GET /api/cve/search | status=200 | ip=127.0.0.1 | 1190.55ms
2026-08-04T19:46:44 | INFO     | CloudVulnEngine | [9efe638d] GET /api/scans | status=200 | ip=127.0.0.1 | 17.4ms
2026-08-04T19:46:44 | INFO     | CloudVulnEngine | [cdf1faeb] GET /api/scans | status=200 | ip=127.0.0.1 | 11.87ms
2026-08-04T19:47:01 | WARNING  | CloudVulnEngine | HTTP 401 on DELETE /api/scans/SCAN-2026-5533: Could not validate security credentials
2026-08-04T19:47:01 | WARNING  | CloudVulnEngine | [e1124963] DELETE /api/scans/SCAN-2026-5533 | status=401 | ip=127.0.0.1 | 13.92ms
2026-08-04T19:48:00 | INFO     | CloudVulnEngine | [714f83f1] GET /api/reports/DEFAULT-001 | status=200 | ip=127.0.0.1 | 5.52ms
2026-08-04T19:48:00 | INFO     | CloudVulnEngine | [303bdd0e] GET /api/reports/DEFAULT-001 | status=200 | ip=127.0.0.1 | 7.04ms
2026-08-04T19:48:36 | INFO     | CloudVulnEngine | [09684ecb] GET /api/dashboard/risk-statistics | status=200 | ip=127.0.0.1 | 23.08ms
2026-08-04T19:48:36 | INFO     | CloudVulnEngine | [b6515316] GET /api/dashboard/summary | status=200 | ip=127.0.0.1 | 30.86ms
2026-08-04T19:48:36 | INFO     | CloudVulnEngine | [1afc7fc3] GET /api/dashboard/activity | status=200 | ip=127.0.0.1 | 26.53ms
2026-08-04T19:48:36 | INFO     | CloudVulnEngine | [75599b66] GET /api/dashboard/recent-scans | status=200 | ip=127.0.0.1 | 38.42ms
2026-08-04T19:48:36 | INFO     | CloudVulnEngine | [747ec5e6] GET /api/dashboard/risk-statistics | status=200 | ip=127.0.0.1 | 30.71ms
2026-08-04T19:48:36 | INFO     | CloudVulnEngine | [e652e0a4] GET /api/dashboard/summary | status=200 | ip=127.0.0.1 | 35.79ms
2026-08-04T19:48:36 | INFO     | CloudVulnEngine | [01416275] GET /api/dashboard/recent-scans | status=200 | ip=127.0.0.1 | 23.36ms
2026-08-04T19:48:36 | INFO     | CloudVulnEngine | [fdcbad02] GET /api/dashboard/activity | status=200 | ip=127.0.0.1 | 33.03ms
2026-08-04T20:02:08 | INFO     | CloudVulnEngine | [aea8f13c] GET /api/dashboard/summary | status=200 | ip=127.0.0.1 | 10.9ms
2026-08-04T20:02:08 | INFO     | CloudVulnEngine | [2d5f6dd2] GET /api/dashboard/recent-scans | status=200 | ip=127.0.0.1 | 19.0ms
2026-08-04T20:02:09 | INFO     | CloudVulnEngine | [633d16b4] GET /api/dashboard/risk-statistics | status=200 | ip=127.0.0.1 | 19.82ms
2026-08-04T20:02:09 | INFO     | CloudVulnEngine | [ebdfb7a0] GET /api/dashboard/activity | status=200 | ip=127.0.0.1 | 21.17ms
2026-08-04T20:02:09 | INFO     | CloudVulnEngine | [7ca1323e] GET /api/dashboard/summary | status=200 | ip=127.0.0.1 | 17.8ms
2026-08-04T20:02:09 | INFO     | CloudVulnEngine | [56e872c4] GET /api/dashboard/risk-statistics | status=200 | ip=127.0.0.1 | 14.17ms
2026-08-04T20:02:09 | INFO     | CloudVulnEngine | [7953e731] GET /api/dashboard/recent-scans | status=200 | ip=127.0.0.1 | 18.74ms
2026-08-04T20:02:09 | INFO     | CloudVulnEngine | [98aa16dc] GET /api/dashboard/activity | status=200 | ip=127.0.0.1 | 14.0ms
2026-08-04T20:02:12 | INFO     | CloudVulnEngine | [e63fc7dd] GET /api/cve/search | status=200 | ip=127.0.0.1 | 3343.33ms
2026-08-04T20:02:14 | INFO     | CloudVulnEngine | [26c49214] GET /api/cve/search | status=200 | ip=127.0.0.1 | 2304.95ms
2026-08-04T20:04:41 | INFO     | CloudVulnEngine | [8b511b47] POST /api/analysis/target | status=200 | ip=127.0.0.1 | 8142.22ms
2026-08-04T20:04:41 | INFO     | CloudVulnEngine | Scan created: SCAN-2026-6616 | target=api.production.cloudvuln.io
2026-08-04T20:04:41 | INFO     | CloudVulnEngine | [ea8c2975] POST /api/scans | status=201 | ip=127.0.0.1 | 3.87ms
2026-08-04T20:04:41 | INFO     | CloudVulnEngine | [9b929134] POST /api/analysis/target | status=200 | ip=127.0.0.1 | 8849.72ms
2026-08-04T20:04:41 | INFO     | CloudVulnEngine | Scan created: SCAN-2026-7399 | target=api.production.cloudvuln.io
2026-08-04T20:04:41 | INFO     | CloudVulnEngine | [9b009251] POST /api/scans | status=201 | ip=127.0.0.1 | 2.62ms
2026-08-11T18:34:49 | INFO     | CloudVulnEngine | [f640b402] GET / | status=200 | ip=127.0.0.1 | 5.24ms
2026-08-11T18:34:49 | WARNING  | CloudVulnEngine | [94bc5fa1] GET /favicon.ico | status=404 | ip=127.0.0.1 | 0.89ms
2026-08-11T18:35:19 | INFO     | CloudVulnEngine | [f56e090a] GET /api/dashboard/risk-statistics | status=200 | ip=127.0.0.1 | 74.56ms
2026-08-11T18:35:19 | INFO     | CloudVulnEngine | [6dbb9c27] GET /api/dashboard/summary | status=200 | ip=127.0.0.1 | 86.07ms
2026-08-11T18:35:19 | INFO     | CloudVulnEngine | [224c0f5c] GET /api/dashboard/recent-scans | status=200 | ip=127.0.0.1 | 93.74ms
2026-08-11T18:35:19 | INFO     | CloudVulnEngine | [55b557b6] GET /api/dashboard/activity | status=200 | ip=127.0.0.1 | 96.53ms
2026-08-11T18:35:19 | INFO     | CloudVulnEngine | [ee2d02c5] GET /api/dashboard/risk-statistics | status=200 | ip=127.0.0.1 | 16.37ms
2026-08-11T18:35:20 | INFO     | CloudVulnEngine | [665c2377] GET /api/dashboard/summary | status=200 | ip=127.0.0.1 | 17.92ms
2026-08-11T18:35:20 | INFO     | CloudVulnEngine | [25c96556] GET /api/dashboard/recent-scans | status=200 | ip=127.0.0.1 | 14.27ms
2026-08-11T18:35:20 | INFO     | CloudVulnEngine | [6f8b8149] GET /api/dashboard/activity | status=200 | ip=127.0.0.1 | 20.22ms
2026-08-11T18:35:21 | INFO     | CloudVulnEngine | [404d2666] GET /api/cve/search | status=200 | ip=127.0.0.1 | 2114.04ms
2026-08-11T18:35:26 | INFO     | CloudVulnEngine | [1022b21c] GET /api/cve/search | status=200 | ip=127.0.0.1 | 4761.41ms
2026-08-11T18:35:38 | INFO     | CloudVulnEngine | [481a7180] POST /api/analysis/target | status=200 | ip=127.0.0.1 | 7819.53ms
2026-08-11T18:35:38 | INFO     | CloudVulnEngine | Scan created: SCAN-2026-9905 | target=api.production.cloudvuln.io
2026-08-11T18:35:38 | INFO     | CloudVulnEngine | [e142ce9b] POST /api/scans | status=201 | ip=127.0.0.1 | 21.05ms
2026-08-11T18:35:38 | INFO     | CloudVulnEngine | [ff97c048] POST /api/analysis/target | status=200 | ip=127.0.0.1 | 8324.04ms
2026-08-11T18:35:46 | INFO     | CloudVulnEngine | [f99d6b0e] POST /api/analysis/target | status=200 | ip=127.0.0.1 | 7136.7ms
2026-08-11T18:35:46 | INFO     | CloudVulnEngine | Scan created: SCAN-2026-2684 | target=api.production.cloudvuln.io
2026-08-11T18:35:46 | INFO     | CloudVulnEngine | [e8ab727d] POST /api/scans | status=201 | ip=127.0.0.1 | 14.31ms
2026-08-11T18:35:47 | INFO     | CloudVulnEngine | [2247dc3a] POST /api/analysis/target | status=200 | ip=127.0.0.1 | 8681.2ms
2026-08-11T18:35:47 | INFO     | CloudVulnEngine | Scan created: SCAN-2026-1885 | target=api.production.cloudvuln.io
2026-08-11T18:35:47 | INFO     | CloudVulnEngine | [b4cd11aa] POST /api/scans | status=201 | ip=127.0.0.1 | 12.63ms
2026-08-11T18:36:19 | INFO     | CloudVulnEngine | [75f6ea9d] POST /api/analysis/target | status=200 | ip=127.0.0.1 | 13938.06ms
2026-08-11T18:36:19 | INFO     | CloudVulnEngine | Scan created: SCAN-2026-7199 | target=www.slcs.edu.in
2026-08-11T18:36:19 | INFO     | CloudVulnEngine | [85e409f1] POST /api/scans | status=201 | ip=127.0.0.1 | 12.06ms
2026-08-11T18:38:17 | INFO     | CloudVulnEngine | [fafa9eba] GET /api/scans | status=200 | ip=127.0.0.1 | 13.12ms
2026-08-11T18:38:17 | INFO     | CloudVulnEngine | [9303341c] GET /api/scans | status=200 | ip=127.0.0.1 | 7.41ms
2026-08-11T18:38:47 | INFO     | CloudVulnEngine | [6e93f9ec] GET / | status=200 | ip=127.0.0.1 | 0.85ms
2026-08-11T18:38:49 | INFO     | CloudVulnEngine | [f0b69cad] GET /api/dashboard/summary | status=200 | ip=127.0.0.1 | 14.95ms
2026-08-11T18:38:49 | INFO     | CloudVulnEngine | [a9815c6a] GET /api/dashboard/activity | status=200 | ip=127.0.0.1 | 17.56ms
2026-08-11T18:38:49 | INFO     | CloudVulnEngine | [53659522] GET /api/dashboard/risk-statistics | status=200 | ip=127.0.0.1 | 23.93ms
2026-08-11T18:38:49 | INFO     | CloudVulnEngine | [5871851f] GET /api/dashboard/recent-scans | status=200 | ip=127.0.0.1 | 24.41ms
2026-08-11T18:38:49 | INFO     | CloudVulnEngine | [c5fcb2b6] GET /api/dashboard/summary | status=200 | ip=127.0.0.1 | 5.23ms
2026-08-11T18:38:49 | INFO     | CloudVulnEngine | [33236aee] GET /api/dashboard/activity | status=200 | ip=127.0.0.1 | 12.56ms
2026-08-11T18:38:49 | INFO     | CloudVulnEngine | [50405860] GET /api/dashboard/risk-statistics | status=200 | ip=127.0.0.1 | 10.08ms
2026-08-11T18:38:49 | INFO     | CloudVulnEngine | [51c87b4a] GET /api/dashboard/recent-scans | status=200 | ip=127.0.0.1 | 10.55ms
2026-08-11T18:38:51 | INFO     | CloudVulnEngine | [b3fad3d0] GET /api/cve/search | status=200 | ip=127.0.0.1 | 1259.29ms
2026-08-11T18:38:52 | INFO     | CloudVulnEngine | [b2c49499] GET /api/cve/search | status=200 | ip=127.0.0.1 | 1414.16ms
2026-08-11T18:38:52 | INFO     | CloudVulnEngine | [15001aa7] GET /api/scans | status=200 | ip=127.0.0.1 | 10.24ms
2026-08-11T18:38:52 | INFO     | CloudVulnEngine | [5f48de81] GET /api/scans | status=200 | ip=127.0.0.1 | 11.98ms
2026-08-11T18:39:04 | INFO     | CloudVulnEngine | [cbc55bdb] GET /api/dashboard/risk-statistics | status=200 | ip=127.0.0.1 | 18.69ms
2026-08-11T18:39:04 | INFO     | CloudVulnEngine | [a9830e0c] GET /api/dashboard/summary | status=200 | ip=127.0.0.1 | 22.36ms
2026-08-11T18:39:04 | INFO     | CloudVulnEngine | [6ed2a817] GET /api/dashboard/recent-scans | status=200 | ip=127.0.0.1 | 24.02ms
2026-08-11T18:39:04 | INFO     | CloudVulnEngine | [7e5f9ce7] GET /api/dashboard/activity | status=200 | ip=127.0.0.1 | 29.95ms
2026-08-11T18:39:04 | INFO     | CloudVulnEngine | [1bac5a46] GET /api/dashboard/risk-statistics | status=200 | ip=127.0.0.1 | 5.33ms
2026-08-11T18:39:04 | INFO     | CloudVulnEngine | [82c92d88] GET /api/dashboard/summary | status=200 | ip=127.0.0.1 | 14.85ms
2026-08-11T18:39:04 | INFO     | CloudVulnEngine | [ca64930a] GET /api/dashboard/activity | status=200 | ip=127.0.0.1 | 15.04ms
2026-08-11T18:39:04 | INFO     | CloudVulnEngine | [d234d0be] GET /api/dashboard/recent-scans | status=200 | ip=127.0.0.1 | 19.85ms
2026-08-11T18:39:05 | INFO     | CloudVulnEngine | [fa69c2b2] GET /api/cve/search | status=200 | ip=127.0.0.1 | 1292.04ms
2026-08-11T18:39:07 | INFO     | CloudVulnEngine | [5016fd15] GET /api/cve/search | status=200 | ip=127.0.0.1 | 1526.53ms
2026-08-11T18:39:07 | INFO     | CloudVulnEngine | [1be8fb80] GET /api/scans | status=200 | ip=127.0.0.1 | 7.2ms
2026-08-11T18:39:07 | INFO     | CloudVulnEngine | [1d321e51] GET /api/scans | status=200 | ip=127.0.0.1 | 7.3ms
2026-08-11T18:39:16 | INFO     | CloudVulnEngine | [aa68b3d5] POST /api/analysis/target | status=200 | ip=127.0.0.1 | 6289.12ms
2026-08-11T18:39:16 | INFO     | CloudVulnEngine | Scan created: SCAN-2026-2835 | target=api.production.cloudvuln.io
2026-08-11T18:39:16 | INFO     | CloudVulnEngine | [8910842a] POST /api/scans | status=201 | ip=127.0.0.1 | 10.39ms
2026-08-11T18:39:18 | INFO     | CloudVulnEngine | [6084b4f5] POST /api/analysis/target | status=200 | ip=127.0.0.1 | 8806.66ms
2026-08-11T18:39:18 | INFO     | CloudVulnEngine | Scan created: SCAN-2026-8396 | target=api.production.cloudvuln.io
2026-08-11T18:39:18 | INFO     | CloudVulnEngine | [b9b04a40] POST /api/scans | status=201 | ip=127.0.0.1 | 11.11ms
2026-08-11T18:39:30 | INFO     | CloudVulnEngine | [6db8e034] GET /api/cve/search | status=200 | ip=127.0.0.1 | 1679.65ms
2026-08-11T18:40:26 | INFO     | CloudVulnEngine | [f0d25e55] POST /api/analysis/target | status=200 | ip=127.0.0.1 | 12801.45ms
2026-08-11T18:40:26 | INFO     | CloudVulnEngine | Scan created: SCAN-2026-4211 | target=www.slcs.edu.in
2026-08-11T18:40:26 | INFO     | CloudVulnEngine | [c8f2f24c] POST /api/scans | status=201 | ip=127.0.0.1 | 38.36ms
2026-08-11T18:41:16 | INFO     | CloudVulnEngine | [4ac77c9a] GET /api/dashboard/risk-statistics | status=200 | ip=127.0.0.1 | 11.5ms
2026-08-11T18:41:16 | INFO     | CloudVulnEngine | [fd3af5b3] GET /api/dashboard/summary | status=200 | ip=127.0.0.1 | 14.55ms
2026-08-11T18:41:16 | INFO     | CloudVulnEngine | [9f82b613] GET /api/dashboard/recent-scans | status=200 | ip=127.0.0.1 | 11.55ms
2026-08-11T18:41:16 | INFO     | CloudVulnEngine | [acf1e3d0] GET /api/dashboard/activity | status=200 | ip=127.0.0.1 | 5.03ms
2026-08-11T18:41:16 | INFO     | CloudVulnEngine | [233f296f] GET /api/dashboard/activity | status=200 | ip=127.0.0.1 | 26.88ms
2026-08-11T18:41:16 | INFO     | CloudVulnEngine | [f40bfbea] GET /api/dashboard/risk-statistics | status=200 | ip=127.0.0.1 | 28.69ms
2026-08-11T18:41:16 | INFO     | CloudVulnEngine | [521eadcd] GET /api/dashboard/summary | status=200 | ip=127.0.0.1 | 33.32ms
2026-08-11T18:41:16 | INFO     | CloudVulnEngine | [0a4fc250] GET /api/dashboard/recent-scans | status=200 | ip=127.0.0.1 | 34.44ms
2026-08-11T18:41:18 | INFO     | CloudVulnEngine | [9dfa9e7c] GET /api/cve/search | status=200 | ip=127.0.0.1 | 1678.55ms
2026-08-11T18:41:19 | INFO     | CloudVulnEngine | [a4e093d8] GET /api/cve/search | status=200 | ip=127.0.0.1 | 1143.83ms
2026-08-11T18:41:48 | ERROR    | CloudVulnEngine | Unhandled exception on POST /api/auth/register: (sqlite3.OperationalError) no such column: users.last_login
[SQL: SELECT users.id AS users_id, users.email AS users_email, users.full_name AS users_full_name, users.hashed_password AS users_hashed_password, users.role AS users_role, users.is_active AS users_is_active, users.created_at AS users_created_at, users.last_login AS users_last_login 
FROM users 
WHERE users.email = ?
 LIMIT ? OFFSET ?]
[parameters: ('mananthapriyan@gmail.com', 1, 0)]
(Background on this error at: https://sqlalche.me/e/20/e3q8)
Traceback (most recent call last):
  File "C:\Users\Ananthapriyan M\AppData\Local\Programs\Python\Python314\Lib\site-packages\sqlalchemy\engine\base.py", line 1969, in _exec_single_context
    self.dialect.do_execute(
    ~~~~~~~~~~~~~~~~~~~~~~~^
        cursor, str_statement, effective_parameters, context
        ^^^^^^^^^^^^^^^^^^^^^^^^^^^^^^^^^^^^^^^^^^^^^^^^^^^^
    )
    ^
  File "C:\Users\Ananthapriyan M\AppData\Local\Programs\Python\Python314\Lib\site-packages\sqlalchemy\engine\default.py", line 952, in do_execute
    cursor.execute(statement, parameters)
    ~~~~~~~~~~~~~~^^^^^^^^^^^^^^^^^^^^^^^
sqlite3.OperationalError: no such column: users.last_login

The above exception was the direct cause of the following exception:

Traceback (most recent call last):
  File "C:\Users\Ananthapriyan M\AppData\Local\Programs\Python\Python314\Lib\site-packages\starlette\middleware\errors.py", line 164, in __call__
    await self.app(scope, receive, _send)
  File "C:\Users\Ananthapriyan M\AppData\Local\Programs\Python\Python314\Lib\site-packages\starlette\middleware\base.py", line 193, in __call__
    response = await self.dispatch_func(request, call_next)
               ^^^^^^^^^^^^^^^^^^^^^^^^^^^^^^^^^^^^^^^^^^^^
  File "C:\Users\Ananthapriyan M\Downloads\cloudvuln\backend\main.py", line 128, in security_middleware
    response = await call_next(request)
               ^^^^^^^^^^^^^^^^^^^^^^^^
  File "C:\Users\Ananthapriyan M\AppData\Local\Programs\Python\Python314\Lib\site-packages\starlette\middleware\base.py", line 168, in call_next
    raise app_exc from app_exc.__cause__ or app_exc.__context__
  File "C:\Users\Ananthapriyan M\AppData\Local\Programs\Python\Python314\Lib\site-packages\starlette\middleware\base.py", line 144, in coro
    await self.app(scope, receive_or_disconnect, send_no_error)
  File "C:\Users\Ananthapriyan M\AppData\Local\Programs\Python\Python314\Lib\site-packages\starlette\middleware\cors.py", line 96, in __call__
    await self.simple_response(scope, receive, send, request_headers=headers)
  File "C:\Users\Ananthapriyan M\AppData\Local\Programs\Python\Python314\Lib\site-packages\starlette\middleware\cors.py", line 154, in simple_response
    await self.app(scope, receive, send)
  File "C:\Users\Ananthapriyan M\AppData\Local\Programs\Python\Python314\Lib\site-packages\starlette\middleware\exceptions.py", line 63, in __call__
    await wrap_app_handling_exceptions(self.app, conn)(scope, receive, send)
  File "C:\Users\Ananthapriyan M\AppData\Local\Programs\Python\Python314\Lib\site-packages\starlette\_exception_handler.py", line 53, in wrapped_app
    raise exc
  File "C:\Users\Ananthapriyan M\AppData\Local\Programs\Python\Python314\Lib\site-packages\starlette\_exception_handler.py", line 42, in wrapped_app
    await app(scope, receive, sender)
  File "C:\Users\Ananthapriyan M\AppData\Local\Programs\Python\Python314\Lib\site-packages\fastapi\middleware\asyncexitstack.py", line 18, in __call__
    await self.app(scope, receive, send)
  File "C:\Users\Ananthapriyan M\AppData\Local\Programs\Python\Python314\Lib\site-packages\starlette\routing.py", line 660, in __call__
    await self.middleware_stack(scope, receive, send)
  File "C:\Users\Ananthapriyan M\AppData\Local\Programs\Python\Python314\Lib\site-packages\fastapi\routing.py", line 2672, in app
    await route.handle(scope, receive, send)
  File "C:\Users\Ananthapriyan M\AppData\Local\Programs\Python\Python314\Lib\site-packages\fastapi\routing.py", line 1266, in handle
    await super().handle(scope, receive, send)
  File "C:\Users\Ananthapriyan M\AppData\Local\Programs\Python\Python314\Lib\site-packages\starlette\routing.py", line 276, in handle
    await self.app(scope, receive, send)
  File "C:\Users\Ananthapriyan M\AppData\Local\Programs\Python\Python314\Lib\site-packages\fastapi\routing.py", line 150, in app
    await wrap_app_handling_exceptions(app, request)(scope, receive, send)
  File "C:\Users\Ananthapriyan M\AppData\Local\Programs\Python\Python314\Lib\site-packages\starlette\_exception_handler.py", line 53, in wrapped_app
    raise exc
  File "C:\Users\Ananthapriyan M\AppData\Local\Programs\Python\Python314\Lib\site-packages\starlette\_exception_handler.py", line 42, in wrapped_app
    await app(scope, receive, sender)
  File "C:\Users\Ananthapriyan M\AppData\Local\Programs\Python\Python314\Lib\site-packages\fastapi\routing.py", line 136, in app
    response = await f(request)
               ^^^^^^^^^^^^^^^^
  File "C:\Users\Ananthapriyan M\AppData\Local\Programs\Python\Python314\Lib\site-packages\fastapi\routing.py", line 690, in app
    raw_response = await run_endpoint_function(
                   ^^^^^^^^^^^^^^^^^^^^^^^^^^^^
    ...<3 lines>...
    )
    ^
  File "C:\Users\Ananthapriyan M\AppData\Local\Programs\Python\Python314\Lib\site-packages\fastapi\routing.py", line 346, in run_endpoint_function
    return await run_in_threadpool(dependant.call, **values)
           ^^^^^^^^^^^^^^^^^^^^^^^^^^^^^^^^^^^^^^^^^^^^^^^^^
  File "C:\Users\Ananthapriyan M\AppData\Local\Programs\Python\Python314\Lib\site-packages\starlette\concurrency.py", line 34, in run_in_threadpool
    return await anyio.to_thread.run_sync(func)
           ^^^^^^^^^^^^^^^^^^^^^^^^^^^^^^^^^^^^
  File "C:\Users\Ananthapriyan M\AppData\Local\Programs\Python\Python314\Lib\site-packages\anyio\to_thread.py", line 63, in run_sync
    return await get_async_backend().run_sync_in_worker_thread(
           ^^^^^^^^^^^^^^^^^^^^^^^^^^^^^^^^^^^^^^^^^^^^^^^^^^^^
        func, args, abandon_on_cancel=abandon_on_cancel, limiter=limiter
        ^^^^^^^^^^^^^^^^^^^^^^^^^^^^^^^^^^^^^^^^^^^^^^^^^^^^^^^^^^^^^^^^
    )
    ^
  File "C:\Users\Ananthapriyan M\AppData\Local\Programs\Python\Python314\Lib\site-packages\anyio\_backends\_asyncio.py", line 2502, in run_sync_in_worker_thread
    return await future
           ^^^^^^^^^^^^
  File "C:\Users\Ananthapriyan M\AppData\Local\Programs\Python\Python314\Lib\site-packages\anyio\_backends\_asyncio.py", line 986, in run
    result = context.run(func, *args)
  File "C:\Users\Ananthapriyan M\Downloads\cloudvuln\backend\main.py", line 251, in register
    existing = db.query(models.User).filter(models.User.email == user_in.email).first()
  File "C:\Users\Ananthapriyan M\AppData\Local\Programs\Python\Python314\Lib\site-packages\sqlalchemy\orm\query.py", line 2766, in first
    return self.limit(1)._iter().first()  # type: ignore
           ~~~~~~~~~~~~~~~~~~~^^
  File "C:\Users\Ananthapriyan M\AppData\Local\Programs\Python\Python314\Lib\site-packages\sqlalchemy\orm\query.py", line 2864, in _iter
    result: Union[ScalarResult[_T], Result[_T]] = self.session.execute(
                                                  ~~~~~~~~~~~~~~~~~~~~^
        statement,
        ^^^^^^^^^^
        params,
        ^^^^^^^
        execution_options={"_sa_orm_load_options": self.load_options},
        ^^^^^^^^^^^^^^^^^^^^^^^^^^^^^^^^^^^^^^^^^^^^^^^^^^^^^^^^^^^^^^
    )
    ^
  File "C:\Users\Ananthapriyan M\AppData\Local\Programs\Python\Python314\Lib\site-packages\sqlalchemy\orm\session.py", line 2373, in execute
    return self._execute_internal(
           ~~~~~~~~~~~~~~~~~~~~~~^
        statement,
        ^^^^^^^^^^
    ...<4 lines>...
        _add_event=_add_event,
        ^^^^^^^^^^^^^^^^^^^^^^
    )
    ^
  File "C:\Users\Ananthapriyan M\AppData\Local\Programs\Python\Python314\Lib\site-packages\sqlalchemy\orm\session.py", line 2271, in _execute_internal
    result: Result[Any] = compile_state_cls.orm_execute_statement(
                          ~~~~~~~~~~~~~~~~~~~~~~~~~~~~~~~~~~~~~~~^
        self,
        ^^^^^
    ...<4 lines>...
        conn,
        ^^^^^
    )
    ^
  File "C:\Users\Ananthapriyan M\AppData\Local\Programs\Python\Python314\Lib\site-packages\sqlalchemy\orm\context.py", line 306, in orm_execute_statement
    result = conn.execute(
        statement, params or {}, execution_options=execution_options
    )
  File "C:\Users\Ananthapriyan M\AppData\Local\Programs\Python\Python314\Lib\site-packages\sqlalchemy\engine\base.py", line 1421, in execute
    return meth(
        self,
        distilled_parameters,
        execution_options or NO_OPTIONS,
    )
  File "C:\Users\Ananthapriyan M\AppData\Local\Programs\Python\Python314\Lib\site-packages\sqlalchemy\sql\elements.py", line 526, in _execute_on_connection
    return connection._execute_clauseelement(
           ~~~~~~~~~~~~~~~~~~~~~~~~~~~~~~~~~^
        self, distilled_params, execution_options
        ^^^^^^^^^^^^^^^^^^^^^^^^^^^^^^^^^^^^^^^^^
    )
    ^
  File "C:\Users\Ananthapriyan M\AppData\Local\Programs\Python\Python314\Lib\site-packages\sqlalchemy\engine\base.py", line 1643, in _execute_clauseelement
    ret = self._execute_context(
        dialect,
    ...<8 lines>...
        cache_hit=cache_hit,
    )
  File "C:\Users\Ananthapriyan M\AppData\Local\Programs\Python\Python314\Lib\site-packages\sqlalchemy\engine\base.py", line 1848, in _execute_context
    return self._exec_single_context(
           ~~~~~~~~~~~~~~~~~~~~~~~~~^
        dialect, context, statement, parameters
        ^^^^^^^^^^^^^^^^^^^^^^^^^^^^^^^^^^^^^^^
    )
    ^
  File "C:\Users\Ananthapriyan M\AppData\Local\Programs\Python\Python314\Lib\site-packages\sqlalchemy\engine\base.py", line 1988, in _exec_single_context
    self._handle_dbapi_exception(
    ~~~~~~~~~~~~~~~~~~~~~~~~~~~~^
        e, str_statement, effective_parameters, cursor, context
        ^^^^^^^^^^^^^^^^^^^^^^^^^^^^^^^^^^^^^^^^^^^^^^^^^^^^^^^
    )
    ^
  File "C:\Users\Ananthapriyan M\AppData\Local\Programs\Python\Python314\Lib\site-packages\sqlalchemy\engine\base.py", line 2365, in _handle_dbapi_exception
    raise sqlalchemy_exception.with_traceback(exc_info[2]) from e
  File "C:\Users\Ananthapriyan M\AppData\Local\Programs\Python\Python314\Lib\site-packages\sqlalchemy\engine\base.py", line 1969, in _exec_single_context
    self.dialect.do_execute(
    ~~~~~~~~~~~~~~~~~~~~~~~^
        cursor, str_statement, effective_parameters, context
        ^^^^^^^^^^^^^^^^^^^^^^^^^^^^^^^^^^^^^^^^^^^^^^^^^^^^
    )
    ^
  File "C:\Users\Ananthapriyan M\AppData\Local\Programs\Python\Python314\Lib\site-packages\sqlalchemy\engine\default.py", line 952, in do_execute
    cursor.execute(statement, parameters)
    ~~~~~~~~~~~~~~^^^^^^^^^^^^^^^^^^^^^^^
sqlalchemy.exc.OperationalError: (sqlite3.OperationalError) no such column: users.last_login
[SQL: SELECT users.id AS users_id, users.email AS users_email, users.full_name AS users_full_name, users.hashed_password AS users_hashed_password, users.role AS users_role, users.is_active AS users_is_active, users.created_at AS users_created_at, users.last_login AS users_last_login 
FROM users 
WHERE users.email = ?
 LIMIT ? OFFSET ?]
[parameters: ('mananthapriyan@gmail.com', 1, 0)]
(Background on this error at: https://sqlalche.me/e/20/e3q8)
2026-08-11T18:42:16 | ERROR    | CloudVulnEngine | Unhandled exception on POST /api/auth/register: (sqlite3.OperationalError) no such column: users.last_login
[SQL: SELECT users.id AS users_id, users.email AS users_email, users.full_name AS users_full_name, users.hashed_password AS users_hashed_password, users.role AS users_role, users.is_active AS users_is_active, users.created_at AS users_created_at, users.last_login AS users_last_login 
FROM users 
WHERE users.email = ?
 LIMIT ? OFFSET ?]
[parameters: ('ananthu@gmail.com', 1, 0)]
(Background on this error at: https://sqlalche.me/e/20/e3q8)
Traceback (most recent call last):
  File "C:\Users\Ananthapriyan M\AppData\Local\Programs\Python\Python314\Lib\site-packages\sqlalchemy\engine\base.py", line 1969, in _exec_single_context
    self.dialect.do_execute(
    ~~~~~~~~~~~~~~~~~~~~~~~^
        cursor, str_statement, effective_parameters, context
        ^^^^^^^^^^^^^^^^^^^^^^^^^^^^^^^^^^^^^^^^^^^^^^^^^^^^
    )
    ^
  File "C:\Users\Ananthapriyan M\AppData\Local\Programs\Python\Python314\Lib\site-packages\sqlalchemy\engine\default.py", line 952, in do_execute
    cursor.execute(statement, parameters)
    ~~~~~~~~~~~~~~^^^^^^^^^^^^^^^^^^^^^^^
sqlite3.OperationalError: no such column: users.last_login

The above exception was the direct cause of the following exception:

Traceback (most recent call last):
  File "C:\Users\Ananthapriyan M\AppData\Local\Programs\Python\Python314\Lib\site-packages\starlette\middleware\errors.py", line 164, in __call__
    await self.app(scope, receive, _send)
  File "C:\Users\Ananthapriyan M\AppData\Local\Programs\Python\Python314\Lib\site-packages\starlette\middleware\base.py", line 193, in __call__
    response = await self.dispatch_func(request, call_next)
               ^^^^^^^^^^^^^^^^^^^^^^^^^^^^^^^^^^^^^^^^^^^^
  File "C:\Users\Ananthapriyan M\Downloads\cloudvuln\backend\main.py", line 128, in security_middleware
    response = await call_next(request)
               ^^^^^^^^^^^^^^^^^^^^^^^^
  File "C:\Users\Ananthapriyan M\AppData\Local\Programs\Python\Python314\Lib\site-packages\starlette\middleware\base.py", line 168, in call_next
    raise app_exc from app_exc.__cause__ or app_exc.__context__
  File "C:\Users\Ananthapriyan M\AppData\Local\Programs\Python\Python314\Lib\site-packages\starlette\middleware\base.py", line 144, in coro
    await self.app(scope, receive_or_disconnect, send_no_error)
  File "C:\Users\Ananthapriyan M\AppData\Local\Programs\Python\Python314\Lib\site-packages\starlette\middleware\cors.py", line 96, in __call__
    await self.simple_response(scope, receive, send, request_headers=headers)
  File "C:\Users\Ananthapriyan M\AppData\Local\Programs\Python\Python314\Lib\site-packages\starlette\middleware\cors.py", line 154, in simple_response
    await self.app(scope, receive, send)
  File "C:\Users\Ananthapriyan M\AppData\Local\Programs\Python\Python314\Lib\site-packages\starlette\middleware\exceptions.py", line 63, in __call__
    await wrap_app_handling_exceptions(self.app, conn)(scope, receive, send)
  File "C:\Users\Ananthapriyan M\AppData\Local\Programs\Python\Python314\Lib\site-packages\starlette\_exception_handler.py", line 53, in wrapped_app
    raise exc
  File "C:\Users\Ananthapriyan M\AppData\Local\Programs\Python\Python314\Lib\site-packages\starlette\_exception_handler.py", line 42, in wrapped_app
    await app(scope, receive, sender)
  File "C:\Users\Ananthapriyan M\AppData\Local\Programs\Python\Python314\Lib\site-packages\fastapi\middleware\asyncexitstack.py", line 18, in __call__
    await self.app(scope, receive, send)
  File "C:\Users\Ananthapriyan M\AppData\Local\Programs\Python\Python314\Lib\site-packages\starlette\routing.py", line 660, in __call__
    await self.middleware_stack(scope, receive, send)
  File "C:\Users\Ananthapriyan M\AppData\Local\Programs\Python\Python314\Lib\site-packages\fastapi\routing.py", line 2672, in app
    await route.handle(scope, receive, send)
  File "C:\Users\Ananthapriyan M\AppData\Local\Programs\Python\Python314\Lib\site-packages\fastapi\routing.py", line 1266, in handle
    await super().handle(scope, receive, send)
  File "C:\Users\Ananthapriyan M\AppData\Local\Programs\Python\Python314\Lib\site-packages\starlette\routing.py", line 276, in handle
    await self.app(scope, receive, send)
  File "C:\Users\Ananthapriyan M\AppData\Local\Programs\Python\Python314\Lib\site-packages\fastapi\routing.py", line 150, in app
    await wrap_app_handling_exceptions(app, request)(scope, receive, send)
  File "C:\Users\Ananthapriyan M\AppData\Local\Programs\Python\Python314\Lib\site-packages\starlette\_exception_handler.py", line 53, in wrapped_app
    raise exc
  File "C:\Users\Ananthapriyan M\AppData\Local\Programs\Python\Python314\Lib\site-packages\starlette\_exception_handler.py", line 42, in wrapped_app
    await app(scope, receive, sender)
  File "C:\Users\Ananthapriyan M\AppData\Local\Programs\Python\Python314\Lib\site-packages\fastapi\routing.py", line 136, in app
    response = await f(request)
               ^^^^^^^^^^^^^^^^
  File "C:\Users\Ananthapriyan M\AppData\Local\Programs\Python\Python314\Lib\site-packages\fastapi\routing.py", line 690, in app
    raw_response = await run_endpoint_function(
                   ^^^^^^^^^^^^^^^^^^^^^^^^^^^^
    ...<3 lines>...
    )
    ^
  File "C:\Users\Ananthapriyan M\AppData\Local\Programs\Python\Python314\Lib\site-packages\fastapi\routing.py", line 346, in run_endpoint_function
    return await run_in_threadpool(dependant.call, **values)
           ^^^^^^^^^^^^^^^^^^^^^^^^^^^^^^^^^^^^^^^^^^^^^^^^^
  File "C:\Users\Ananthapriyan M\AppData\Local\Programs\Python\Python314\Lib\site-packages\starlette\concurrency.py", line 34, in run_in_threadpool
    return await anyio.to_thread.run_sync(func)
           ^^^^^^^^^^^^^^^^^^^^^^^^^^^^^^^^^^^^
  File "C:\Users\Ananthapriyan M\AppData\Local\Programs\Python\Python314\Lib\site-packages\anyio\to_thread.py", line 63, in run_sync
    return await get_async_backend().run_sync_in_worker_thread(
           ^^^^^^^^^^^^^^^^^^^^^^^^^^^^^^^^^^^^^^^^^^^^^^^^^^^^
        func, args, abandon_on_cancel=abandon_on_cancel, limiter=limiter
        ^^^^^^^^^^^^^^^^^^^^^^^^^^^^^^^^^^^^^^^^^^^^^^^^^^^^^^^^^^^^^^^^
    )
    ^
  File "C:\Users\Ananthapriyan M\AppData\Local\Programs\Python\Python314\Lib\site-packages\anyio\_backends\_asyncio.py", line 2502, in run_sync_in_worker_thread
    return await future
           ^^^^^^^^^^^^
  File "C:\Users\Ananthapriyan M\AppData\Local\Programs\Python\Python314\Lib\site-packages\anyio\_backends\_asyncio.py", line 986, in run
    result = context.run(func, *args)
  File "C:\Users\Ananthapriyan M\Downloads\cloudvuln\backend\main.py", line 251, in register
    existing = db.query(models.User).filter(models.User.email == user_in.email).first()
  File "C:\Users\Ananthapriyan M\AppData\Local\Programs\Python\Python314\Lib\site-packages\sqlalchemy\orm\query.py", line 2766, in first
    return self.limit(1)._iter().first()  # type: ignore
           ~~~~~~~~~~~~~~~~~~~^^
  File "C:\Users\Ananthapriyan M\AppData\Local\Programs\Python\Python314\Lib\site-packages\sqlalchemy\orm\query.py", line 2864, in _iter
    result: Union[ScalarResult[_T], Result[_T]] = self.session.execute(
                                                  ~~~~~~~~~~~~~~~~~~~~^
        statement,
        ^^^^^^^^^^
        params,
        ^^^^^^^
        execution_options={"_sa_orm_load_options": self.load_options},
        ^^^^^^^^^^^^^^^^^^^^^^^^^^^^^^^^^^^^^^^^^^^^^^^^^^^^^^^^^^^^^^
    )
    ^
  File "C:\Users\Ananthapriyan M\AppData\Local\Programs\Python\Python314\Lib\site-packages\sqlalchemy\orm\session.py", line 2373, in execute
    return self._execute_internal(
           ~~~~~~~~~~~~~~~~~~~~~~^
        statement,
        ^^^^^^^^^^
    ...<4 lines>...
        _add_event=_add_event,
        ^^^^^^^^^^^^^^^^^^^^^^
    )
    ^
  File "C:\Users\Ananthapriyan M\AppData\Local\Programs\Python\Python314\Lib\site-packages\sqlalchemy\orm\session.py", line 2271, in _execute_internal
    result: Result[Any] = compile_state_cls.orm_execute_statement(
                          ~~~~~~~~~~~~~~~~~~~~~~~~~~~~~~~~~~~~~~~^
        self,
        ^^^^^
    ...<4 lines>...
        conn,
        ^^^^^
    )
    ^
  File "C:\Users\Ananthapriyan M\AppData\Local\Programs\Python\Python314\Lib\site-packages\sqlalchemy\orm\context.py", line 306, in orm_execute_statement
    result = conn.execute(
        statement, params or {}, execution_options=execution_options
    )
  File "C:\Users\Ananthapriyan M\AppData\Local\Programs\Python\Python314\Lib\site-packages\sqlalchemy\engine\base.py", line 1421, in execute
    return meth(
        self,
        distilled_parameters,
        execution_options or NO_OPTIONS,
    )
  File "C:\Users\Ananthapriyan M\AppData\Local\Programs\Python\Python314\Lib\site-packages\sqlalchemy\sql\elements.py", line 526, in _execute_on_connection
    return connection._execute_clauseelement(
           ~~~~~~~~~~~~~~~~~~~~~~~~~~~~~~~~~^
        self, distilled_params, execution_options
        ^^^^^^^^^^^^^^^^^^^^^^^^^^^^^^^^^^^^^^^^^
    )
    ^
  File "C:\Users\Ananthapriyan M\AppData\Local\Programs\Python\Python314\Lib\site-packages\sqlalchemy\engine\base.py", line 1643, in _execute_clauseelement
    ret = self._execute_context(
        dialect,
    ...<8 lines>...
        cache_hit=cache_hit,
    )
  File "C:\Users\Ananthapriyan M\AppData\Local\Programs\Python\Python314\Lib\site-packages\sqlalchemy\engine\base.py", line 1848, in _execute_context
    return self._exec_single_context(
           ~~~~~~~~~~~~~~~~~~~~~~~~~^
        dialect, context, statement, parameters
        ^^^^^^^^^^^^^^^^^^^^^^^^^^^^^^^^^^^^^^^
    )
    ^
  File "C:\Users\Ananthapriyan M\AppData\Local\Programs\Python\Python314\Lib\site-packages\sqlalchemy\engine\base.py", line 1988, in _exec_single_context
    self._handle_dbapi_exception(
    ~~~~~~~~~~~~~~~~~~~~~~~~~~~~^
        e, str_statement, effective_parameters, cursor, context
        ^^^^^^^^^^^^^^^^^^^^^^^^^^^^^^^^^^^^^^^^^^^^^^^^^^^^^^^
    )
    ^
  File "C:\Users\Ananthapriyan M\AppData\Local\Programs\Python\Python314\Lib\site-packages\sqlalchemy\engine\base.py", line 2365, in _handle_dbapi_exception
    raise sqlalchemy_exception.with_traceback(exc_info[2]) from e
  File "C:\Users\Ananthapriyan M\AppData\Local\Programs\Python\Python314\Lib\site-packages\sqlalchemy\engine\base.py", line 1969, in _exec_single_context
    self.dialect.do_execute(
    ~~~~~~~~~~~~~~~~~~~~~~~^
        cursor, str_statement, effective_parameters, context
        ^^^^^^^^^^^^^^^^^^^^^^^^^^^^^^^^^^^^^^^^^^^^^^^^^^^^
    )
    ^
  File "C:\Users\Ananthapriyan M\AppData\Local\Programs\Python\Python314\Lib\site-packages\sqlalchemy\engine\default.py", line 952, in do_execute
    cursor.execute(statement, parameters)
    ~~~~~~~~~~~~~~^^^^^^^^^^^^^^^^^^^^^^^
sqlalchemy.exc.OperationalError: (sqlite3.OperationalError) no such column: users.last_login
[SQL: SELECT users.id AS users_id, users.email AS users_email, users.full_name AS users_full_name, users.hashed_password AS users_hashed_password, users.role AS users_role, users.is_active AS users_is_active, users.created_at AS users_created_at, users.last_login AS users_last_login 
FROM users 
WHERE users.email = ?
 LIMIT ? OFFSET ?]
[parameters: ('ananthu@gmail.com', 1, 0)]
(Background on this error at: https://sqlalche.me/e/20/e3q8)
2026-08-11T18:43:00 | INFO     | CloudVulnEngine | [b1754eba] GET /api/dashboard/risk-statistics | status=200 | ip=127.0.0.1 | 15.87ms
2026-08-11T18:43:00 | INFO     | CloudVulnEngine | [dac97588] GET /api/dashboard/activity | status=200 | ip=127.0.0.1 | 18.97ms
2026-08-11T18:43:00 | INFO     | CloudVulnEngine | [65002ae0] GET /api/dashboard/summary | status=200 | ip=127.0.0.1 | 26.27ms
2026-08-11T18:43:00 | INFO     | CloudVulnEngine | [fecaa709] GET /api/dashboard/recent-scans | status=200 | ip=127.0.0.1 | 27.52ms
2026-08-11T18:43:00 | INFO     | CloudVulnEngine | [aa854676] GET /api/dashboard/risk-statistics | status=200 | ip=127.0.0.1 | 17.97ms
2026-08-11T18:43:00 | INFO     | CloudVulnEngine | [9ea11a01] GET /api/dashboard/activity | status=200 | ip=127.0.0.1 | 16.61ms
2026-08-11T18:43:00 | INFO     | CloudVulnEngine | [ded72510] GET /api/dashboard/summary | status=200 | ip=127.0.0.1 | 18.6ms
2026-08-11T18:43:00 | INFO     | CloudVulnEngine | [161ac1bb] GET /api/dashboard/recent-scans | status=200 | ip=127.0.0.1 | 14.07ms
2026-08-11T18:44:18 | INFO     | CloudVulnEngine | [a09b3d6e] GET /api/dashboard/summary | status=200 | ip=127.0.0.1 | 23.27ms
2026-08-11T18:44:18 | INFO     | CloudVulnEngine | [52c5eba3] GET /api/dashboard/recent-scans | status=200 | ip=127.0.0.1 | 160.4ms
2026-08-11T18:44:18 | INFO     | CloudVulnEngine | [8515df79] GET /api/dashboard/activity | status=200 | ip=127.0.0.1 | 163.47ms
2026-08-11T18:44:18 | INFO     | CloudVulnEngine | [99b79463] GET /api/dashboard/risk-statistics | status=200 | ip=127.0.0.1 | 172.13ms
2026-08-11T18:44:18 | INFO     | CloudVulnEngine | [66188422] GET /api/dashboard/summary | status=200 | ip=127.0.0.1 | 147.32ms
2026-08-11T18:44:18 | INFO     | CloudVulnEngine | [a0f6500c] GET /api/dashboard/risk-statistics | status=200 | ip=127.0.0.1 | 48.92ms
2026-08-11T18:44:18 | INFO     | CloudVulnEngine | [d57dddfe] GET /api/dashboard/recent-scans | status=200 | ip=127.0.0.1 | 131.5ms
2026-08-11T18:44:18 | INFO     | CloudVulnEngine | [935254e4] GET /api/dashboard/activity | status=200 | ip=127.0.0.1 | 233.45ms
2026-08-11T18:44:20 | INFO     | CloudVulnEngine | [5535162c] GET /api/cve/search | status=200 | ip=127.0.0.1 | 1965.61ms
2026-08-11T18:44:21 | INFO     | CloudVulnEngine | [16d16f06] GET /api/cve/search | status=200 | ip=127.0.0.1 | 1873.17ms
2026-08-11T19:09:03 | INFO     | CloudVulnEngine | [bed483f5] GET /api/dashboard/summary | status=200 | ip=127.0.0.1 | 22.1ms
2026-08-11T19:09:03 | INFO     | CloudVulnEngine | [eb15d906] GET /api/dashboard/risk-statistics | status=200 | ip=127.0.0.1 | 23.26ms
2026-08-11T19:09:03 | INFO     | CloudVulnEngine | [2da72a1a] GET /api/dashboard/activity | status=200 | ip=127.0.0.1 | 21.46ms
2026-08-11T19:09:03 | INFO     | CloudVulnEngine | [ced44185] GET /api/dashboard/recent-scans | status=200 | ip=127.0.0.1 | 28.48ms
2026-08-11T19:09:03 | INFO     | CloudVulnEngine | [5c9f0e7e] GET /api/dashboard/risk-statistics | status=200 | ip=127.0.0.1 | 12.78ms
2026-08-11T19:09:03 | INFO     | CloudVulnEngine | [9168a990] GET /api/dashboard/summary | status=200 | ip=127.0.0.1 | 17.38ms
2026-08-11T19:09:03 | INFO     | CloudVulnEngine | [51dd3e45] GET /api/dashboard/recent-scans | status=200 | ip=127.0.0.1 | 14.28ms
2026-08-11T19:09:03 | INFO     | CloudVulnEngine | [cfe3668b] GET /api/dashboard/activity | status=200 | ip=127.0.0.1 | 19.76ms
2026-08-11T19:09:05 | INFO     | CloudVulnEngine | [928510de] GET /api/cve/search | status=200 | ip=127.0.0.1 | 1463.42ms
2026-08-11T19:09:07 | INFO     | CloudVulnEngine | [0cd52959] GET /api/cve/search | status=200 | ip=127.0.0.1 | 2158.05ms
2026-08-11T20:31:24 | INFO     | CloudVulnEngine | [62391835] GET / | status=200 | ip=127.0.0.1 | 6.82ms
2026-08-11T20:31:24 | WARNING  | CloudVulnEngine | [115a796a] GET /favicon.ico | status=404 | ip=127.0.0.1 | 0.78ms
2026-08-11T20:32:12 | ERROR    | CloudVulnEngine | Unhandled exception on POST /api/auth/register: (sqlite3.OperationalError) no such column: users.last_login
[SQL: SELECT users.id AS users_id, users.email AS users_email, users.full_name AS users_full_name, users.hashed_password AS users_hashed_password, users.role AS users_role, users.is_active AS users_is_active, users.created_at AS users_created_at, users.last_login AS users_last_login 
FROM users 
WHERE users.email = ?
 LIMIT ? OFFSET ?]
[parameters: ('summa2697@gmail.com', 1, 0)]
(Background on this error at: https://sqlalche.me/e/20/e3q8)
Traceback (most recent call last):
  File "C:\Users\Ananthapriyan M\AppData\Local\Programs\Python\Python314\Lib\site-packages\sqlalchemy\engine\base.py", line 1969, in _exec_single_context
    self.dialect.do_execute(
    ~~~~~~~~~~~~~~~~~~~~~~~^
        cursor, str_statement, effective_parameters, context
        ^^^^^^^^^^^^^^^^^^^^^^^^^^^^^^^^^^^^^^^^^^^^^^^^^^^^
    )
    ^
  File "C:\Users\Ananthapriyan M\AppData\Local\Programs\Python\Python314\Lib\site-packages\sqlalchemy\engine\default.py", line 952, in do_execute
    cursor.execute(statement, parameters)
    ~~~~~~~~~~~~~~^^^^^^^^^^^^^^^^^^^^^^^
sqlite3.OperationalError: no such column: users.last_login

The above exception was the direct cause of the following exception:

Traceback (most recent call last):
  File "C:\Users\Ananthapriyan M\AppData\Local\Programs\Python\Python314\Lib\site-packages\starlette\middleware\errors.py", line 164, in __call__
    await self.app(scope, receive, _send)
  File "C:\Users\Ananthapriyan M\AppData\Local\Programs\Python\Python314\Lib\site-packages\starlette\middleware\base.py", line 193, in __call__
    response = await self.dispatch_func(request, call_next)
               ^^^^^^^^^^^^^^^^^^^^^^^^^^^^^^^^^^^^^^^^^^^^
  File "C:\Users\Ananthapriyan M\Downloads\cloudvuln\backend\main.py", line 128, in security_middleware
    response = await call_next(request)
               ^^^^^^^^^^^^^^^^^^^^^^^^
  File "C:\Users\Ananthapriyan M\AppData\Local\Programs\Python\Python314\Lib\site-packages\starlette\middleware\base.py", line 168, in call_next
    raise app_exc from app_exc.__cause__ or app_exc.__context__
  File "C:\Users\Ananthapriyan M\AppData\Local\Programs\Python\Python314\Lib\site-packages\starlette\middleware\base.py", line 144, in coro
    await self.app(scope, receive_or_disconnect, send_no_error)
  File "C:\Users\Ananthapriyan M\AppData\Local\Programs\Python\Python314\Lib\site-packages\starlette\middleware\cors.py", line 96, in __call__
    await self.simple_response(scope, receive, send, request_headers=headers)
  File "C:\Users\Ananthapriyan M\AppData\Local\Programs\Python\Python314\Lib\site-packages\starlette\middleware\cors.py", line 154, in simple_response
    await self.app(scope, receive, send)
  File "C:\Users\Ananthapriyan M\AppData\Local\Programs\Python\Python314\Lib\site-packages\starlette\middleware\exceptions.py", line 63, in __call__
    await wrap_app_handling_exceptions(self.app, conn)(scope, receive, send)
  File "C:\Users\Ananthapriyan M\AppData\Local\Programs\Python\Python314\Lib\site-packages\starlette\_exception_handler.py", line 53, in wrapped_app
    raise exc
  File "C:\Users\Ananthapriyan M\AppData\Local\Programs\Python\Python314\Lib\site-packages\starlette\_exception_handler.py", line 42, in wrapped_app
    await app(scope, receive, sender)
  File "C:\Users\Ananthapriyan M\AppData\Local\Programs\Python\Python314\Lib\site-packages\fastapi\middleware\asyncexitstack.py", line 18, in __call__
    await self.app(scope, receive, send)
  File "C:\Users\Ananthapriyan M\AppData\Local\Programs\Python\Python314\Lib\site-packages\starlette\routing.py", line 660, in __call__
    await self.middleware_stack(scope, receive, send)
  File "C:\Users\Ananthapriyan M\AppData\Local\Programs\Python\Python314\Lib\site-packages\fastapi\routing.py", line 2672, in app
    await route.handle(scope, receive, send)
  File "C:\Users\Ananthapriyan M\AppData\Local\Programs\Python\Python314\Lib\site-packages\fastapi\routing.py", line 1266, in handle
    await super().handle(scope, receive, send)
  File "C:\Users\Ananthapriyan M\AppData\Local\Programs\Python\Python314\Lib\site-packages\starlette\routing.py", line 276, in handle
    await self.app(scope, receive, send)
  File "C:\Users\Ananthapriyan M\AppData\Local\Programs\Python\Python314\Lib\site-packages\fastapi\routing.py", line 150, in app
    await wrap_app_handling_exceptions(app, request)(scope, receive, send)
  File "C:\Users\Ananthapriyan M\AppData\Local\Programs\Python\Python314\Lib\site-packages\starlette\_exception_handler.py", line 53, in wrapped_app
    raise exc
  File "C:\Users\Ananthapriyan M\AppData\Local\Programs\Python\Python314\Lib\site-packages\starlette\_exception_handler.py", line 42, in wrapped_app
    await app(scope, receive, sender)
  File "C:\Users\Ananthapriyan M\AppData\Local\Programs\Python\Python314\Lib\site-packages\fastapi\routing.py", line 136, in app
    response = await f(request)
               ^^^^^^^^^^^^^^^^
  File "C:\Users\Ananthapriyan M\AppData\Local\Programs\Python\Python314\Lib\site-packages\fastapi\routing.py", line 690, in app
    raw_response = await run_endpoint_function(
                   ^^^^^^^^^^^^^^^^^^^^^^^^^^^^
    ...<3 lines>...
    )
    ^
  File "C:\Users\Ananthapriyan M\AppData\Local\Programs\Python\Python314\Lib\site-packages\fastapi\routing.py", line 346, in run_endpoint_function
    return await run_in_threadpool(dependant.call, **values)
           ^^^^^^^^^^^^^^^^^^^^^^^^^^^^^^^^^^^^^^^^^^^^^^^^^
  File "C:\Users\Ananthapriyan M\AppData\Local\Programs\Python\Python314\Lib\site-packages\starlette\concurrency.py", line 34, in run_in_threadpool
    return await anyio.to_thread.run_sync(func)
           ^^^^^^^^^^^^^^^^^^^^^^^^^^^^^^^^^^^^
  File "C:\Users\Ananthapriyan M\AppData\Local\Programs\Python\Python314\Lib\site-packages\anyio\to_thread.py", line 63, in run_sync
    return await get_async_backend().run_sync_in_worker_thread(
           ^^^^^^^^^^^^^^^^^^^^^^^^^^^^^^^^^^^^^^^^^^^^^^^^^^^^
        func, args, abandon_on_cancel=abandon_on_cancel, limiter=limiter
        ^^^^^^^^^^^^^^^^^^^^^^^^^^^^^^^^^^^^^^^^^^^^^^^^^^^^^^^^^^^^^^^^
    )
    ^
  File "C:\Users\Ananthapriyan M\AppData\Local\Programs\Python\Python314\Lib\site-packages\anyio\_backends\_asyncio.py", line 2502, in run_sync_in_worker_thread
    return await future
           ^^^^^^^^^^^^
  File "C:\Users\Ananthapriyan M\AppData\Local\Programs\Python\Python314\Lib\site-packages\anyio\_backends\_asyncio.py", line 986, in run
    result = context.run(func, *args)
  File "C:\Users\Ananthapriyan M\Downloads\cloudvuln\backend\main.py", line 251, in register
    existing = db.query(models.User).filter(models.User.email == user_in.email).first()
  File "C:\Users\Ananthapriyan M\AppData\Local\Programs\Python\Python314\Lib\site-packages\sqlalchemy\orm\query.py", line 2766, in first
    return self.limit(1)._iter().first()  # type: ignore
           ~~~~~~~~~~~~~~~~~~~^^
  File "C:\Users\Ananthapriyan M\AppData\Local\Programs\Python\Python314\Lib\site-packages\sqlalchemy\orm\query.py", line 2864, in _iter
    result: Union[ScalarResult[_T], Result[_T]] = self.session.execute(
                                                  ~~~~~~~~~~~~~~~~~~~~^
        statement,
        ^^^^^^^^^^
        params,
        ^^^^^^^
        execution_options={"_sa_orm_load_options": self.load_options},
        ^^^^^^^^^^^^^^^^^^^^^^^^^^^^^^^^^^^^^^^^^^^^^^^^^^^^^^^^^^^^^^
    )
    ^
  File "C:\Users\Ananthapriyan M\AppData\Local\Programs\Python\Python314\Lib\site-packages\sqlalchemy\orm\session.py", line 2373, in execute
    return self._execute_internal(
           ~~~~~~~~~~~~~~~~~~~~~~^
        statement,
        ^^^^^^^^^^
    ...<4 lines>...
        _add_event=_add_event,
        ^^^^^^^^^^^^^^^^^^^^^^
    )
    ^
  File "C:\Users\Ananthapriyan M\AppData\Local\Programs\Python\Python314\Lib\site-packages\sqlalchemy\orm\session.py", line 2271, in _execute_internal
    result: Result[Any] = compile_state_cls.orm_execute_statement(
                          ~~~~~~~~~~~~~~~~~~~~~~~~~~~~~~~~~~~~~~~^
        self,
        ^^^^^
    ...<4 lines>...
        conn,
        ^^^^^
    )
    ^
  File "C:\Users\Ananthapriyan M\AppData\Local\Programs\Python\Python314\Lib\site-packages\sqlalchemy\orm\context.py", line 306, in orm_execute_statement
    result = conn.execute(
        statement, params or {}, execution_options=execution_options
    )
  File "C:\Users\Ananthapriyan M\AppData\Local\Programs\Python\Python314\Lib\site-packages\sqlalchemy\engine\base.py", line 1421, in execute
    return meth(
        self,
        distilled_parameters,
        execution_options or NO_OPTIONS,
    )
  File "C:\Users\Ananthapriyan M\AppData\Local\Programs\Python\Python314\Lib\site-packages\sqlalchemy\sql\elements.py", line 526, in _execute_on_connection
    return connection._execute_clauseelement(
           ~~~~~~~~~~~~~~~~~~~~~~~~~~~~~~~~~^
        self, distilled_params, execution_options
        ^^^^^^^^^^^^^^^^^^^^^^^^^^^^^^^^^^^^^^^^^
    )
    ^
  File "C:\Users\Ananthapriyan M\AppData\Local\Programs\Python\Python314\Lib\site-packages\sqlalchemy\engine\base.py", line 1643, in _execute_clauseelement
    ret = self._execute_context(
        dialect,
    ...<8 lines>...
        cache_hit=cache_hit,
    )
  File "C:\Users\Ananthapriyan M\AppData\Local\Programs\Python\Python314\Lib\site-packages\sqlalchemy\engine\base.py", line 1848, in _execute_context
    return self._exec_single_context(
           ~~~~~~~~~~~~~~~~~~~~~~~~~^
        dialect, context, statement, parameters
        ^^^^^^^^^^^^^^^^^^^^^^^^^^^^^^^^^^^^^^^
    )
    ^
  File "C:\Users\Ananthapriyan M\AppData\Local\Programs\Python\Python314\Lib\site-packages\sqlalchemy\engine\base.py", line 1988, in _exec_single_context
    self._handle_dbapi_exception(
    ~~~~~~~~~~~~~~~~~~~~~~~~~~~~^
        e, str_statement, effective_parameters, cursor, context
        ^^^^^^^^^^^^^^^^^^^^^^^^^^^^^^^^^^^^^^^^^^^^^^^^^^^^^^^
    )
    ^
  File "C:\Users\Ananthapriyan M\AppData\Local\Programs\Python\Python314\Lib\site-packages\sqlalchemy\engine\base.py", line 2365, in _handle_dbapi_exception
    raise sqlalchemy_exception.with_traceback(exc_info[2]) from e
  File "C:\Users\Ananthapriyan M\AppData\Local\Programs\Python\Python314\Lib\site-packages\sqlalchemy\engine\base.py", line 1969, in _exec_single_context
    self.dialect.do_execute(
    ~~~~~~~~~~~~~~~~~~~~~~~^
        cursor, str_statement, effective_parameters, context
        ^^^^^^^^^^^^^^^^^^^^^^^^^^^^^^^^^^^^^^^^^^^^^^^^^^^^
    )
    ^
  File "C:\Users\Ananthapriyan M\AppData\Local\Programs\Python\Python314\Lib\site-packages\sqlalchemy\engine\default.py", line 952, in do_execute
    cursor.execute(statement, parameters)
    ~~~~~~~~~~~~~~^^^^^^^^^^^^^^^^^^^^^^^
sqlalchemy.exc.OperationalError: (sqlite3.OperationalError) no such column: users.last_login
[SQL: SELECT users.id AS users_id, users.email AS users_email, users.full_name AS users_full_name, users.hashed_password AS users_hashed_password, users.role AS users_role, users.is_active AS users_is_active, users.created_at AS users_created_at, users.last_login AS users_last_login 
FROM users 
WHERE users.email = ?
 LIMIT ? OFFSET ?]
[parameters: ('summa2697@gmail.com', 1, 0)]
(Background on this error at: https://sqlalche.me/e/20/e3q8)
2026-08-11T20:44:25 | ERROR    | CloudVulnEngine | Unhandled exception on POST /api/auth/register: (sqlite3.OperationalError) no such column: users.last_login
[SQL: SELECT users.id AS users_id, users.email AS users_email, users.full_name AS users_full_name, users.hashed_password AS users_hashed_password, users.role AS users_role, users.is_active AS users_is_active, users.created_at AS users_created_at, users.last_login AS users_last_login 
FROM users 
WHERE users.email = ?
 LIMIT ? OFFSET ?]
[parameters: ('summa2697@gmail.com', 1, 0)]
(Background on this error at: https://sqlalche.me/e/20/e3q8)
Traceback (most recent call last):
  File "C:\Users\Ananthapriyan M\AppData\Local\Programs\Python\Python314\Lib\site-packages\sqlalchemy\engine\base.py", line 1969, in _exec_single_context
    self.dialect.do_execute(
    ~~~~~~~~~~~~~~~~~~~~~~~^
        cursor, str_statement, effective_parameters, context
        ^^^^^^^^^^^^^^^^^^^^^^^^^^^^^^^^^^^^^^^^^^^^^^^^^^^^
    )
    ^
  File "C:\Users\Ananthapriyan M\AppData\Local\Programs\Python\Python314\Lib\site-packages\sqlalchemy\engine\default.py", line 952, in do_execute
    cursor.execute(statement, parameters)
    ~~~~~~~~~~~~~~^^^^^^^^^^^^^^^^^^^^^^^
sqlite3.OperationalError: no such column: users.last_login

The above exception was the direct cause of the following exception:

Traceback (most recent call last):
  File "C:\Users\Ananthapriyan M\AppData\Local\Programs\Python\Python314\Lib\site-packages\starlette\middleware\errors.py", line 164, in __call__
    await self.app(scope, receive, _send)
  File "C:\Users\Ananthapriyan M\AppData\Local\Programs\Python\Python314\Lib\site-packages\starlette\middleware\base.py", line 193, in __call__
    response = await self.dispatch_func(request, call_next)
               ^^^^^^^^^^^^^^^^^^^^^^^^^^^^^^^^^^^^^^^^^^^^
  File "C:\Users\Ananthapriyan M\Downloads\cloudvuln\backend\main.py", line 128, in security_middleware
    response = await call_next(request)
               ^^^^^^^^^^^^^^^^^^^^^^^^
  File "C:\Users\Ananthapriyan M\AppData\Local\Programs\Python\Python314\Lib\site-packages\starlette\middleware\base.py", line 168, in call_next
    raise app_exc from app_exc.__cause__ or app_exc.__context__
  File "C:\Users\Ananthapriyan M\AppData\Local\Programs\Python\Python314\Lib\site-packages\starlette\middleware\base.py", line 144, in coro
    await self.app(scope, receive_or_disconnect, send_no_error)
  File "C:\Users\Ananthapriyan M\AppData\Local\Programs\Python\Python314\Lib\site-packages\starlette\middleware\cors.py", line 96, in __call__
    await self.simple_response(scope, receive, send, request_headers=headers)
  File "C:\Users\Ananthapriyan M\AppData\Local\Programs\Python\Python314\Lib\site-packages\starlette\middleware\cors.py", line 154, in simple_response
    await self.app(scope, receive, send)
  File "C:\Users\Ananthapriyan M\AppData\Local\Programs\Python\Python314\Lib\site-packages\starlette\middleware\exceptions.py", line 63, in __call__
    await wrap_app_handling_exceptions(self.app, conn)(scope, receive, send)
  File "C:\Users\Ananthapriyan M\AppData\Local\Programs\Python\Python314\Lib\site-packages\starlette\_exception_handler.py", line 53, in wrapped_app
    raise exc
  File "C:\Users\Ananthapriyan M\AppData\Local\Programs\Python\Python314\Lib\site-packages\starlette\_exception_handler.py", line 42, in wrapped_app
    await app(scope, receive, sender)
  File "C:\Users\Ananthapriyan M\AppData\Local\Programs\Python\Python314\Lib\site-packages\fastapi\middleware\asyncexitstack.py", line 18, in __call__
    await self.app(scope, receive, send)
  File "C:\Users\Ananthapriyan M\AppData\Local\Programs\Python\Python314\Lib\site-packages\starlette\routing.py", line 660, in __call__
    await self.middleware_stack(scope, receive, send)
  File "C:\Users\Ananthapriyan M\AppData\Local\Programs\Python\Python314\Lib\site-packages\fastapi\routing.py", line 2672, in app
    await route.handle(scope, receive, send)
  File "C:\Users\Ananthapriyan M\AppData\Local\Programs\Python\Python314\Lib\site-packages\fastapi\routing.py", line 1266, in handle
    await super().handle(scope, receive, send)
  File "C:\Users\Ananthapriyan M\AppData\Local\Programs\Python\Python314\Lib\site-packages\starlette\routing.py", line 276, in handle
    await self.app(scope, receive, send)
  File "C:\Users\Ananthapriyan M\AppData\Local\Programs\Python\Python314\Lib\site-packages\fastapi\routing.py", line 150, in app
    await wrap_app_handling_exceptions(app, request)(scope, receive, send)
  File "C:\Users\Ananthapriyan M\AppData\Local\Programs\Python\Python314\Lib\site-packages\starlette\_exception_handler.py", line 53, in wrapped_app
    raise exc
  File "C:\Users\Ananthapriyan M\AppData\Local\Programs\Python\Python314\Lib\site-packages\starlette\_exception_handler.py", line 42, in wrapped_app
    await app(scope, receive, sender)
  File "C:\Users\Ananthapriyan M\AppData\Local\Programs\Python\Python314\Lib\site-packages\fastapi\routing.py", line 136, in app
    response = await f(request)
               ^^^^^^^^^^^^^^^^
  File "C:\Users\Ananthapriyan M\AppData\Local\Programs\Python\Python314\Lib\site-packages\fastapi\routing.py", line 690, in app
    raw_response = await run_endpoint_function(
                   ^^^^^^^^^^^^^^^^^^^^^^^^^^^^
    ...<3 lines>...
    )
    ^
  File "C:\Users\Ananthapriyan M\AppData\Local\Programs\Python\Python314\Lib\site-packages\fastapi\routing.py", line 346, in run_endpoint_function
    return await run_in_threadpool(dependant.call, **values)
           ^^^^^^^^^^^^^^^^^^^^^^^^^^^^^^^^^^^^^^^^^^^^^^^^^
  File "C:\Users\Ananthapriyan M\AppData\Local\Programs\Python\Python314\Lib\site-packages\starlette\concurrency.py", line 34, in run_in_threadpool
    return await anyio.to_thread.run_sync(func)
           ^^^^^^^^^^^^^^^^^^^^^^^^^^^^^^^^^^^^
  File "C:\Users\Ananthapriyan M\AppData\Local\Programs\Python\Python314\Lib\site-packages\anyio\to_thread.py", line 63, in run_sync
    return await get_async_backend().run_sync_in_worker_thread(
           ^^^^^^^^^^^^^^^^^^^^^^^^^^^^^^^^^^^^^^^^^^^^^^^^^^^^
        func, args, abandon_on_cancel=abandon_on_cancel, limiter=limiter
        ^^^^^^^^^^^^^^^^^^^^^^^^^^^^^^^^^^^^^^^^^^^^^^^^^^^^^^^^^^^^^^^^
    )
    ^
  File "C:\Users\Ananthapriyan M\AppData\Local\Programs\Python\Python314\Lib\site-packages\anyio\_backends\_asyncio.py", line 2502, in run_sync_in_worker_thread
    return await future
           ^^^^^^^^^^^^
  File "C:\Users\Ananthapriyan M\AppData\Local\Programs\Python\Python314\Lib\site-packages\anyio\_backends\_asyncio.py", line 986, in run
    result = context.run(func, *args)
  File "C:\Users\Ananthapriyan M\Downloads\cloudvuln\backend\main.py", line 251, in register
    existing = db.query(models.User).filter(models.User.email == user_in.email).first()
  File "C:\Users\Ananthapriyan M\AppData\Local\Programs\Python\Python314\Lib\site-packages\sqlalchemy\orm\query.py", line 2766, in first
    return self.limit(1)._iter().first()  # type: ignore
           ~~~~~~~~~~~~~~~~~~~^^
  File "C:\Users\Ananthapriyan M\AppData\Local\Programs\Python\Python314\Lib\site-packages\sqlalchemy\orm\query.py", line 2864, in _iter
    result: Union[ScalarResult[_T], Result[_T]] = self.session.execute(
                                                  ~~~~~~~~~~~~~~~~~~~~^
        statement,
        ^^^^^^^^^^
        params,
        ^^^^^^^
        execution_options={"_sa_orm_load_options": self.load_options},
        ^^^^^^^^^^^^^^^^^^^^^^^^^^^^^^^^^^^^^^^^^^^^^^^^^^^^^^^^^^^^^^
    )
    ^
  File "C:\Users\Ananthapriyan M\AppData\Local\Programs\Python\Python314\Lib\site-packages\sqlalchemy\orm\session.py", line 2373, in execute
    return self._execute_internal(
           ~~~~~~~~~~~~~~~~~~~~~~^
        statement,
        ^^^^^^^^^^
    ...<4 lines>...
        _add_event=_add_event,
        ^^^^^^^^^^^^^^^^^^^^^^
    )
    ^
  File "C:\Users\Ananthapriyan M\AppData\Local\Programs\Python\Python314\Lib\site-packages\sqlalchemy\orm\session.py", line 2271, in _execute_internal
    result: Result[Any] = compile_state_cls.orm_execute_statement(
                          ~~~~~~~~~~~~~~~~~~~~~~~~~~~~~~~~~~~~~~~^
        self,
        ^^^^^
    ...<4 lines>...
        conn,
        ^^^^^
    )
    ^
  File "C:\Users\Ananthapriyan M\AppData\Local\Programs\Python\Python314\Lib\site-packages\sqlalchemy\orm\context.py", line 306, in orm_execute_statement
    result = conn.execute(
        statement, params or {}, execution_options=execution_options
    )
  File "C:\Users\Ananthapriyan M\AppData\Local\Programs\Python\Python314\Lib\site-packages\sqlalchemy\engine\base.py", line 1421, in execute
    return meth(
        self,
        distilled_parameters,
        execution_options or NO_OPTIONS,
    )
  File "C:\Users\Ananthapriyan M\AppData\Local\Programs\Python\Python314\Lib\site-packages\sqlalchemy\sql\elements.py", line 526, in _execute_on_connection
    return connection._execute_clauseelement(
           ~~~~~~~~~~~~~~~~~~~~~~~~~~~~~~~~~^
        self, distilled_params, execution_options
        ^^^^^^^^^^^^^^^^^^^^^^^^^^^^^^^^^^^^^^^^^
    )
    ^
  File "C:\Users\Ananthapriyan M\AppData\Local\Programs\Python\Python314\Lib\site-packages\sqlalchemy\engine\base.py", line 1643, in _execute_clauseelement
    ret = self._execute_context(
        dialect,
    ...<8 lines>...
        cache_hit=cache_hit,
    )
  File "C:\Users\Ananthapriyan M\AppData\Local\Programs\Python\Python314\Lib\site-packages\sqlalchemy\engine\base.py", line 1848, in _execute_context
    return self._exec_single_context(
           ~~~~~~~~~~~~~~~~~~~~~~~~~^
        dialect, context, statement, parameters
        ^^^^^^^^^^^^^^^^^^^^^^^^^^^^^^^^^^^^^^^
    )
    ^
  File "C:\Users\Ananthapriyan M\AppData\Local\Programs\Python\Python314\Lib\site-packages\sqlalchemy\engine\base.py", line 1988, in _exec_single_context
    self._handle_dbapi_exception(
    ~~~~~~~~~~~~~~~~~~~~~~~~~~~~^
        e, str_statement, effective_parameters, cursor, context
        ^^^^^^^^^^^^^^^^^^^^^^^^^^^^^^^^^^^^^^^^^^^^^^^^^^^^^^^
    )
    ^
  File "C:\Users\Ananthapriyan M\AppData\Local\Programs\Python\Python314\Lib\site-packages\sqlalchemy\engine\base.py", line 2365, in _handle_dbapi_exception
    raise sqlalchemy_exception.with_traceback(exc_info[2]) from e
  File "C:\Users\Ananthapriyan M\AppData\Local\Programs\Python\Python314\Lib\site-packages\sqlalchemy\engine\base.py", line 1969, in _exec_single_context
    self.dialect.do_execute(
    ~~~~~~~~~~~~~~~~~~~~~~~^
        cursor, str_statement, effective_parameters, context
        ^^^^^^^^^^^^^^^^^^^^^^^^^^^^^^^^^^^^^^^^^^^^^^^^^^^^
    )
    ^
  File "C:\Users\Ananthapriyan M\AppData\Local\Programs\Python\Python314\Lib\site-packages\sqlalchemy\engine\default.py", line 952, in do_execute
    cursor.execute(statement, parameters)
    ~~~~~~~~~~~~~~^^^^^^^^^^^^^^^^^^^^^^^
sqlalchemy.exc.OperationalError: (sqlite3.OperationalError) no such column: users.last_login
[SQL: SELECT users.id AS users_id, users.email AS users_email, users.full_name AS users_full_name, users.hashed_password AS users_hashed_password, users.role AS users_role, users.is_active AS users_is_active, users.created_at AS users_created_at, users.last_login AS users_last_login 
FROM users 
WHERE users.email = ?
 LIMIT ? OFFSET ?]
[parameters: ('summa2697@gmail.com', 1, 0)]
(Background on this error at: https://sqlalche.me/e/20/e3q8)
2026-08-11T20:44:33 | ERROR    | CloudVulnEngine | Unhandled exception on POST /api/auth/register: (sqlite3.OperationalError) no such column: users.last_login
[SQL: SELECT users.id AS users_id, users.email AS users_email, users.full_name AS users_full_name, users.hashed_password AS users_hashed_password, users.role AS users_role, users.is_active AS users_is_active, users.created_at AS users_created_at, users.last_login AS users_last_login 
FROM users 
WHERE users.email = ?
 LIMIT ? OFFSET ?]
[parameters: ('summa2697@gmail.com', 1, 0)]
(Background on this error at: https://sqlalche.me/e/20/e3q8)
Traceback (most recent call last):
  File "C:\Users\Ananthapriyan M\AppData\Local\Programs\Python\Python314\Lib\site-packages\sqlalchemy\engine\base.py", line 1969, in _exec_single_context
    self.dialect.do_execute(
    ~~~~~~~~~~~~~~~~~~~~~~~^
        cursor, str_statement, effective_parameters, context
        ^^^^^^^^^^^^^^^^^^^^^^^^^^^^^^^^^^^^^^^^^^^^^^^^^^^^
    )
    ^
  File "C:\Users\Ananthapriyan M\AppData\Local\Programs\Python\Python314\Lib\site-packages\sqlalchemy\engine\default.py", line 952, in do_execute
    cursor.execute(statement, parameters)
    ~~~~~~~~~~~~~~^^^^^^^^^^^^^^^^^^^^^^^
sqlite3.OperationalError: no such column: users.last_login

The above exception was the direct cause of the following exception:

Traceback (most recent call last):
  File "C:\Users\Ananthapriyan M\AppData\Local\Programs\Python\Python314\Lib\site-packages\starlette\middleware\errors.py", line 164, in __call__
    await self.app(scope, receive, _send)
  File "C:\Users\Ananthapriyan M\AppData\Local\Programs\Python\Python314\Lib\site-packages\starlette\middleware\base.py", line 193, in __call__
    response = await self.dispatch_func(request, call_next)
               ^^^^^^^^^^^^^^^^^^^^^^^^^^^^^^^^^^^^^^^^^^^^
  File "C:\Users\Ananthapriyan M\Downloads\cloudvuln\backend\main.py", line 128, in security_middleware
    response = await call_next(request)
               ^^^^^^^^^^^^^^^^^^^^^^^^
  File "C:\Users\Ananthapriyan M\AppData\Local\Programs\Python\Python314\Lib\site-packages\starlette\middleware\base.py", line 168, in call_next
    raise app_exc from app_exc.__cause__ or app_exc.__context__
  File "C:\Users\Ananthapriyan M\AppData\Local\Programs\Python\Python314\Lib\site-packages\starlette\middleware\base.py", line 144, in coro
    await self.app(scope, receive_or_disconnect, send_no_error)
  File "C:\Users\Ananthapriyan M\AppData\Local\Programs\Python\Python314\Lib\site-packages\starlette\middleware\cors.py", line 96, in __call__
    await self.simple_response(scope, receive, send, request_headers=headers)
  File "C:\Users\Ananthapriyan M\AppData\Local\Programs\Python\Python314\Lib\site-packages\starlette\middleware\cors.py", line 154, in simple_response
    await self.app(scope, receive, send)
  File "C:\Users\Ananthapriyan M\AppData\Local\Programs\Python\Python314\Lib\site-packages\starlette\middleware\exceptions.py", line 63, in __call__
    await wrap_app_handling_exceptions(self.app, conn)(scope, receive, send)
  File "C:\Users\Ananthapriyan M\AppData\Local\Programs\Python\Python314\Lib\site-packages\starlette\_exception_handler.py", line 53, in wrapped_app
    raise exc
  File "C:\Users\Ananthapriyan M\AppData\Local\Programs\Python\Python314\Lib\site-packages\starlette\_exception_handler.py", line 42, in wrapped_app
    await app(scope, receive, sender)
  File "C:\Users\Ananthapriyan M\AppData\Local\Programs\Python\Python314\Lib\site-packages\fastapi\middleware\asyncexitstack.py", line 18, in __call__
    await self.app(scope, receive, send)
  File "C:\Users\Ananthapriyan M\AppData\Local\Programs\Python\Python314\Lib\site-packages\starlette\routing.py", line 660, in __call__
    await self.middleware_stack(scope, receive, send)
  File "C:\Users\Ananthapriyan M\AppData\Local\Programs\Python\Python314\Lib\site-packages\fastapi\routing.py", line 2672, in app
    await route.handle(scope, receive, send)
  File "C:\Users\Ananthapriyan M\AppData\Local\Programs\Python\Python314\Lib\site-packages\fastapi\routing.py", line 1266, in handle
    await super().handle(scope, receive, send)
  File "C:\Users\Ananthapriyan M\AppData\Local\Programs\Python\Python314\Lib\site-packages\starlette\routing.py", line 276, in handle
    await self.app(scope, receive, send)
  File "C:\Users\Ananthapriyan M\AppData\Local\Programs\Python\Python314\Lib\site-packages\fastapi\routing.py", line 150, in app
    await wrap_app_handling_exceptions(app, request)(scope, receive, send)
  File "C:\Users\Ananthapriyan M\AppData\Local\Programs\Python\Python314\Lib\site-packages\starlette\_exception_handler.py", line 53, in wrapped_app
    raise exc
  File "C:\Users\Ananthapriyan M\AppData\Local\Programs\Python\Python314\Lib\site-packages\starlette\_exception_handler.py", line 42, in wrapped_app
    await app(scope, receive, sender)
  File "C:\Users\Ananthapriyan M\AppData\Local\Programs\Python\Python314\Lib\site-packages\fastapi\routing.py", line 136, in app
    response = await f(request)
               ^^^^^^^^^^^^^^^^
  File "C:\Users\Ananthapriyan M\AppData\Local\Programs\Python\Python314\Lib\site-packages\fastapi\routing.py", line 690, in app
    raw_response = await run_endpoint_function(
                   ^^^^^^^^^^^^^^^^^^^^^^^^^^^^
    ...<3 lines>...
    )
    ^
  File "C:\Users\Ananthapriyan M\AppData\Local\Programs\Python\Python314\Lib\site-packages\fastapi\routing.py", line 346, in run_endpoint_function
    return await run_in_threadpool(dependant.call, **values)
           ^^^^^^^^^^^^^^^^^^^^^^^^^^^^^^^^^^^^^^^^^^^^^^^^^
  File "C:\Users\Ananthapriyan M\AppData\Local\Programs\Python\Python314\Lib\site-packages\starlette\concurrency.py", line 34, in run_in_threadpool
    return await anyio.to_thread.run_sync(func)
           ^^^^^^^^^^^^^^^^^^^^^^^^^^^^^^^^^^^^
  File "C:\Users\Ananthapriyan M\AppData\Local\Programs\Python\Python314\Lib\site-packages\anyio\to_thread.py", line 63, in run_sync
    return await get_async_backend().run_sync_in_worker_thread(
           ^^^^^^^^^^^^^^^^^^^^^^^^^^^^^^^^^^^^^^^^^^^^^^^^^^^^
        func, args, abandon_on_cancel=abandon_on_cancel, limiter=limiter
        ^^^^^^^^^^^^^^^^^^^^^^^^^^^^^^^^^^^^^^^^^^^^^^^^^^^^^^^^^^^^^^^^
    )
    ^
  File "C:\Users\Ananthapriyan M\AppData\Local\Programs\Python\Python314\Lib\site-packages\anyio\_backends\_asyncio.py", line 2502, in run_sync_in_worker_thread
    return await future
           ^^^^^^^^^^^^
  File "C:\Users\Ananthapriyan M\AppData\Local\Programs\Python\Python314\Lib\site-packages\anyio\_backends\_asyncio.py", line 986, in run
    result = context.run(func, *args)
  File "C:\Users\Ananthapriyan M\Downloads\cloudvuln\backend\main.py", line 251, in register
    existing = db.query(models.User).filter(models.User.email == user_in.email).first()
  File "C:\Users\Ananthapriyan M\AppData\Local\Programs\Python\Python314\Lib\site-packages\sqlalchemy\orm\query.py", line 2766, in first
    return self.limit(1)._iter().first()  # type: ignore
           ~~~~~~~~~~~~~~~~~~~^^
  File "C:\Users\Ananthapriyan M\AppData\Local\Programs\Python\Python314\Lib\site-packages\sqlalchemy\orm\query.py", line 2864, in _iter
    result: Union[ScalarResult[_T], Result[_T]] = self.session.execute(
                                                  ~~~~~~~~~~~~~~~~~~~~^
        statement,
        ^^^^^^^^^^
        params,
        ^^^^^^^
        execution_options={"_sa_orm_load_options": self.load_options},
        ^^^^^^^^^^^^^^^^^^^^^^^^^^^^^^^^^^^^^^^^^^^^^^^^^^^^^^^^^^^^^^
    )
    ^
  File "C:\Users\Ananthapriyan M\AppData\Local\Programs\Python\Python314\Lib\site-packages\sqlalchemy\orm\session.py", line 2373, in execute
    return self._execute_internal(
           ~~~~~~~~~~~~~~~~~~~~~~^
        statement,
        ^^^^^^^^^^
    ...<4 lines>...
        _add_event=_add_event,
        ^^^^^^^^^^^^^^^^^^^^^^
    )
    ^
  File "C:\Users\Ananthapriyan M\AppData\Local\Programs\Python\Python314\Lib\site-packages\sqlalchemy\orm\session.py", line 2271, in _execute_internal
    result: Result[Any] = compile_state_cls.orm_execute_statement(
                          ~~~~~~~~~~~~~~~~~~~~~~~~~~~~~~~~~~~~~~~^
        self,
        ^^^^^
    ...<4 lines>...
        conn,
        ^^^^^
    )
    ^
  File "C:\Users\Ananthapriyan M\AppData\Local\Programs\Python\Python314\Lib\site-packages\sqlalchemy\orm\context.py", line 306, in orm_execute_statement
    result = conn.execute(
        statement, params or {}, execution_options=execution_options
    )
  File "C:\Users\Ananthapriyan M\AppData\Local\Programs\Python\Python314\Lib\site-packages\sqlalchemy\engine\base.py", line 1421, in execute
    return meth(
        self,
        distilled_parameters,
        execution_options or NO_OPTIONS,
    )
  File "C:\Users\Ananthapriyan M\AppData\Local\Programs\Python\Python314\Lib\site-packages\sqlalchemy\sql\elements.py", line 526, in _execute_on_connection
    return connection._execute_clauseelement(
           ~~~~~~~~~~~~~~~~~~~~~~~~~~~~~~~~~^
        self, distilled_params, execution_options
        ^^^^^^^^^^^^^^^^^^^^^^^^^^^^^^^^^^^^^^^^^
    )
    ^
  File "C:\Users\Ananthapriyan M\AppData\Local\Programs\Python\Python314\Lib\site-packages\sqlalchemy\engine\base.py", line 1643, in _execute_clauseelement
    ret = self._execute_context(
        dialect,
    ...<8 lines>...
        cache_hit=cache_hit,
    )
  File "C:\Users\Ananthapriyan M\AppData\Local\Programs\Python\Python314\Lib\site-packages\sqlalchemy\engine\base.py", line 1848, in _execute_context
    return self._exec_single_context(
           ~~~~~~~~~~~~~~~~~~~~~~~~~^
        dialect, context, statement, parameters
        ^^^^^^^^^^^^^^^^^^^^^^^^^^^^^^^^^^^^^^^
    )
    ^
  File "C:\Users\Ananthapriyan M\AppData\Local\Programs\Python\Python314\Lib\site-packages\sqlalchemy\engine\base.py", line 1988, in _exec_single_context
    self._handle_dbapi_exception(
    ~~~~~~~~~~~~~~~~~~~~~~~~~~~~^
        e, str_statement, effective_parameters, cursor, context
        ^^^^^^^^^^^^^^^^^^^^^^^^^^^^^^^^^^^^^^^^^^^^^^^^^^^^^^^
    )
    ^
  File "C:\Users\Ananthapriyan M\AppData\Local\Programs\Python\Python314\Lib\site-packages\sqlalchemy\engine\base.py", line 2365, in _handle_dbapi_exception
    raise sqlalchemy_exception.with_traceback(exc_info[2]) from e
  File "C:\Users\Ananthapriyan M\AppData\Local\Programs\Python\Python314\Lib\site-packages\sqlalchemy\engine\base.py", line 1969, in _exec_single_context
    self.dialect.do_execute(
    ~~~~~~~~~~~~~~~~~~~~~~~^
        cursor, str_statement, effective_parameters, context
        ^^^^^^^^^^^^^^^^^^^^^^^^^^^^^^^^^^^^^^^^^^^^^^^^^^^^
    )
    ^
  File "C:\Users\Ananthapriyan M\AppData\Local\Programs\Python\Python314\Lib\site-packages\sqlalchemy\engine\default.py", line 952, in do_execute
    cursor.execute(statement, parameters)
    ~~~~~~~~~~~~~~^^^^^^^^^^^^^^^^^^^^^^^
sqlalchemy.exc.OperationalError: (sqlite3.OperationalError) no such column: users.last_login
[SQL: SELECT users.id AS users_id, users.email AS users_email, users.full_name AS users_full_name, users.hashed_password AS users_hashed_password, users.role AS users_role, users.is_active AS users_is_active, users.created_at AS users_created_at, users.last_login AS users_last_login 
FROM users 
WHERE users.email = ?
 LIMIT ? OFFSET ?]
[parameters: ('summa2697@gmail.com', 1, 0)]
(Background on this error at: https://sqlalche.me/e/20/e3q8)
2026-08-11T20:45:49 | ERROR    | CloudVulnEngine | Unhandled exception on POST /api/auth/register: (sqlite3.OperationalError) no such column: users.last_login
[SQL: SELECT users.id AS users_id, users.email AS users_email, users.full_name AS users_full_name, users.hashed_password AS users_hashed_password, users.role AS users_role, users.is_active AS users_is_active, users.created_at AS users_created_at, users.last_login AS users_last_login 
FROM users 
WHERE users.email = ?
 LIMIT ? OFFSET ?]
[parameters: ('summa2697@gmail.com', 1, 0)]
(Background on this error at: https://sqlalche.me/e/20/e3q8)
Traceback (most recent call last):
  File "C:\Users\Ananthapriyan M\AppData\Local\Programs\Python\Python314\Lib\site-packages\sqlalchemy\engine\base.py", line 1969, in _exec_single_context
    self.dialect.do_execute(
    ~~~~~~~~~~~~~~~~~~~~~~~^
        cursor, str_statement, effective_parameters, context
        ^^^^^^^^^^^^^^^^^^^^^^^^^^^^^^^^^^^^^^^^^^^^^^^^^^^^
    )
    ^
  File "C:\Users\Ananthapriyan M\AppData\Local\Programs\Python\Python314\Lib\site-packages\sqlalchemy\engine\default.py", line 952, in do_execute
    cursor.execute(statement, parameters)
    ~~~~~~~~~~~~~~^^^^^^^^^^^^^^^^^^^^^^^
sqlite3.OperationalError: no such column: users.last_login

The above exception was the direct cause of the following exception:

Traceback (most recent call last):
  File "C:\Users\Ananthapriyan M\AppData\Local\Programs\Python\Python314\Lib\site-packages\starlette\middleware\errors.py", line 164, in __call__
    await self.app(scope, receive, _send)
  File "C:\Users\Ananthapriyan M\AppData\Local\Programs\Python\Python314\Lib\site-packages\starlette\middleware\base.py", line 193, in __call__
    response = await self.dispatch_func(request, call_next)
               ^^^^^^^^^^^^^^^^^^^^^^^^^^^^^^^^^^^^^^^^^^^^
  File "C:\Users\Ananthapriyan M\Downloads\cloudvuln\backend\main.py", line 128, in security_middleware
    response = await call_next(request)
               ^^^^^^^^^^^^^^^^^^^^^^^^
  File "C:\Users\Ananthapriyan M\AppData\Local\Programs\Python\Python314\Lib\site-packages\starlette\middleware\base.py", line 168, in call_next
    raise app_exc from app_exc.__cause__ or app_exc.__context__
  File "C:\Users\Ananthapriyan M\AppData\Local\Programs\Python\Python314\Lib\site-packages\starlette\middleware\base.py", line 144, in coro
    await self.app(scope, receive_or_disconnect, send_no_error)
  File "C:\Users\Ananthapriyan M\AppData\Local\Programs\Python\Python314\Lib\site-packages\starlette\middleware\cors.py", line 96, in __call__
    await self.simple_response(scope, receive, send, request_headers=headers)
  File "C:\Users\Ananthapriyan M\AppData\Local\Programs\Python\Python314\Lib\site-packages\starlette\middleware\cors.py", line 154, in simple_response
    await self.app(scope, receive, send)
  File "C:\Users\Ananthapriyan M\AppData\Local\Programs\Python\Python314\Lib\site-packages\starlette\middleware\exceptions.py", line 63, in __call__
    await wrap_app_handling_exceptions(self.app, conn)(scope, receive, send)
  File "C:\Users\Ananthapriyan M\AppData\Local\Programs\Python\Python314\Lib\site-packages\starlette\_exception_handler.py", line 53, in wrapped_app
    raise exc
  File "C:\Users\Ananthapriyan M\AppData\Local\Programs\Python\Python314\Lib\site-packages\starlette\_exception_handler.py", line 42, in wrapped_app
    await app(scope, receive, sender)
  File "C:\Users\Ananthapriyan M\AppData\Local\Programs\Python\Python314\Lib\site-packages\fastapi\middleware\asyncexitstack.py", line 18, in __call__
    await self.app(scope, receive, send)
  File "C:\Users\Ananthapriyan M\AppData\Local\Programs\Python\Python314\Lib\site-packages\starlette\routing.py", line 660, in __call__
    await self.middleware_stack(scope, receive, send)
  File "C:\Users\Ananthapriyan M\AppData\Local\Programs\Python\Python314\Lib\site-packages\fastapi\routing.py", line 2672, in app
    await route.handle(scope, receive, send)
  File "C:\Users\Ananthapriyan M\AppData\Local\Programs\Python\Python314\Lib\site-packages\fastapi\routing.py", line 1266, in handle
    await super().handle(scope, receive, send)
  File "C:\Users\Ananthapriyan M\AppData\Local\Programs\Python\Python314\Lib\site-packages\starlette\routing.py", line 276, in handle
    await self.app(scope, receive, send)
  File "C:\Users\Ananthapriyan M\AppData\Local\Programs\Python\Python314\Lib\site-packages\fastapi\routing.py", line 150, in app
    await wrap_app_handling_exceptions(app, request)(scope, receive, send)
  File "C:\Users\Ananthapriyan M\AppData\Local\Programs\Python\Python314\Lib\site-packages\starlette\_exception_handler.py", line 53, in wrapped_app
    raise exc
  File "C:\Users\Ananthapriyan M\AppData\Local\Programs\Python\Python314\Lib\site-packages\starlette\_exception_handler.py", line 42, in wrapped_app
    await app(scope, receive, sender)
  File "C:\Users\Ananthapriyan M\AppData\Local\Programs\Python\Python314\Lib\site-packages\fastapi\routing.py", line 136, in app
    response = await f(request)
               ^^^^^^^^^^^^^^^^
  File "C:\Users\Ananthapriyan M\AppData\Local\Programs\Python\Python314\Lib\site-packages\fastapi\routing.py", line 690, in app
    raw_response = await run_endpoint_function(
                   ^^^^^^^^^^^^^^^^^^^^^^^^^^^^
    ...<3 lines>...
    )
    ^
  File "C:\Users\Ananthapriyan M\AppData\Local\Programs\Python\Python314\Lib\site-packages\fastapi\routing.py", line 346, in run_endpoint_function
    return await run_in_threadpool(dependant.call, **values)
           ^^^^^^^^^^^^^^^^^^^^^^^^^^^^^^^^^^^^^^^^^^^^^^^^^
  File "C:\Users\Ananthapriyan M\AppData\Local\Programs\Python\Python314\Lib\site-packages\starlette\concurrency.py", line 34, in run_in_threadpool
    return await anyio.to_thread.run_sync(func)
           ^^^^^^^^^^^^^^^^^^^^^^^^^^^^^^^^^^^^
  File "C:\Users\Ananthapriyan M\AppData\Local\Programs\Python\Python314\Lib\site-packages\anyio\to_thread.py", line 63, in run_sync
    return await get_async_backend().run_sync_in_worker_thread(
           ^^^^^^^^^^^^^^^^^^^^^^^^^^^^^^^^^^^^^^^^^^^^^^^^^^^^
        func, args, abandon_on_cancel=abandon_on_cancel, limiter=limiter
        ^^^^^^^^^^^^^^^^^^^^^^^^^^^^^^^^^^^^^^^^^^^^^^^^^^^^^^^^^^^^^^^^
    )
    ^
  File "C:\Users\Ananthapriyan M\AppData\Local\Programs\Python\Python314\Lib\site-packages\anyio\_backends\_asyncio.py", line 2502, in run_sync_in_worker_thread
    return await future
           ^^^^^^^^^^^^
  File "C:\Users\Ananthapriyan M\AppData\Local\Programs\Python\Python314\Lib\site-packages\anyio\_backends\_asyncio.py", line 986, in run
    result = context.run(func, *args)
  File "C:\Users\Ananthapriyan M\Downloads\cloudvuln\backend\main.py", line 251, in register
    existing = db.query(models.User).filter(models.User.email == user_in.email).first()
  File "C:\Users\Ananthapriyan M\AppData\Local\Programs\Python\Python314\Lib\site-packages\sqlalchemy\orm\query.py", line 2766, in first
    return self.limit(1)._iter().first()  # type: ignore
           ~~~~~~~~~~~~~~~~~~~^^
  File "C:\Users\Ananthapriyan M\AppData\Local\Programs\Python\Python314\Lib\site-packages\sqlalchemy\orm\query.py", line 2864, in _iter
    result: Union[ScalarResult[_T], Result[_T]] = self.session.execute(
                                                  ~~~~~~~~~~~~~~~~~~~~^
        statement,
        ^^^^^^^^^^
        params,
        ^^^^^^^
        execution_options={"_sa_orm_load_options": self.load_options},
        ^^^^^^^^^^^^^^^^^^^^^^^^^^^^^^^^^^^^^^^^^^^^^^^^^^^^^^^^^^^^^^
    )
    ^
  File "C:\Users\Ananthapriyan M\AppData\Local\Programs\Python\Python314\Lib\site-packages\sqlalchemy\orm\session.py", line 2373, in execute
    return self._execute_internal(
           ~~~~~~~~~~~~~~~~~~~~~~^
        statement,
        ^^^^^^^^^^
    ...<4 lines>...
        _add_event=_add_event,
        ^^^^^^^^^^^^^^^^^^^^^^
    )
    ^
  File "C:\Users\Ananthapriyan M\AppData\Local\Programs\Python\Python314\Lib\site-packages\sqlalchemy\orm\session.py", line 2271, in _execute_internal
    result: Result[Any] = compile_state_cls.orm_execute_statement(
                          ~~~~~~~~~~~~~~~~~~~~~~~~~~~~~~~~~~~~~~~^
        self,
        ^^^^^
    ...<4 lines>...
        conn,
        ^^^^^
    )
    ^
  File "C:\Users\Ananthapriyan M\AppData\Local\Programs\Python\Python314\Lib\site-packages\sqlalchemy\orm\context.py", line 306, in orm_execute_statement
    result = conn.execute(
        statement, params or {}, execution_options=execution_options
    )
  File "C:\Users\Ananthapriyan M\AppData\Local\Programs\Python\Python314\Lib\site-packages\sqlalchemy\engine\base.py", line 1421, in execute
    return meth(
        self,
        distilled_parameters,
        execution_options or NO_OPTIONS,
    )
  File "C:\Users\Ananthapriyan M\AppData\Local\Programs\Python\Python314\Lib\site-packages\sqlalchemy\sql\elements.py", line 526, in _execute_on_connection
    return connection._execute_clauseelement(
           ~~~~~~~~~~~~~~~~~~~~~~~~~~~~~~~~~^
        self, distilled_params, execution_options
        ^^^^^^^^^^^^^^^^^^^^^^^^^^^^^^^^^^^^^^^^^
    )
    ^
  File "C:\Users\Ananthapriyan M\AppData\Local\Programs\Python\Python314\Lib\site-packages\sqlalchemy\engine\base.py", line 1643, in _execute_clauseelement
    ret = self._execute_context(
        dialect,
    ...<8 lines>...
        cache_hit=cache_hit,
    )
  File "C:\Users\Ananthapriyan M\AppData\Local\Programs\Python\Python314\Lib\site-packages\sqlalchemy\engine\base.py", line 1848, in _execute_context
    return self._exec_single_context(
           ~~~~~~~~~~~~~~~~~~~~~~~~~^
        dialect, context, statement, parameters
        ^^^^^^^^^^^^^^^^^^^^^^^^^^^^^^^^^^^^^^^
    )
    ^
  File "C:\Users\Ananthapriyan M\AppData\Local\Programs\Python\Python314\Lib\site-packages\sqlalchemy\engine\base.py", line 1988, in _exec_single_context
    self._handle_dbapi_exception(
    ~~~~~~~~~~~~~~~~~~~~~~~~~~~~^
        e, str_statement, effective_parameters, cursor, context
        ^^^^^^^^^^^^^^^^^^^^^^^^^^^^^^^^^^^^^^^^^^^^^^^^^^^^^^^
    )
    ^
  File "C:\Users\Ananthapriyan M\AppData\Local\Programs\Python\Python314\Lib\site-packages\sqlalchemy\engine\base.py", line 2365, in _handle_dbapi_exception
    raise sqlalchemy_exception.with_traceback(exc_info[2]) from e
  File "C:\Users\Ananthapriyan M\AppData\Local\Programs\Python\Python314\Lib\site-packages\sqlalchemy\engine\base.py", line 1969, in _exec_single_context
    self.dialect.do_execute(
    ~~~~~~~~~~~~~~~~~~~~~~~^
        cursor, str_statement, effective_parameters, context
        ^^^^^^^^^^^^^^^^^^^^^^^^^^^^^^^^^^^^^^^^^^^^^^^^^^^^
    )
    ^
  File "C:\Users\Ananthapriyan M\AppData\Local\Programs\Python\Python314\Lib\site-packages\sqlalchemy\engine\default.py", line 952, in do_execute
    cursor.execute(statement, parameters)
    ~~~~~~~~~~~~~~^^^^^^^^^^^^^^^^^^^^^^^
sqlalchemy.exc.OperationalError: (sqlite3.OperationalError) no such column: users.last_login
[SQL: SELECT users.id AS users_id, users.email AS users_email, users.full_name AS users_full_name, users.hashed_password AS users_hashed_password, users.role AS users_role, users.is_active AS users_is_active, users.created_at AS users_created_at, users.last_login AS users_last_login 
FROM users 
WHERE users.email = ?
 LIMIT ? OFFSET ?]
[parameters: ('summa2697@gmail.com', 1, 0)]
(Background on this error at: https://sqlalche.me/e/20/e3q8)
2026-08-11T20:47:12 | ERROR    | CloudVulnEngine | Unhandled exception on POST /api/auth/login: (sqlite3.OperationalError) no such column: users.last_login
[SQL: SELECT users.id AS users_id, users.email AS users_email, users.full_name AS users_full_name, users.hashed_password AS users_hashed_password, users.role AS users_role, users.is_active AS users_is_active, users.created_at AS users_created_at, users.last_login AS users_last_login 
FROM users 
WHERE users.email = ?
 LIMIT ? OFFSET ?]
[parameters: ('summa2697@gmail.com', 1, 0)]
(Background on this error at: https://sqlalche.me/e/20/e3q8)
Traceback (most recent call last):
  File "C:\Users\Ananthapriyan M\AppData\Local\Programs\Python\Python314\Lib\site-packages\sqlalchemy\engine\base.py", line 1969, in _exec_single_context
    self.dialect.do_execute(
    ~~~~~~~~~~~~~~~~~~~~~~~^
        cursor, str_statement, effective_parameters, context
        ^^^^^^^^^^^^^^^^^^^^^^^^^^^^^^^^^^^^^^^^^^^^^^^^^^^^
    )
    ^
  File "C:\Users\Ananthapriyan M\AppData\Local\Programs\Python\Python314\Lib\site-packages\sqlalchemy\engine\default.py", line 952, in do_execute
    cursor.execute(statement, parameters)
    ~~~~~~~~~~~~~~^^^^^^^^^^^^^^^^^^^^^^^
sqlite3.OperationalError: no such column: users.last_login

The above exception was the direct cause of the following exception:

Traceback (most recent call last):
  File "C:\Users\Ananthapriyan M\AppData\Local\Programs\Python\Python314\Lib\site-packages\starlette\middleware\errors.py", line 164, in __call__
    await self.app(scope, receive, _send)
  File "C:\Users\Ananthapriyan M\AppData\Local\Programs\Python\Python314\Lib\site-packages\starlette\middleware\base.py", line 193, in __call__
    response = await self.dispatch_func(request, call_next)
               ^^^^^^^^^^^^^^^^^^^^^^^^^^^^^^^^^^^^^^^^^^^^
  File "C:\Users\Ananthapriyan M\Downloads\cloudvuln\backend\main.py", line 128, in security_middleware
    response = await call_next(request)
               ^^^^^^^^^^^^^^^^^^^^^^^^
  File "C:\Users\Ananthapriyan M\AppData\Local\Programs\Python\Python314\Lib\site-packages\starlette\middleware\base.py", line 168, in call_next
    raise app_exc from app_exc.__cause__ or app_exc.__context__
  File "C:\Users\Ananthapriyan M\AppData\Local\Programs\Python\Python314\Lib\site-packages\starlette\middleware\base.py", line 144, in coro
    await self.app(scope, receive_or_disconnect, send_no_error)
  File "C:\Users\Ananthapriyan M\AppData\Local\Programs\Python\Python314\Lib\site-packages\starlette\middleware\cors.py", line 96, in __call__
    await self.simple_response(scope, receive, send, request_headers=headers)
  File "C:\Users\Ananthapriyan M\AppData\Local\Programs\Python\Python314\Lib\site-packages\starlette\middleware\cors.py", line 154, in simple_response
    await self.app(scope, receive, send)
  File "C:\Users\Ananthapriyan M\AppData\Local\Programs\Python\Python314\Lib\site-packages\starlette\middleware\exceptions.py", line 63, in __call__
    await wrap_app_handling_exceptions(self.app, conn)(scope, receive, send)
  File "C:\Users\Ananthapriyan M\AppData\Local\Programs\Python\Python314\Lib\site-packages\starlette\_exception_handler.py", line 53, in wrapped_app
    raise exc
  File "C:\Users\Ananthapriyan M\AppData\Local\Programs\Python\Python314\Lib\site-packages\starlette\_exception_handler.py", line 42, in wrapped_app
    await app(scope, receive, sender)
  File "C:\Users\Ananthapriyan M\AppData\Local\Programs\Python\Python314\Lib\site-packages\fastapi\middleware\asyncexitstack.py", line 18, in __call__
    await self.app(scope, receive, send)
  File "C:\Users\Ananthapriyan M\AppData\Local\Programs\Python\Python314\Lib\site-packages\starlette\routing.py", line 660, in __call__
    await self.middleware_stack(scope, receive, send)
  File "C:\Users\Ananthapriyan M\AppData\Local\Programs\Python\Python314\Lib\site-packages\fastapi\routing.py", line 2672, in app
    await route.handle(scope, receive, send)
  File "C:\Users\Ananthapriyan M\AppData\Local\Programs\Python\Python314\Lib\site-packages\fastapi\routing.py", line 1266, in handle
    await super().handle(scope, receive, send)
  File "C:\Users\Ananthapriyan M\AppData\Local\Programs\Python\Python314\Lib\site-packages\starlette\routing.py", line 276, in handle
    await self.app(scope, receive, send)
  File "C:\Users\Ananthapriyan M\AppData\Local\Programs\Python\Python314\Lib\site-packages\fastapi\routing.py", line 150, in app
    await wrap_app_handling_exceptions(app, request)(scope, receive, send)
  File "C:\Users\Ananthapriyan M\AppData\Local\Programs\Python\Python314\Lib\site-packages\starlette\_exception_handler.py", line 53, in wrapped_app
    raise exc
  File "C:\Users\Ananthapriyan M\AppData\Local\Programs\Python\Python314\Lib\site-packages\starlette\_exception_handler.py", line 42, in wrapped_app
    await app(scope, receive, sender)
  File "C:\Users\Ananthapriyan M\AppData\Local\Programs\Python\Python314\Lib\site-packages\fastapi\routing.py", line 136, in app
    response = await f(request)
               ^^^^^^^^^^^^^^^^
  File "C:\Users\Ananthapriyan M\AppData\Local\Programs\Python\Python314\Lib\site-packages\fastapi\routing.py", line 690, in app
    raw_response = await run_endpoint_function(
                   ^^^^^^^^^^^^^^^^^^^^^^^^^^^^
    ...<3 lines>...
    )
    ^
  File "C:\Users\Ananthapriyan M\AppData\Local\Programs\Python\Python314\Lib\site-packages\fastapi\routing.py", line 346, in run_endpoint_function
    return await run_in_threadpool(dependant.call, **values)
           ^^^^^^^^^^^^^^^^^^^^^^^^^^^^^^^^^^^^^^^^^^^^^^^^^
  File "C:\Users\Ananthapriyan M\AppData\Local\Programs\Python\Python314\Lib\site-packages\starlette\concurrency.py", line 34, in run_in_threadpool
    return await anyio.to_thread.run_sync(func)
           ^^^^^^^^^^^^^^^^^^^^^^^^^^^^^^^^^^^^
  File "C:\Users\Ananthapriyan M\AppData\Local\Programs\Python\Python314\Lib\site-packages\anyio\to_thread.py", line 63, in run_sync
    return await get_async_backend().run_sync_in_worker_thread(
           ^^^^^^^^^^^^^^^^^^^^^^^^^^^^^^^^^^^^^^^^^^^^^^^^^^^^
        func, args, abandon_on_cancel=abandon_on_cancel, limiter=limiter
        ^^^^^^^^^^^^^^^^^^^^^^^^^^^^^^^^^^^^^^^^^^^^^^^^^^^^^^^^^^^^^^^^
    )
    ^
  File "C:\Users\Ananthapriyan M\AppData\Local\Programs\Python\Python314\Lib\site-packages\anyio\_backends\_asyncio.py", line 2502, in run_sync_in_worker_thread
    return await future
           ^^^^^^^^^^^^
  File "C:\Users\Ananthapriyan M\AppData\Local\Programs\Python\Python314\Lib\site-packages\anyio\_backends\_asyncio.py", line 986, in run
    result = context.run(func, *args)
  File "C:\Users\Ananthapriyan M\Downloads\cloudvuln\backend\main.py", line 283, in login
    user = db.query(models.User).filter(models.User.email == user_credentials.email).first()
  File "C:\Users\Ananthapriyan M\AppData\Local\Programs\Python\Python314\Lib\site-packages\sqlalchemy\orm\query.py", line 2766, in first
    return self.limit(1)._iter().first()  # type: ignore
           ~~~~~~~~~~~~~~~~~~~^^
  File "C:\Users\Ananthapriyan M\AppData\Local\Programs\Python\Python314\Lib\site-packages\sqlalchemy\orm\query.py", line 2864, in _iter
    result: Union[ScalarResult[_T], Result[_T]] = self.session.execute(
                                                  ~~~~~~~~~~~~~~~~~~~~^
        statement,
        ^^^^^^^^^^
        params,
        ^^^^^^^
        execution_options={"_sa_orm_load_options": self.load_options},
        ^^^^^^^^^^^^^^^^^^^^^^^^^^^^^^^^^^^^^^^^^^^^^^^^^^^^^^^^^^^^^^
    )
    ^
  File "C:\Users\Ananthapriyan M\AppData\Local\Programs\Python\Python314\Lib\site-packages\sqlalchemy\orm\session.py", line 2373, in execute
    return self._execute_internal(
           ~~~~~~~~~~~~~~~~~~~~~~^
        statement,
        ^^^^^^^^^^
    ...<4 lines>...
        _add_event=_add_event,
        ^^^^^^^^^^^^^^^^^^^^^^
    )
    ^
  File "C:\Users\Ananthapriyan M\AppData\Local\Programs\Python\Python314\Lib\site-packages\sqlalchemy\orm\session.py", line 2271, in _execute_internal
    result: Result[Any] = compile_state_cls.orm_execute_statement(
                          ~~~~~~~~~~~~~~~~~~~~~~~~~~~~~~~~~~~~~~~^
        self,
        ^^^^^
    ...<4 lines>...
        conn,
        ^^^^^
    )
    ^
  File "C:\Users\Ananthapriyan M\AppData\Local\Programs\Python\Python314\Lib\site-packages\sqlalchemy\orm\context.py", line 306, in orm_execute_statement
    result = conn.execute(
        statement, params or {}, execution_options=execution_options
    )
  File "C:\Users\Ananthapriyan M\AppData\Local\Programs\Python\Python314\Lib\site-packages\sqlalchemy\engine\base.py", line 1421, in execute
    return meth(
        self,
        distilled_parameters,
        execution_options or NO_OPTIONS,
    )
  File "C:\Users\Ananthapriyan M\AppData\Local\Programs\Python\Python314\Lib\site-packages\sqlalchemy\sql\elements.py", line 526, in _execute_on_connection
    return connection._execute_clauseelement(
           ~~~~~~~~~~~~~~~~~~~~~~~~~~~~~~~~~^
        self, distilled_params, execution_options
        ^^^^^^^^^^^^^^^^^^^^^^^^^^^^^^^^^^^^^^^^^
    )
    ^
  File "C:\Users\Ananthapriyan M\AppData\Local\Programs\Python\Python314\Lib\site-packages\sqlalchemy\engine\base.py", line 1643, in _execute_clauseelement
    ret = self._execute_context(
        dialect,
    ...<8 lines>...
        cache_hit=cache_hit,
    )
  File "C:\Users\Ananthapriyan M\AppData\Local\Programs\Python\Python314\Lib\site-packages\sqlalchemy\engine\base.py", line 1848, in _execute_context
    return self._exec_single_context(
           ~~~~~~~~~~~~~~~~~~~~~~~~~^
        dialect, context, statement, parameters
        ^^^^^^^^^^^^^^^^^^^^^^^^^^^^^^^^^^^^^^^
    )
    ^
  File "C:\Users\Ananthapriyan M\AppData\Local\Programs\Python\Python314\Lib\site-packages\sqlalchemy\engine\base.py", line 1988, in _exec_single_context
    self._handle_dbapi_exception(
    ~~~~~~~~~~~~~~~~~~~~~~~~~~~~^
        e, str_statement, effective_parameters, cursor, context
        ^^^^^^^^^^^^^^^^^^^^^^^^^^^^^^^^^^^^^^^^^^^^^^^^^^^^^^^
    )
    ^
  File "C:\Users\Ananthapriyan M\AppData\Local\Programs\Python\Python314\Lib\site-packages\sqlalchemy\engine\base.py", line 2365, in _handle_dbapi_exception
    raise sqlalchemy_exception.with_traceback(exc_info[2]) from e
  File "C:\Users\Ananthapriyan M\AppData\Local\Programs\Python\Python314\Lib\site-packages\sqlalchemy\engine\base.py", line 1969, in _exec_single_context
    self.dialect.do_execute(
    ~~~~~~~~~~~~~~~~~~~~~~~^
        cursor, str_statement, effective_parameters, context
        ^^^^^^^^^^^^^^^^^^^^^^^^^^^^^^^^^^^^^^^^^^^^^^^^^^^^
    )
    ^
  File "C:\Users\Ananthapriyan M\AppData\Local\Programs\Python\Python314\Lib\site-packages\sqlalchemy\engine\default.py", line 952, in do_execute
    cursor.execute(statement, parameters)
    ~~~~~~~~~~~~~~^^^^^^^^^^^^^^^^^^^^^^^
sqlalchemy.exc.OperationalError: (sqlite3.OperationalError) no such column: users.last_login
[SQL: SELECT users.id AS users_id, users.email AS users_email, users.full_name AS users_full_name, users.hashed_password AS users_hashed_password, users.role AS users_role, users.is_active AS users_is_active, users.created_at AS users_created_at, users.last_login AS users_last_login 
FROM users 
WHERE users.email = ?
 LIMIT ? OFFSET ?]
[parameters: ('summa2697@gmail.com', 1, 0)]
(Background on this error at: https://sqlalche.me/e/20/e3q8)
2026-08-11T20:47:14 | INFO     | CloudVulnEngine | [82d4864a] GET /api/dashboard/risk-statistics | status=200 | ip=127.0.0.1 | 50.43ms
2026-08-11T20:47:14 | INFO     | CloudVulnEngine | [03cbd360] GET /api/dashboard/summary | status=200 | ip=127.0.0.1 | 65.99ms
2026-08-11T20:47:14 | INFO     | CloudVulnEngine | [7fe9c767] GET /api/dashboard/activity | status=200 | ip=127.0.0.1 | 62.0ms
2026-08-11T20:47:14 | INFO     | CloudVulnEngine | [b6f111b9] GET /api/dashboard/recent-scans | status=200 | ip=127.0.0.1 | 65.93ms
2026-08-11T20:47:14 | INFO     | CloudVulnEngine | [b0004336] GET /api/dashboard/risk-statistics | status=200 | ip=127.0.0.1 | 9.52ms
2026-08-11T20:47:14 | INFO     | CloudVulnEngine | [0c210a7e] GET /api/dashboard/summary | status=200 | ip=127.0.0.1 | 13.48ms
2026-08-11T20:47:14 | INFO     | CloudVulnEngine | [42004473] GET /api/dashboard/activity | status=200 | ip=127.0.0.1 | 7.36ms
2026-08-11T20:47:14 | INFO     | CloudVulnEngine | [0735e869] GET /api/dashboard/recent-scans | status=200 | ip=127.0.0.1 | 11.01ms
2026-08-11T20:47:16 | INFO     | CloudVulnEngine | [ce32bdea] GET /api/cve/search | status=200 | ip=127.0.0.1 | 1663.35ms
2026-08-11T20:47:17 | INFO     | CloudVulnEngine | [9970303a] GET /api/cve/search | status=200 | ip=127.0.0.1 | 1185.32ms
2026-08-11T20:47:23 | INFO     | CloudVulnEngine | [c3dbfb41] POST /api/analysis/target | status=200 | ip=127.0.0.1 | 5326.23ms
2026-08-11T20:47:23 | INFO     | CloudVulnEngine | Scan created: SCAN-2026-9221 | target=api.production.cloudvuln.io
2026-08-11T20:47:23 | INFO     | CloudVulnEngine | [21e3b5a9] POST /api/scans | status=201 | ip=127.0.0.1 | 32.44ms
2026-08-11T20:47:25 | INFO     | CloudVulnEngine | [d48e877a] POST /api/analysis/target | status=200 | ip=127.0.0.1 | 7375.32ms
2026-08-11T20:47:29 | INFO     | CloudVulnEngine | [d33eaffb] POST /api/analysis/target | status=200 | ip=127.0.0.1 | 5285.84ms
2026-08-11T20:47:29 | INFO     | CloudVulnEngine | Scan created: SCAN-2026-5134 | target=api.production.cloudvuln.io
2026-08-11T20:47:29 | INFO     | CloudVulnEngine | [e24354d0] POST /api/scans | status=201 | ip=127.0.0.1 | 11.77ms
2026-08-11T20:47:30 | INFO     | CloudVulnEngine | [2ce26e43] POST /api/analysis/target | status=200 | ip=127.0.0.1 | 6228.31ms
2026-08-11T20:47:30 | INFO     | CloudVulnEngine | Scan created: SCAN-2026-3511 | target=api.production.cloudvuln.io
2026-08-11T20:47:30 | INFO     | CloudVulnEngine | [b9a73088] POST /api/scans | status=201 | ip=127.0.0.1 | 13.62ms
2026-08-11T20:47:56 | INFO     | CloudVulnEngine | [f340f176] POST /api/analysis/target | status=200 | ip=127.0.0.1 | 10844.7ms
2026-08-11T20:47:56 | INFO     | CloudVulnEngine | Scan created: SCAN-2026-3420 | target=www.slcs.edu.in
2026-08-11T20:47:56 | INFO     | CloudVulnEngine | [53044386] POST /api/scans | status=201 | ip=127.0.0.1 | 10.5ms
2026-08-11T20:48:22 | INFO     | CloudVulnEngine | [6d33eb00] GET /api/scans | status=200 | ip=127.0.0.1 | 11.2ms
2026-08-11T20:48:22 | INFO     | CloudVulnEngine | [179ba2c7] GET /api/scans | status=200 | ip=127.0.0.1 | 5.28ms
2026-08-11T20:48:34 | INFO     | CloudVulnEngine | [68fb3dbd] GET /api/dashboard/summary | status=200 | ip=127.0.0.1 | 11.25ms
2026-08-11T20:48:34 | INFO     | CloudVulnEngine | [9f410311] GET /api/dashboard/activity | status=200 | ip=127.0.0.1 | 12.44ms
2026-08-11T20:48:34 | INFO     | CloudVulnEngine | [ca5afd7d] GET /api/dashboard/risk-statistics | status=200 | ip=127.0.0.1 | 14.13ms
2026-08-11T20:48:34 | INFO     | CloudVulnEngine | [ded58306] GET /api/dashboard/recent-scans | status=200 | ip=127.0.0.1 | 16.02ms
2026-08-11T20:48:34 | INFO     | CloudVulnEngine | [2589c1de] GET /api/dashboard/summary | status=200 | ip=127.0.0.1 | 18.69ms
2026-08-11T20:48:34 | INFO     | CloudVulnEngine | [e5aa4fe4] GET /api/dashboard/risk-statistics | status=200 | ip=127.0.0.1 | 12.85ms
2026-08-11T20:48:34 | INFO     | CloudVulnEngine | [96688845] GET /api/dashboard/activity | status=200 | ip=127.0.0.1 | 21.63ms
2026-08-11T20:48:34 | INFO     | CloudVulnEngine | [c9bfed71] GET /api/dashboard/recent-scans | status=200 | ip=127.0.0.1 | 13.73ms
2026-08-11T20:48:36 | INFO     | CloudVulnEngine | [a1ad3bd9] GET /api/cve/search | status=200 | ip=127.0.0.1 | 1864.28ms
2026-08-11T20:48:38 | INFO     | CloudVulnEngine | [c117228a] GET /api/cve/search | status=200 | ip=127.0.0.1 | 2352.56ms
2026-08-11T20:48:39 | INFO     | CloudVulnEngine | [6ccd3acc] GET /api/scans | status=200 | ip=127.0.0.1 | 6.34ms
2026-08-11T20:48:39 | INFO     | CloudVulnEngine | [1443ca95] GET /api/scans | status=200 | ip=127.0.0.1 | 4.8ms
2026-08-11T20:48:44 | INFO     | CloudVulnEngine | [a7481129] POST /api/analysis/target | status=200 | ip=127.0.0.1 | 6629.4ms
2026-08-11T20:48:44 | INFO     | CloudVulnEngine | Scan created: SCAN-2026-5958 | target=api.production.cloudvuln.io
2026-08-11T20:48:44 | INFO     | CloudVulnEngine | [af2ccff5] POST /api/scans | status=201 | ip=127.0.0.1 | 2.53ms
2026-08-11T20:48:45 | INFO     | CloudVulnEngine | [ed39b25a] POST /api/analysis/target | status=200 | ip=127.0.0.1 | 8152.76ms
2026-08-11T20:48:46 | INFO     | CloudVulnEngine | Scan created: SCAN-2026-8166 | target=api.production.cloudvuln.io
2026-08-11T20:48:46 | INFO     | CloudVulnEngine | [3fcc789f] POST /api/scans | status=201 | ip=127.0.0.1 | 2.57ms
2026-08-11T20:49:12 | INFO     | CloudVulnEngine | [bf9a5b45] POST /api/analysis/target | status=200 | ip=127.0.0.1 | 6143.76ms
2026-08-11T20:49:12 | ERROR    | CloudVulnEngine | Unhandled exception on POST /api/scans: (sqlite3.IntegrityError) UNIQUE constraint failed: scans.scan_ref
[SQL: INSERT INTO scans (scan_ref, target, provider, scan_type, status, critical_count, high_count, medium_count, low_count, risk_score, duration, created_at) VALUES (?, ?, ?, ?, ?, ?, ?, ?, ?, ?, ?, ?)]
[parameters: ('SCAN-2026-8445', 'api.production.cloudvuln.io', 'AWS US-East-1', 'Security Posture Audit', 'critical', 1, 0, 2, 3, 5.4, '1m 20s', '2026-08-11 15:19:12.559316')]
(Background on this error at: https://sqlalche.me/e/20/gkpj)
Traceback (most recent call last):
  File "C:\Users\Ananthapriyan M\AppData\Local\Programs\Python\Python314\Lib\site-packages\sqlalchemy\engine\base.py", line 1969, in _exec_single_context
    self.dialect.do_execute(
    ~~~~~~~~~~~~~~~~~~~~~~~^
        cursor, str_statement, effective_parameters, context
        ^^^^^^^^^^^^^^^^^^^^^^^^^^^^^^^^^^^^^^^^^^^^^^^^^^^^
    )
    ^
  File "C:\Users\Ananthapriyan M\AppData\Local\Programs\Python\Python314\Lib\site-packages\sqlalchemy\engine\default.py", line 952, in do_execute
    cursor.execute(statement, parameters)
    ~~~~~~~~~~~~~~^^^^^^^^^^^^^^^^^^^^^^^
sqlite3.IntegrityError: UNIQUE constraint failed: scans.scan_ref

The above exception was the direct cause of the following exception:

Traceback (most recent call last):
  File "C:\Users\Ananthapriyan M\AppData\Local\Programs\Python\Python314\Lib\site-packages\starlette\middleware\errors.py", line 164, in __call__
    await self.app(scope, receive, _send)
  File "C:\Users\Ananthapriyan M\AppData\Local\Programs\Python\Python314\Lib\site-packages\starlette\middleware\base.py", line 193, in __call__
    response = await self.dispatch_func(request, call_next)
               ^^^^^^^^^^^^^^^^^^^^^^^^^^^^^^^^^^^^^^^^^^^^
  File "C:\Users\Ananthapriyan M\Downloads\cloudvuln\backend\main.py", line 128, in security_middleware
    response = await call_next(request)
               ^^^^^^^^^^^^^^^^^^^^^^^^
  File "C:\Users\Ananthapriyan M\AppData\Local\Programs\Python\Python314\Lib\site-packages\starlette\middleware\base.py", line 168, in call_next
    raise app_exc from app_exc.__cause__ or app_exc.__context__
  File "C:\Users\Ananthapriyan M\AppData\Local\Programs\Python\Python314\Lib\site-packages\starlette\middleware\base.py", line 144, in coro
    await self.app(scope, receive_or_disconnect, send_no_error)
  File "C:\Users\Ananthapriyan M\AppData\Local\Programs\Python\Python314\Lib\site-packages\starlette\middleware\cors.py", line 96, in __call__
    await self.simple_response(scope, receive, send, request_headers=headers)
  File "C:\Users\Ananthapriyan M\AppData\Local\Programs\Python\Python314\Lib\site-packages\starlette\middleware\cors.py", line 154, in simple_response
    await self.app(scope, receive, send)
  File "C:\Users\Ananthapriyan M\AppData\Local\Programs\Python\Python314\Lib\site-packages\starlette\middleware\exceptions.py", line 63, in __call__
    await wrap_app_handling_exceptions(self.app, conn)(scope, receive, send)
  File "C:\Users\Ananthapriyan M\AppData\Local\Programs\Python\Python314\Lib\site-packages\starlette\_exception_handler.py", line 53, in wrapped_app
    raise exc
  File "C:\Users\Ananthapriyan M\AppData\Local\Programs\Python\Python314\Lib\site-packages\starlette\_exception_handler.py", line 42, in wrapped_app
    await app(scope, receive, sender)
  File "C:\Users\Ananthapriyan M\AppData\Local\Programs\Python\Python314\Lib\site-packages\fastapi\middleware\asyncexitstack.py", line 18, in __call__
    await self.app(scope, receive, send)
  File "C:\Users\Ananthapriyan M\AppData\Local\Programs\Python\Python314\Lib\site-packages\starlette\routing.py", line 660, in __call__
    await self.middleware_stack(scope, receive, send)
  File "C:\Users\Ananthapriyan M\AppData\Local\Programs\Python\Python314\Lib\site-packages\fastapi\routing.py", line 2672, in app
    await route.handle(scope, receive, send)
  File "C:\Users\Ananthapriyan M\AppData\Local\Programs\Python\Python314\Lib\site-packages\fastapi\routing.py", line 1266, in handle
    await super().handle(scope, receive, send)
  File "C:\Users\Ananthapriyan M\AppData\Local\Programs\Python\Python314\Lib\site-packages\starlette\routing.py", line 276, in handle
    await self.app(scope, receive, send)
  File "C:\Users\Ananthapriyan M\AppData\Local\Programs\Python\Python314\Lib\site-packages\fastapi\routing.py", line 150, in app
    await wrap_app_handling_exceptions(app, request)(scope, receive, send)
  File "C:\Users\Ananthapriyan M\AppData\Local\Programs\Python\Python314\Lib\site-packages\starlette\_exception_handler.py", line 53, in wrapped_app
    raise exc
  File "C:\Users\Ananthapriyan M\AppData\Local\Programs\Python\Python314\Lib\site-packages\starlette\_exception_handler.py", line 42, in wrapped_app
    await app(scope, receive, sender)
  File "C:\Users\Ananthapriyan M\AppData\Local\Programs\Python\Python314\Lib\site-packages\fastapi\routing.py", line 136, in app
    response = await f(request)
               ^^^^^^^^^^^^^^^^
  File "C:\Users\Ananthapriyan M\AppData\Local\Programs\Python\Python314\Lib\site-packages\fastapi\routing.py", line 690, in app
    raw_response = await run_endpoint_function(
                   ^^^^^^^^^^^^^^^^^^^^^^^^^^^^
    ...<3 lines>...
    )
    ^
  File "C:\Users\Ananthapriyan M\AppData\Local\Programs\Python\Python314\Lib\site-packages\fastapi\routing.py", line 346, in run_endpoint_function
    return await run_in_threadpool(dependant.call, **values)
           ^^^^^^^^^^^^^^^^^^^^^^^^^^^^^^^^^^^^^^^^^^^^^^^^^
  File "C:\Users\Ananthapriyan M\AppData\Local\Programs\Python\Python314\Lib\site-packages\starlette\concurrency.py", line 34, in run_in_threadpool
    return await anyio.to_thread.run_sync(func)
           ^^^^^^^^^^^^^^^^^^^^^^^^^^^^^^^^^^^^
  File "C:\Users\Ananthapriyan M\AppData\Local\Programs\Python\Python314\Lib\site-packages\anyio\to_thread.py", line 63, in run_sync
    return await get_async_backend().run_sync_in_worker_thread(
           ^^^^^^^^^^^^^^^^^^^^^^^^^^^^^^^^^^^^^^^^^^^^^^^^^^^^
        func, args, abandon_on_cancel=abandon_on_cancel, limiter=limiter
        ^^^^^^^^^^^^^^^^^^^^^^^^^^^^^^^^^^^^^^^^^^^^^^^^^^^^^^^^^^^^^^^^
    )
    ^
  File "C:\Users\Ananthapriyan M\AppData\Local\Programs\Python\Python314\Lib\site-packages\anyio\_backends\_asyncio.py", line 2502, in run_sync_in_worker_thread
    return await future
           ^^^^^^^^^^^^
  File "C:\Users\Ananthapriyan M\AppData\Local\Programs\Python\Python314\Lib\site-packages\anyio\_backends\_asyncio.py", line 986, in run
    result = context.run(func, *args)
  File "C:\Users\Ananthapriyan M\Downloads\cloudvuln\backend\main.py", line 511, in create_scan_record
    db.commit()
    ~~~~~~~~~^^
  File "C:\Users\Ananthapriyan M\AppData\Local\Programs\Python\Python314\Lib\site-packages\sqlalchemy\orm\session.py", line 2035, in commit
    trans.commit(_to_root=True)
    ~~~~~~~~~~~~^^^^^^^^^^^^^^^
  File "<string>", line 2, in commit
  File "C:\Users\Ananthapriyan M\AppData\Local\Programs\Python\Python314\Lib\site-packages\sqlalchemy\orm\state_changes.py", line 137, in _go
    ret_value = fn(self, *arg, **kw)
  File "C:\Users\Ananthapriyan M\AppData\Local\Programs\Python\Python314\Lib\site-packages\sqlalchemy\orm\session.py", line 1316, in commit
    self._prepare_impl()
    ~~~~~~~~~~~~~~~~~~^^
  File "<string>", line 2, in _prepare_impl
  File "C:\Users\Ananthapriyan M\AppData\Local\Programs\Python\Python314\Lib\site-packages\sqlalchemy\orm\state_changes.py", line 137, in _go
    ret_value = fn(self, *arg, **kw)
  File "C:\Users\Ananthapriyan M\AppData\Local\Programs\Python\Python314\Lib\site-packages\sqlalchemy\orm\session.py", line 1290, in _prepare_impl
    self.session.flush()
    ~~~~~~~~~~~~~~~~~~^^
  File "C:\Users\Ananthapriyan M\AppData\Local\Programs\Python\Python314\Lib\site-packages\sqlalchemy\orm\session.py", line 4353, in flush
    self._flush(objects)
    ~~~~~~~~~~~^^^^^^^^^
  File "C:\Users\Ananthapriyan M\AppData\Local\Programs\Python\Python314\Lib\site-packages\sqlalchemy\orm\session.py", line 4488, in _flush
    with util.safe_reraise():
         ~~~~~~~~~~~~~~~~~^^
  File "C:\Users\Ananthapriyan M\AppData\Local\Programs\Python\Python314\Lib\site-packages\sqlalchemy\util\langhelpers.py", line 122, in __exit__
    raise exc_value.with_traceback(exc_tb)
  File "C:\Users\Ananthapriyan M\AppData\Local\Programs\Python\Python314\Lib\site-packages\sqlalchemy\orm\session.py", line 4449, in _flush
    flush_context.execute()
    ~~~~~~~~~~~~~~~~~~~~~^^
  File "C:\Users\Ananthapriyan M\AppData\Local\Programs\Python\Python314\Lib\site-packages\sqlalchemy\orm\unitofwork.py", line 465, in execute
    rec.execute(self)
    ~~~~~~~~~~~^^^^^^
  File "C:\Users\Ananthapriyan M\AppData\Local\Programs\Python\Python314\Lib\site-packages\sqlalchemy\orm\unitofwork.py", line 641, in execute
    util.preloaded.orm_persistence.save_obj(
    ~~~~~~~~~~~~~~~~~~~~~~~~~~~~~~~~~~~~~~~^
        self.mapper,
        ^^^^^^^^^^^^
        uow.states_for_mapper_hierarchy(self.mapper, False, False),
        ^^^^^^^^^^^^^^^^^^^^^^^^^^^^^^^^^^^^^^^^^^^^^^^^^^^^^^^^^^^
        uow,
        ^^^^
    )
    ^
  File "C:\Users\Ananthapriyan M\AppData\Local\Programs\Python\Python314\Lib\site-packages\sqlalchemy\orm\persistence.py", line 94, in save_obj
    _emit_insert_statements(
    ~~~~~~~~~~~~~~~~~~~~~~~^
        base_mapper,
        ^^^^^^^^^^^^
    ...<3 lines>...
        insert,
        ^^^^^^^
    )
    ^
  File "C:\Users\Ananthapriyan M\AppData\Local\Programs\Python\Python314\Lib\site-packages\sqlalchemy\orm\persistence.py", line 1234, in _emit_insert_statements
    result = connection.execute(
        statement,
        params,
        execution_options=execution_options,
    )
  File "C:\Users\Ananthapriyan M\AppData\Local\Programs\Python\Python314\Lib\site-packages\sqlalchemy\engine\base.py", line 1421, in execute
    return meth(
        self,
        distilled_parameters,
        execution_options or NO_OPTIONS,
    )
  File "C:\Users\Ananthapriyan M\AppData\Local\Programs\Python\Python314\Lib\site-packages\sqlalchemy\sql\elements.py", line 526, in _execute_on_connection
    return connection._execute_clauseelement(
           ~~~~~~~~~~~~~~~~~~~~~~~~~~~~~~~~~^
        self, distilled_params, execution_options
        ^^^^^^^^^^^^^^^^^^^^^^^^^^^^^^^^^^^^^^^^^
    )
    ^
  File "C:\Users\Ananthapriyan M\AppData\Local\Programs\Python\Python314\Lib\site-packages\sqlalchemy\engine\base.py", line 1643, in _execute_clauseelement
    ret = self._execute_context(
        dialect,
    ...<8 lines>...
        cache_hit=cache_hit,
    )
  File "C:\Users\Ananthapriyan M\AppData\Local\Programs\Python\Python314\Lib\site-packages\sqlalchemy\engine\base.py", line 1848, in _execute_context
    return self._exec_single_context(
           ~~~~~~~~~~~~~~~~~~~~~~~~~^
        dialect, context, statement, parameters
        ^^^^^^^^^^^^^^^^^^^^^^^^^^^^^^^^^^^^^^^
    )
    ^
  File "C:\Users\Ananthapriyan M\AppData\Local\Programs\Python\Python314\Lib\site-packages\sqlalchemy\engine\base.py", line 1988, in _exec_single_context
    self._handle_dbapi_exception(
    ~~~~~~~~~~~~~~~~~~~~~~~~~~~~^
        e, str_statement, effective_parameters, cursor, context
        ^^^^^^^^^^^^^^^^^^^^^^^^^^^^^^^^^^^^^^^^^^^^^^^^^^^^^^^
    )
    ^
  File "C:\Users\Ananthapriyan M\AppData\Local\Programs\Python\Python314\Lib\site-packages\sqlalchemy\engine\base.py", line 2365, in _handle_dbapi_exception
    raise sqlalchemy_exception.with_traceback(exc_info[2]) from e
  File "C:\Users\Ananthapriyan M\AppData\Local\Programs\Python\Python314\Lib\site-packages\sqlalchemy\engine\base.py", line 1969, in _exec_single_context
    self.dialect.do_execute(
    ~~~~~~~~~~~~~~~~~~~~~~~^
        cursor, str_statement, effective_parameters, context
        ^^^^^^^^^^^^^^^^^^^^^^^^^^^^^^^^^^^^^^^^^^^^^^^^^^^^
    )
    ^
  File "C:\Users\Ananthapriyan M\AppData\Local\Programs\Python\Python314\Lib\site-packages\sqlalchemy\engine\default.py", line 952, in do_execute
    cursor.execute(statement, parameters)
    ~~~~~~~~~~~~~~^^^^^^^^^^^^^^^^^^^^^^^
sqlalchemy.exc.IntegrityError: (sqlite3.IntegrityError) UNIQUE constraint failed: scans.scan_ref
[SQL: INSERT INTO scans (scan_ref, target, provider, scan_type, status, critical_count, high_count, medium_count, low_count, risk_score, duration, created_at) VALUES (?, ?, ?, ?, ?, ?, ?, ?, ?, ?, ?, ?)]
[parameters: ('SCAN-2026-8445', 'api.production.cloudvuln.io', 'AWS US-East-1', 'Security Posture Audit', 'critical', 1, 0, 2, 3, 5.4, '1m 20s', '2026-08-11 15:19:12.559316')]
(Background on this error at: https://sqlalche.me/e/20/gkpj)
2026-08-11T20:49:14 | INFO     | CloudVulnEngine | [6c572145] POST /api/analysis/target | status=200 | ip=127.0.0.1 | 7877.1ms
2026-08-11T20:49:14 | INFO     | CloudVulnEngine | Scan created: SCAN-2026-1569 | target=api.production.cloudvuln.io
2026-08-11T20:49:14 | INFO     | CloudVulnEngine | [722c38d0] POST /api/scans | status=201 | ip=127.0.0.1 | 3.24ms
2026-08-11T20:52:05 | INFO     | CloudVulnEngine | [4560a92e] GET /api/dashboard/risk-statistics | status=200 | ip=127.0.0.1 | 10.42ms
2026-08-11T20:52:05 | INFO     | CloudVulnEngine | [f3d4667d] GET /api/dashboard/activity | status=200 | ip=127.0.0.1 | 15.61ms
2026-08-11T20:52:05 | INFO     | CloudVulnEngine | [c037e7c7] GET /api/dashboard/summary | status=200 | ip=127.0.0.1 | 19.05ms
2026-08-11T20:52:05 | INFO     | CloudVulnEngine | [e7d1cf76] GET /api/dashboard/recent-scans | status=200 | ip=127.0.0.1 | 20.42ms
2026-08-11T20:52:05 | INFO     | CloudVulnEngine | [9563527a] GET /api/dashboard/risk-statistics | status=200 | ip=127.0.0.1 | 11.57ms
2026-08-11T20:52:05 | INFO     | CloudVulnEngine | [d8aee7df] GET /api/dashboard/activity | status=200 | ip=127.0.0.1 | 14.92ms
2026-08-11T20:52:05 | INFO     | CloudVulnEngine | [1cec49e7] GET /api/dashboard/summary | status=200 | ip=127.0.0.1 | 12.73ms
2026-08-11T20:52:05 | INFO     | CloudVulnEngine | [ed9d4633] GET /api/dashboard/recent-scans | status=200 | ip=127.0.0.1 | 13.94ms
2026-08-11T20:52:07 | INFO     | CloudVulnEngine | [bee1c413] GET /api/cve/search | status=200 | ip=127.0.0.1 | 1842.19ms
2026-08-11T20:52:08 | INFO     | CloudVulnEngine | [43daa3cf] GET /api/cve/search | status=200 | ip=127.0.0.1 | 1164.18ms
2026-08-11T20:52:18 | INFO     | CloudVulnEngine | [9ce22970] POST /api/analysis/target | status=200 | ip=127.0.0.1 | 7293.22ms
2026-08-11T20:52:18 | INFO     | CloudVulnEngine | Scan created: SCAN-2026-8133 | target=api.production.cloudvuln.io
2026-08-11T20:52:18 | INFO     | CloudVulnEngine | [a0ce08f9] POST /api/scans | status=201 | ip=127.0.0.1 | 8.61ms
2026-08-11T20:52:19 | INFO     | CloudVulnEngine | [13525d04] POST /api/analysis/target | status=200 | ip=127.0.0.1 | 8939.54ms
2026-08-11T20:52:20 | INFO     | CloudVulnEngine | Scan created: SCAN-2026-6362 | target=api.production.cloudvuln.io
2026-08-11T20:52:20 | INFO     | CloudVulnEngine | [0924f1f6] POST /api/scans | status=201 | ip=127.0.0.1 | 6.26ms
2026-08-11T20:52:41 | INFO     | CloudVulnEngine | [5a73a9ae] GET /api/dashboard/summary | status=200 | ip=127.0.0.1 | 12.47ms
2026-08-11T20:52:41 | INFO     | CloudVulnEngine | [21cfa884] GET /api/dashboard/recent-scans | status=200 | ip=127.0.0.1 | 9.89ms
2026-08-11T20:52:41 | INFO     | CloudVulnEngine | [9d475dfd] GET /api/dashboard/risk-statistics | status=200 | ip=127.0.0.1 | 14.34ms
2026-08-11T20:52:41 | INFO     | CloudVulnEngine | [a5f1944f] GET /api/dashboard/activity | status=200 | ip=127.0.0.1 | 11.45ms
2026-08-11T20:52:41 | INFO     | CloudVulnEngine | [346ae352] GET /api/dashboard/summary | status=200 | ip=127.0.0.1 | 10.9ms
2026-08-11T20:52:41 | INFO     | CloudVulnEngine | [2291e599] GET /api/dashboard/recent-scans | status=200 | ip=127.0.0.1 | 21.5ms
2026-08-11T20:52:41 | INFO     | CloudVulnEngine | [f181f6d3] GET /api/dashboard/risk-statistics | status=200 | ip=127.0.0.1 | 20.41ms
2026-08-11T20:52:41 | INFO     | CloudVulnEngine | [820a8a9d] GET /api/dashboard/activity | status=200 | ip=127.0.0.1 | 21.78ms
2026-08-11T20:52:42 | INFO     | CloudVulnEngine | [ad02b2eb] GET /api/cve/search | status=200 | ip=127.0.0.1 | 1769.27ms
2026-08-11T20:52:45 | INFO     | CloudVulnEngine | [04b16795] GET /api/cve/search | status=200 | ip=127.0.0.1 | 2484.18ms
2026-08-11T20:53:24 | INFO     | CloudVulnEngine | [fbb99725] GET /api/dashboard/summary | status=200 | ip=127.0.0.1 | 13.71ms
2026-08-11T20:53:24 | INFO     | CloudVulnEngine | [4a85dc0e] GET /api/dashboard/risk-statistics | status=200 | ip=127.0.0.1 | 16.31ms
2026-08-11T20:53:24 | INFO     | CloudVulnEngine | [4a861113] GET /api/dashboard/activity | status=200 | ip=127.0.0.1 | 16.51ms
2026-08-11T20:53:24 | INFO     | CloudVulnEngine | [2de96649] GET /api/dashboard/recent-scans | status=200 | ip=127.0.0.1 | 18.4ms
2026-08-11T20:53:24 | INFO     | CloudVulnEngine | [e025e7f6] GET /api/dashboard/summary | status=200 | ip=127.0.0.1 | 10.33ms
2026-08-11T20:53:24 | INFO     | CloudVulnEngine | [43f38baa] GET /api/dashboard/risk-statistics | status=200 | ip=127.0.0.1 | 17.97ms
2026-08-11T20:53:24 | INFO     | CloudVulnEngine | [e8964e5a] GET /api/dashboard/activity | status=200 | ip=127.0.0.1 | 11.06ms
2026-08-11T20:53:24 | INFO     | CloudVulnEngine | [c51df0d7] GET /api/dashboard/recent-scans | status=200 | ip=127.0.0.1 | 11.94ms
2026-08-11T20:53:28 | INFO     | CloudVulnEngine | [ed2135af] GET /api/cve/search | status=200 | ip=127.0.0.1 | 4061.54ms
2026-08-11T20:53:31 | INFO     | CloudVulnEngine | [283bc869] GET /api/cve/search | status=200 | ip=127.0.0.1 | 3044.09ms
2026-08-11T20:54:17 | INFO     | CloudVulnEngine | [dfa42fca] GET /api/reports/DEFAULT-001 | status=200 | ip=127.0.0.1 | 5.81ms
2026-08-11T20:54:17 | INFO     | CloudVulnEngine | [53b0cc65] GET /api/reports/DEFAULT-001 | status=200 | ip=127.0.0.1 | 2.74ms
2026-08-11T20:54:26 | INFO     | CloudVulnEngine | [2708a431] GET /api/scans | status=200 | ip=127.0.0.1 | 7.34ms
2026-08-11T20:54:26 | INFO     | CloudVulnEngine | [4c1498a9] GET /api/scans | status=200 | ip=127.0.0.1 | 5.52ms
2026-08-11T20:54:33 | INFO     | CloudVulnEngine | [fccfbc38] GET /api/reports/SCAN-2026-6362 | status=200 | ip=127.0.0.1 | 7.29ms
2026-08-11T20:54:33 | INFO     | CloudVulnEngine | [8ce0fde8] GET /api/reports/SCAN-2026-6362 | status=200 | ip=127.0.0.1 | 3.02ms
2026-08-11T20:54:41 | INFO     | CloudVulnEngine | [0c6437a5] GET /api/scans | status=200 | ip=127.0.0.1 | 8.2ms
2026-08-11T20:54:41 | INFO     | CloudVulnEngine | [72ec695a] GET /api/scans | status=200 | ip=127.0.0.1 | 4.28ms
2026-08-11T20:54:50 | INFO     | CloudVulnEngine | [44aaf757] POST /api/analysis/target | status=200 | ip=127.0.0.1 | 5105.61ms
2026-08-11T20:54:50 | INFO     | CloudVulnEngine | Scan created: SCAN-2026-8443 | target=api.production.cloudvuln.io
2026-08-11T20:54:50 | INFO     | CloudVulnEngine | [d0c7e8c9] POST /api/scans | status=201 | ip=127.0.0.1 | 22.41ms
2026-08-11T20:54:52 | INFO     | CloudVulnEngine | [ea72faf0] POST /api/analysis/target | status=200 | ip=127.0.0.1 | 6725.29ms
2026-08-11T20:54:52 | INFO     | CloudVulnEngine | Scan created: SCAN-2026-3985 | target=api.production.cloudvuln.io
2026-08-11T20:54:52 | INFO     | CloudVulnEngine | [134b0779] POST /api/scans | status=201 | ip=127.0.0.1 | 8.75ms
2026-08-11T20:55:16 | INFO     | CloudVulnEngine | [67b6da52] POST /api/analysis/target | status=200 | ip=127.0.0.1 | 10952.39ms
2026-08-11T20:55:16 | INFO     | CloudVulnEngine | Scan created: SCAN-2026-3675 | target=www.slcs.edu.in
2026-08-11T20:55:16 | INFO     | CloudVulnEngine | [42d9692d] POST /api/scans | status=201 | ip=127.0.0.1 | 13.44ms
2026-08-11T20:55:21 | INFO     | CloudVulnEngine | [df1a4ead] GET /api/reports/DEFAULT-001 | status=200 | ip=127.0.0.1 | 6.51ms
2026-08-11T20:55:21 | INFO     | CloudVulnEngine | [fdfc3968] GET /api/reports/DEFAULT-001 | status=200 | ip=127.0.0.1 | 3.26ms
2026-08-11T20:55:31 | INFO     | CloudVulnEngine | [d8375d20] GET /api/reports/DEFAULT-001 | status=200 | ip=127.0.0.1 | 4.81ms
2026-08-11T20:55:31 | INFO     | CloudVulnEngine | [9319cdbc] GET /api/reports/DEFAULT-001 | status=200 | ip=127.0.0.1 | 3.49ms
2026-08-11T20:55:31 | INFO     | CloudVulnEngine | [e6606c7a] GET /api/reports/DEFAULT-001/download | status=200 | ip=127.0.0.1 | 497.7ms
2026-08-11T20:55:53 | INFO     | CloudVulnEngine | [77090449] GET /api/reports/DEFAULT-001/download | status=200 | ip=127.0.0.1 | 8.95ms
2026-08-11T20:57:17 | INFO     | CloudVulnEngine | [e1ed3175] POST /api/analysis/target | status=200 | ip=127.0.0.1 | 6094.98ms
2026-08-11T20:57:17 | INFO     | CloudVulnEngine | Scan created: SCAN-2026-4390 | target=api.production.cloudvuln.io
2026-08-11T20:57:17 | INFO     | CloudVulnEngine | [75fe2b76] POST /api/scans | status=201 | ip=127.0.0.1 | 29.84ms
2026-08-11T20:57:20 | INFO     | CloudVulnEngine | [ccf8ce2c] POST /api/analysis/target | status=200 | ip=127.0.0.1 | 10027.13ms
2026-08-11T20:57:20 | INFO     | CloudVulnEngine | Scan created: SCAN-2026-2815 | target=api.production.cloudvuln.io
2026-08-11T20:57:20 | INFO     | CloudVulnEngine | [46c0d03b] POST /api/scans | status=201 | ip=127.0.0.1 | 17.14ms
2026-08-11T20:57:33 | INFO     | CloudVulnEngine | [cdfd20db] POST /api/analysis/target | status=200 | ip=127.0.0.1 | 10762.25ms
2026-08-11T20:57:33 | INFO     | CloudVulnEngine | Scan created: SCAN-2026-8290 | target=www.slcs.edu.in
2026-08-11T20:57:33 | INFO     | CloudVulnEngine | [4ae480e1] POST /api/scans | status=201 | ip=127.0.0.1 | 14.55ms
2026-08-11T20:58:12 | INFO     | CloudVulnEngine | [7a9c1a24] GET /api/reports/DEFAULT-001 | status=200 | ip=127.0.0.1 | 3.67ms
2026-08-11T20:58:12 | INFO     | CloudVulnEngine | [d0a0c03e] GET /api/reports/DEFAULT-001 | status=200 | ip=127.0.0.1 | 2.72ms
2026-08-11T21:03:04 | INFO     | CloudVulnEngine | [e76e6f86] POST /api/analysis/target | status=200 | ip=127.0.0.1 | 6400.38ms
2026-08-11T21:03:04 | INFO     | CloudVulnEngine | Scan created: SCAN-2026-4295 | target=api.production.cloudvuln.io
2026-08-11T21:03:04 | INFO     | CloudVulnEngine | [1a4e0c59] POST /api/scans | status=201 | ip=127.0.0.1 | 14.28ms
2026-08-11T21:03:04 | INFO     | CloudVulnEngine | [ca4c0841] POST /api/analysis/target | status=200 | ip=127.0.0.1 | 6469.04ms
2026-08-11T21:03:04 | INFO     | CloudVulnEngine | Scan created: SCAN-2026-7965 | target=api.production.cloudvuln.io
2026-08-11T21:03:04 | INFO     | CloudVulnEngine | [8fc08d4a] POST /api/scans | status=201 | ip=127.0.0.1 | 11.84ms
2026-08-11T21:03:07 | INFO     | CloudVulnEngine | [f63e3860] GET /api/reports/DEFAULT-001 | status=200 | ip=127.0.0.1 | 4.19ms
2026-08-11T21:03:07 | INFO     | CloudVulnEngine | [84f6a85a] GET /api/reports/DEFAULT-001 | status=200 | ip=127.0.0.1 | 3.14ms
2026-08-11T21:03:10 | INFO     | CloudVulnEngine | [9c63f68b] GET /api/scans | status=200 | ip=127.0.0.1 | 9.9ms
2026-08-11T21:03:10 | INFO     | CloudVulnEngine | [d948b549] GET /api/scans | status=200 | ip=127.0.0.1 | 6.95ms
2026-08-11T21:03:23 | INFO     | CloudVulnEngine | [8e4b41da] POST /api/analysis/target | status=200 | ip=127.0.0.1 | 5385.67ms
2026-08-11T21:03:23 | INFO     | CloudVulnEngine | Scan created: SCAN-2026-4050 | target=api.production.cloudvuln.io
2026-08-11T21:03:23 | INFO     | CloudVulnEngine | [d5d6a384] POST /api/scans | status=201 | ip=127.0.0.1 | 13.01ms
2026-08-11T21:03:24 | INFO     | CloudVulnEngine | [95538e6c] POST /api/analysis/target | status=200 | ip=127.0.0.1 | 6501.88ms
2026-08-11T21:03:24 | INFO     | CloudVulnEngine | Scan created: SCAN-2026-6065 | target=api.production.cloudvuln.io
2026-08-11T21:03:24 | INFO     | CloudVulnEngine | [ee1eefa3] POST /api/scans | status=201 | ip=127.0.0.1 | 9.08ms
2026-08-11T21:03:52 | INFO     | CloudVulnEngine | [a765ba57] POST /api/analysis/target | status=200 | ip=127.0.0.1 | 13627.9ms
2026-08-11T21:03:52 | INFO     | CloudVulnEngine | Scan created: SCAN-2026-5638 | target=www.slcs.edu.in
2026-08-11T21:03:52 | INFO     | CloudVulnEngine | [540d2661] POST /api/scans | status=201 | ip=127.0.0.1 | 14.86ms
2026-08-12T12:09:47 | INFO     | CloudVulnEngine | [e8c0397c] GET / | status=200 | ip=127.0.0.1 | 5.28ms
2026-08-12T12:09:47 | WARNING  | CloudVulnEngine | [c52a1c28] GET /favicon.ico | status=404 | ip=127.0.0.1 | 1.14ms
2026-08-12T12:09:57 | INFO     | CloudVulnEngine | [4d3f75dd] GET /api/dashboard/risk-statistics | status=200 | ip=127.0.0.1 | 80.51ms
2026-08-12T12:09:57 | INFO     | CloudVulnEngine | [a795c876] GET /api/dashboard/activity | status=200 | ip=127.0.0.1 | 87.0ms
2026-08-12T12:09:57 | INFO     | CloudVulnEngine | [a36ceff0] GET /api/dashboard/recent-scans | status=200 | ip=127.0.0.1 | 89.23ms
2026-08-12T12:09:57 | INFO     | CloudVulnEngine | [c466036f] GET /api/dashboard/summary | status=200 | ip=127.0.0.1 | 93.81ms
2026-08-12T12:09:57 | INFO     | CloudVulnEngine | [e2b8e0e3] GET /api/dashboard/risk-statistics | status=200 | ip=127.0.0.1 | 6.93ms
2026-08-12T12:09:57 | INFO     | CloudVulnEngine | [25fe6c4e] GET /api/dashboard/summary | status=200 | ip=127.0.0.1 | 15.68ms
2026-08-12T12:09:57 | INFO     | CloudVulnEngine | [48478422] GET /api/dashboard/activity | status=200 | ip=127.0.0.1 | 24.05ms
2026-08-12T12:09:57 | INFO     | CloudVulnEngine | [0db1be99] GET /api/dashboard/recent-scans | status=200 | ip=127.0.0.1 | 22.17ms
2026-08-12T12:09:58 | INFO     | CloudVulnEngine | [57b1bd77] GET /api/cve/search | status=200 | ip=127.0.0.1 | 1371.16ms
2026-08-12T12:10:00 | INFO     | CloudVulnEngine | [f469b20f] GET /api/cve/search | status=200 | ip=127.0.0.1 | 1711.09ms
2026-08-12T12:10:15 | INFO     | CloudVulnEngine | [18c38105] POST /api/analysis/target | status=200 | ip=127.0.0.1 | 11348.14ms
2026-08-12T12:10:16 | INFO     | CloudVulnEngine | Scan created: SCAN-2026-3314 | target=api.production.cloudvuln.io
2026-08-12T12:10:16 | INFO     | CloudVulnEngine | [dae6e10f] POST /api/scans | status=201 | ip=127.0.0.1 | 867.73ms
2026-08-12T12:10:19 | INFO     | CloudVulnEngine | [bf1e5282] POST /api/analysis/target | status=200 | ip=127.0.0.1 | 16473.12ms
2026-08-12T12:10:20 | INFO     | CloudVulnEngine | Scan created: SCAN-2026-9718 | target=api.production.cloudvuln.io
2026-08-12T12:10:20 | INFO     | CloudVulnEngine | [183778a4] POST /api/scans | status=201 | ip=127.0.0.1 | 77.76ms
2026-08-12T12:11:40 | INFO     | CloudVulnEngine | [a173a15a] POST /api/analysis/target | status=200 | ip=127.0.0.1 | 17398.07ms
2026-08-12T12:11:40 | INFO     | CloudVulnEngine | Scan created: SCAN-2026-3197 | target=www.slcs.edu.in
2026-08-12T12:11:40 | INFO     | CloudVulnEngine | [6d0cd924] POST /api/scans | status=201 | ip=127.0.0.1 | 10.92ms
2026-08-12T12:32:15 | INFO     | CloudVulnEngine | [33fe6f7f] POST /api/analysis/target | status=200 | ip=127.0.0.1 | 6297.01ms
2026-08-12T12:32:15 | INFO     | CloudVulnEngine | Scan created: SCAN-2026-6571 | target=www.instagram.com
2026-08-12T12:32:15 | INFO     | CloudVulnEngine | [aa332b0f] POST /api/scans | status=201 | ip=127.0.0.1 | 9.32ms
2026-08-12T12:35:35 | INFO     | CloudVulnEngine | [37cc2c06] POST /api/analysis/target | status=200 | ip=127.0.0.1 | 5865.85ms
2026-08-12T12:35:35 | INFO     | CloudVulnEngine | Scan created: SCAN-2026-3217 | target=api.production.cloudvuln.io
2026-08-12T12:35:35 | INFO     | CloudVulnEngine | [dabbd457] POST /api/scans | status=201 | ip=127.0.0.1 | 11.37ms
2026-08-12T12:35:35 | INFO     | CloudVulnEngine | [4bd075de] POST /api/analysis/target | status=200 | ip=127.0.0.1 | 6069.96ms
2026-08-12T12:35:35 | INFO     | CloudVulnEngine | Scan created: SCAN-2026-4611 | target=api.production.cloudvuln.io
2026-08-12T12:35:35 | INFO     | CloudVulnEngine | [a0a476d9] POST /api/scans | status=201 | ip=127.0.0.1 | 13.76ms
2026-08-12T12:40:44 | INFO     | CloudVulnEngine | [71d8724f] GET /api/dashboard/summary | status=200 | ip=127.0.0.1 | 21.39ms
2026-08-12T12:40:44 | INFO     | CloudVulnEngine | [fd3e1bae] GET /api/dashboard/activity | status=200 | ip=127.0.0.1 | 22.39ms
2026-08-12T12:40:44 | INFO     | CloudVulnEngine | [750e19e1] GET /api/dashboard/risk-statistics | status=200 | ip=127.0.0.1 | 32.88ms
2026-08-12T12:40:44 | INFO     | CloudVulnEngine | [22c080cf] GET /api/dashboard/recent-scans | status=200 | ip=127.0.0.1 | 34.57ms
2026-08-12T12:40:44 | INFO     | CloudVulnEngine | [6cd6db1b] GET /api/dashboard/summary | status=200 | ip=127.0.0.1 | 26.32ms
2026-08-12T12:40:44 | INFO     | CloudVulnEngine | [9d2c944c] GET /api/dashboard/activity | status=200 | ip=127.0.0.1 | 29.8ms
2026-08-12T12:40:44 | INFO     | CloudVulnEngine | [978c786c] GET /api/dashboard/risk-statistics | status=200 | ip=127.0.0.1 | 25.64ms
2026-08-12T12:40:44 | INFO     | CloudVulnEngine | [f019708d] GET /api/dashboard/recent-scans | status=200 | ip=127.0.0.1 | 25.06ms
2026-08-12T12:40:46 | INFO     | CloudVulnEngine | [4ede19a6] GET /api/cve/search | status=200 | ip=127.0.0.1 | 1344.4ms
2026-08-12T12:40:48 | INFO     | CloudVulnEngine | [1d886a63] GET /api/cve/search | status=200 | ip=127.0.0.1 | 2148.74ms
2026-08-15T18:22:59 | INFO     | CloudVulnEngine | [896f2450] GET / | status=200 | ip=127.0.0.1 | 26.94ms
2026-08-15T18:22:59 | WARNING  | CloudVulnEngine | [01029ce0] GET /favicon.ico | status=404 | ip=127.0.0.1 | 18.76ms
2026-08-15T18:23:59 | WARNING  | CloudVulnEngine | HTTP 409 on POST /api/auth/register: An account with this email already exists
2026-08-15T18:23:59 | WARNING  | CloudVulnEngine | [9b1c84d0] POST /api/auth/register | status=409 | ip=127.0.0.1 | 8309.14ms
2026-08-15T18:24:40 | INFO     | CloudVulnEngine | New user registered: 24219@slcs.edu.in | role=SecOps Lead
2026-08-15T18:24:40 | INFO     | CloudVulnEngine | [30201d39] POST /api/auth/register | status=201 | ip=127.0.0.1 | 5537.22ms
2026-08-15T18:24:45 | INFO     | CloudVulnEngine | [d11d9ae0] GET /api/dashboard/risk-statistics | status=200 | ip=127.0.0.1 | 440.63ms
2026-08-15T18:24:45 | INFO     | CloudVulnEngine | [0927a28f] GET /api/dashboard/activity | status=200 | ip=127.0.0.1 | 456.15ms
2026-08-15T18:24:45 | INFO     | CloudVulnEngine | [ba373ca1] GET /api/dashboard/recent-scans | status=200 | ip=127.0.0.1 | 301.24ms
2026-08-15T18:24:45 | INFO     | CloudVulnEngine | [447429ee] GET /api/dashboard/summary | status=200 | ip=127.0.0.1 | 635.82ms
2026-08-15T18:24:46 | INFO     | CloudVulnEngine | [dff13b93] GET /api/dashboard/risk-statistics | status=200 | ip=127.0.0.1 | 1183.79ms
2026-08-15T18:24:46 | INFO     | CloudVulnEngine | [76e47e04] GET /api/dashboard/summary | status=200 | ip=127.0.0.1 | 766.54ms
2026-08-15T18:24:47 | INFO     | CloudVulnEngine | [454c590b] GET /api/dashboard/recent-scans | status=200 | ip=127.0.0.1 | 999.26ms
2026-08-15T18:24:47 | INFO     | CloudVulnEngine | [6fb58d3d] GET /api/dashboard/activity | status=200 | ip=127.0.0.1 | 1437.88ms
2026-08-15T18:24:49 | INFO     | CloudVulnEngine | [d892c41d] GET /api/cve/search | status=200 | ip=127.0.0.1 | 3981.18ms
2026-08-15T18:24:50 | INFO     | CloudVulnEngine | [98b29756] GET /api/cve/search | status=200 | ip=127.0.0.1 | 1359.81ms
2026-08-15T18:25:05 | INFO     | CloudVulnEngine | User logged out: 24219@slcs.edu.in
2026-08-15T18:25:05 | INFO     | CloudVulnEngine | [f49e6371] POST /api/auth/logout | status=200 | ip=127.0.0.1 | 35.22ms
2026-08-15T18:25:09 | INFO     | CloudVulnEngine | [d8404348] POST /api/analysis/target | status=200 | ip=127.0.0.1 | 5993.52ms
2026-08-15T18:25:09 | INFO     | CloudVulnEngine | Scan created: SCAN-2026-2167 | target=api.production.cloudvuln.io
2026-08-15T18:25:09 | INFO     | CloudVulnEngine | [85852e15] POST /api/scans | status=201 | ip=127.0.0.1 | 139.85ms
2026-08-15T18:25:11 | INFO     | CloudVulnEngine | [84c02e5e] POST /api/analysis/target | status=200 | ip=127.0.0.1 | 8214.17ms
2026-08-15T18:25:11 | INFO     | CloudVulnEngine | Scan created: SCAN-2026-7068 | target=api.production.cloudvuln.io
2026-08-15T18:25:11 | INFO     | CloudVulnEngine | [7515e724] POST /api/scans | status=201 | ip=127.0.0.1 | 65.53ms
2026-08-15T18:26:06 | INFO     | CloudVulnEngine | Successful login: 24219@slcs.edu.in
2026-08-15T18:26:06 | INFO     | CloudVulnEngine | [4834da7c] POST /api/auth/login | status=200 | ip=127.0.0.1 | 20719.82ms
2026-08-15T18:26:13 | INFO     | CloudVulnEngine | [03190d4e] GET /api/dashboard/summary | status=200 | ip=127.0.0.1 | 495.39ms
2026-08-15T18:26:13 | INFO     | CloudVulnEngine | [05790518] GET /api/dashboard/risk-statistics | status=200 | ip=127.0.0.1 | 794.74ms
2026-08-15T18:26:13 | INFO     | CloudVulnEngine | [93638130] GET /api/dashboard/recent-scans | status=200 | ip=127.0.0.1 | 884.06ms
2026-08-15T18:26:13 | INFO     | CloudVulnEngine | [d46c5bb1] GET /api/dashboard/activity | status=200 | ip=127.0.0.1 | 901.55ms
2026-08-15T18:26:14 | INFO     | CloudVulnEngine | [cc96e7f1] GET /api/dashboard/summary | status=200 | ip=127.0.0.1 | 389.01ms
2026-08-15T18:26:14 | INFO     | CloudVulnEngine | [af5ffef5] GET /api/dashboard/activity | status=200 | ip=127.0.0.1 | 83.34ms
2026-08-15T18:26:14 | INFO     | CloudVulnEngine | [55a4aa2a] GET /api/dashboard/recent-scans | status=200 | ip=127.0.0.1 | 165.93ms
2026-08-15T18:26:14 | INFO     | CloudVulnEngine | [319a1f40] GET /api/dashboard/risk-statistics | status=200 | ip=127.0.0.1 | 280.38ms
2026-08-15T18:26:35 | INFO     | CloudVulnEngine | [399effab] POST /api/analysis/target | status=200 | ip=127.0.0.1 | 7722.98ms
2026-08-15T18:26:36 | INFO     | CloudVulnEngine | Scan created: SCAN-2026-2871 | target=api.production.cloudvuln.io
2026-08-15T18:26:36 | INFO     | CloudVulnEngine | [79accc95] POST /api/scans | status=201 | ip=127.0.0.1 | 54.71ms
2026-08-15T18:26:36 | INFO     | CloudVulnEngine | [bb1fca2f] POST /api/analysis/target | status=200 | ip=127.0.0.1 | 8343.05ms
2026-08-15T18:26:36 | INFO     | CloudVulnEngine | Scan created: SCAN-2026-5577 | target=api.production.cloudvuln.io
2026-08-15T18:26:36 | INFO     | CloudVulnEngine | [3ea88375] POST /api/scans | status=201 | ip=127.0.0.1 | 68.51ms
2026-08-15T18:27:00 | INFO     | CloudVulnEngine | [b21053b4] GET /api/scans | status=200 | ip=127.0.0.1 | 27.48ms
2026-08-15T18:27:01 | INFO     | CloudVulnEngine | [f02e34a4] GET /api/scans | status=200 | ip=127.0.0.1 | 54.0ms
2026-08-15T18:27:06 | INFO     | CloudVulnEngine | [4f79ce05] GET /api/reports/DEFAULT-001 | status=200 | ip=127.0.0.1 | 20.74ms
2026-08-15T18:27:06 | INFO     | CloudVulnEngine | [e11a3004] GET /api/reports/DEFAULT-001 | status=200 | ip=127.0.0.1 | 21.39ms
2026-08-15T18:31:07 | INFO     | CloudVulnEngine | [ec466582] GET /api/reports/DEFAULT-001 | status=200 | ip=127.0.0.1 | 9.27ms
2026-08-15T18:31:07 | INFO     | CloudVulnEngine | [9f7b7c23] GET /api/reports/DEFAULT-001 | status=200 | ip=127.0.0.1 | 11.03ms
2026-08-15T18:31:11 | INFO     | CloudVulnEngine | [7c2d540b] GET /api/scans | status=200 | ip=127.0.0.1 | 19.15ms
2026-08-15T18:31:11 | INFO     | CloudVulnEngine | [72aa4d70] GET /api/scans | status=200 | ip=127.0.0.1 | 27.12ms
2026-08-15T18:31:15 | INFO     | CloudVulnEngine | [0e46fbb4] GET /api/dashboard/risk-statistics | status=200 | ip=127.0.0.1 | 45.29ms
2026-08-15T18:31:15 | INFO     | CloudVulnEngine | [6e9ce4d3] GET /api/dashboard/summary | status=200 | ip=127.0.0.1 | 39.51ms
2026-08-15T18:31:15 | INFO     | CloudVulnEngine | [f14ed786] GET /api/dashboard/recent-scans | status=200 | ip=127.0.0.1 | 67.05ms
2026-08-15T18:31:15 | INFO     | CloudVulnEngine | [84404bfa] GET /api/dashboard/activity | status=200 | ip=127.0.0.1 | 19.54ms
2026-08-15T18:31:15 | INFO     | CloudVulnEngine | [9e9dc89f] GET /api/dashboard/risk-statistics | status=200 | ip=127.0.0.1 | 60.51ms
2026-08-15T18:31:15 | INFO     | CloudVulnEngine | [ddabafc3] GET /api/dashboard/summary | status=200 | ip=127.0.0.1 | 40.65ms
2026-08-15T18:31:15 | INFO     | CloudVulnEngine | [7810d249] GET /api/dashboard/recent-scans | status=200 | ip=127.0.0.1 | 68.79ms
2026-08-15T18:31:15 | INFO     | CloudVulnEngine | [bce7281b] GET /api/dashboard/activity | status=200 | ip=127.0.0.1 | 9.94ms
2026-08-15T18:31:16 | INFO     | CloudVulnEngine | [9b509a36] GET /api/cve/search | status=200 | ip=127.0.0.1 | 1499.08ms
2026-08-15T18:31:18 | INFO     | CloudVulnEngine | [c28d7ab1] GET /api/cve/search | status=200 | ip=127.0.0.1 | 1886.47ms
2026-08-15T18:31:21 | INFO     | CloudVulnEngine | [70a598f8] POST /api/analysis/target | status=200 | ip=127.0.0.1 | 8424.38ms
2026-08-15T18:31:21 | INFO     | CloudVulnEngine | Scan created: SCAN-2026-3781 | target=api.production.cloudvuln.io
2026-08-15T18:31:21 | INFO     | CloudVulnEngine | [f5817f90] POST /api/scans | status=201 | ip=127.0.0.1 | 18.01ms
2026-08-15T18:31:22 | INFO     | CloudVulnEngine | [401eb347] POST /api/analysis/target | status=200 | ip=127.0.0.1 | 8857.1ms
2026-08-15T18:31:22 | INFO     | CloudVulnEngine | Scan created: SCAN-2026-2212 | target=api.production.cloudvuln.io
2026-08-15T18:31:22 | INFO     | CloudVulnEngine | [694f663e] POST /api/scans | status=201 | ip=127.0.0.1 | 52.15ms
2026-08-15T18:31:34 | INFO     | CloudVulnEngine | [2151290c] POST /api/analysis/target | status=200 | ip=127.0.0.1 | 8324.67ms
2026-08-15T18:31:36 | INFO     | CloudVulnEngine | [e024fd31] POST /api/analysis/target | status=200 | ip=127.0.0.1 | 9553.96ms
2026-08-15T18:32:02 | INFO     | CloudVulnEngine | Scan created: SCAN-2026-9014 | target=api.production.cloudvuln.io
2026-08-15T18:32:02 | INFO     | CloudVulnEngine | [d3f7717d] POST /api/scans | status=201 | ip=127.0.0.1 | 5.04ms
2026-08-15T18:32:02 | INFO     | CloudVulnEngine | Scan created: SCAN-2026-3797 | target=api.production.cloudvuln.io
2026-08-15T18:32:02 | INFO     | CloudVulnEngine | [4cff5565] POST /api/scans | status=201 | ip=127.0.0.1 | 3.93ms
2026-08-15T18:34:04 | INFO     | CloudVulnEngine | [b9726140] GET /api/auth/me | status=200 | ip=127.0.0.1 | 18.73ms
2026-08-15T18:34:05 | INFO     | CloudVulnEngine | [4eeaf1f5] GET /api/auth/me | status=200 | ip=127.0.0.1 | 259.31ms
2026-08-15T18:34:07 | INFO     | CloudVulnEngine | [1716fedb] GET /api/reports/DEFAULT-001 | status=200 | ip=127.0.0.1 | 25.01ms
2026-08-15T18:34:07 | INFO     | CloudVulnEngine | [761713b5] GET /api/reports/DEFAULT-001 | status=200 | ip=127.0.0.1 | 14.97ms
2026-08-15T18:34:13 | INFO     | CloudVulnEngine | [ea6b70c2] GET /api/scans | status=200 | ip=127.0.0.1 | 36.69ms
2026-08-15T18:34:13 | INFO     | CloudVulnEngine | [b7060761] GET /api/scans | status=200 | ip=127.0.0.1 | 103.97ms
2026-08-15T18:34:19 | INFO     | CloudVulnEngine | [0b84f79c] POST /api/analysis/target | status=200 | ip=127.0.0.1 | 13329.8ms
2026-08-15T18:34:19 | INFO     | CloudVulnEngine | [c5b01a36] POST /api/analysis/target | status=200 | ip=127.0.0.1 | 13602.25ms
2026-08-15T18:34:19 | INFO     | CloudVulnEngine | Scan created: SCAN-2026-9731 | target=api.production.cloudvuln.io
2026-08-15T18:34:19 | INFO     | CloudVulnEngine | [277d2f6f] POST /api/scans | status=201 | ip=127.0.0.1 | 154.27ms
2026-08-15T18:34:19 | INFO     | CloudVulnEngine | Scan created: SCAN-2026-3493 | target=api.production.cloudvuln.io
2026-08-15T18:34:19 | INFO     | CloudVulnEngine | [e77f1910] POST /api/scans | status=201 | ip=127.0.0.1 | 234.73ms
2026-08-15T18:34:21 | INFO     | CloudVulnEngine | [187aaf97] GET /api/reports/SCAN-2026-5638 | status=200 | ip=127.0.0.1 | 20.83ms
2026-08-15T18:34:21 | INFO     | CloudVulnEngine | [260cc8b8] GET /api/reports/SCAN-2026-5638 | status=200 | ip=127.0.0.1 | 18.33ms
2026-08-15T18:34:48 | INFO     | CloudVulnEngine | [d9c0c7a4] GET /api/reports/SCAN-2026-5638/download | status=200 | ip=127.0.0.1 | 4313.5ms
2026-08-15T18:35:22 | INFO     | CloudVulnEngine | [bf7ccd0b] GET /api/reports/SCAN-2026-5638/download | status=200 | ip=127.0.0.1 | 42.86ms
2026-08-15T18:38:58 | INFO     | CloudVulnEngine | [f66abc45] POST /api/analysis/target | status=200 | ip=127.0.0.1 | 5158.17ms
2026-08-15T18:38:58 | INFO     | CloudVulnEngine | Scan created: SCAN-2026-5506 | target=api.production.cloudvuln.io
2026-08-15T18:38:58 | INFO     | CloudVulnEngine | [d7ff54c5] POST /api/scans | status=201 | ip=127.0.0.1 | 125.6ms
2026-08-15T18:39:00 | INFO     | CloudVulnEngine | [1dd2cb6f] POST /api/analysis/target | status=200 | ip=127.0.0.1 | 6596.87ms
2026-08-15T18:39:00 | INFO     | CloudVulnEngine | Scan created: SCAN-2026-4614 | target=api.production.cloudvuln.io
2026-08-15T18:39:00 | INFO     | CloudVulnEngine | [2e3615ce] POST /api/scans | status=201 | ip=127.0.0.1 | 75.14ms
2026-08-15T18:40:20 | INFO     | CloudVulnEngine | [1c95d72f] POST /api/analysis/target | status=200 | ip=127.0.0.1 | 13738.32ms
2026-08-15T18:40:20 | INFO     | CloudVulnEngine | Scan created: SCAN-2026-4264 | target=www.slcs.edu.in
2026-08-15T18:40:20 | INFO     | CloudVulnEngine | [02b6f087] POST /api/scans | status=201 | ip=127.0.0.1 | 257.72ms
2026-08-15T18:57:21 | INFO     | CloudVulnEngine | [a1c51777] GET / | status=200 | ip=127.0.0.1 | 11.59ms
2026-08-15T18:57:25 | INFO     | CloudVulnEngine | [a5c1f83d] GET /api/auth/me | status=200 | ip=127.0.0.1 | 124.62ms
2026-08-15T18:57:25 | INFO     | CloudVulnEngine | [c5f36cc8] GET /api/auth/me | status=200 | ip=127.0.0.1 | 10.77ms
2026-08-15T18:57:27 | INFO     | CloudVulnEngine | [efc80a90] GET /api/dashboard/activity | status=200 | ip=127.0.0.1 | 54.74ms
2026-08-15T18:57:28 | INFO     | CloudVulnEngine | [89fe7d41] GET /api/dashboard/risk-statistics | status=200 | ip=127.0.0.1 | 1132.57ms
2026-08-15T18:57:28 | INFO     | CloudVulnEngine | [9fb460dd] GET /api/dashboard/activity | status=200 | ip=127.0.0.1 | 451.51ms
2026-08-15T18:57:28 | INFO     | CloudVulnEngine | [cd05fbd3] GET /api/dashboard/summary | status=200 | ip=127.0.0.1 | 1479.14ms
2026-08-15T18:57:29 | INFO     | CloudVulnEngine | [54c0d665] GET /api/dashboard/recent-scans | status=200 | ip=127.0.0.1 | 1746.68ms
2026-08-15T18:57:30 | INFO     | CloudVulnEngine | [be9db6ba] GET /api/dashboard/risk-statistics | status=200 | ip=127.0.0.1 | 784.97ms
2026-08-15T18:57:32 | INFO     | CloudVulnEngine | [7bab45bb] GET /api/dashboard/summary | status=200 | ip=127.0.0.1 | 595.46ms
2026-08-15T18:57:32 | INFO     | CloudVulnEngine | [33d58fde] GET /api/dashboard/recent-scans | status=200 | ip=127.0.0.1 | 773.28ms
2026-08-15T18:57:32 | INFO     | CloudVulnEngine | [abb1d553] GET /api/cve/search | status=200 | ip=127.0.0.1 | 5456.39ms
2026-08-15T18:57:35 | INFO     | CloudVulnEngine | [2d9a57da] GET /api/cve/search | status=200 | ip=127.0.0.1 | 2347.83ms
2026-08-15T18:57:43 | INFO     | CloudVulnEngine | [59b088a1] POST /api/analysis/target | status=200 | ip=127.0.0.1 | 8130.48ms
2026-08-15T18:57:44 | INFO     | CloudVulnEngine | [745367a9] POST /api/analysis/target | status=200 | ip=127.0.0.1 | 9471.34ms
2026-08-15T18:57:45 | INFO     | CloudVulnEngine | Scan created: SCAN-2026-6725 | target=api.production.cloudvuln.io
2026-08-15T18:57:46 | INFO     | CloudVulnEngine | [334f0ea4] POST /api/scans | status=201 | ip=127.0.0.1 | 207.39ms
2026-08-15T18:57:46 | INFO     | CloudVulnEngine | Scan created: SCAN-2026-8283 | target=api.production.cloudvuln.io
2026-08-15T18:57:46 | INFO     | CloudVulnEngine | [6fd3ab7b] POST /api/scans | status=201 | ip=127.0.0.1 | 234.22ms
2026-08-15T18:59:12 | INFO     | CloudVulnEngine | [112fba92] POST /api/analysis/target | status=200 | ip=127.0.0.1 | 31893.35ms
2026-08-15T18:59:12 | INFO     | CloudVulnEngine | Scan created: SCAN-2026-2592 | target=www.slcs.edu.in
2026-08-15T18:59:13 | INFO     | CloudVulnEngine | [c0c5a49e] POST /api/scans | status=201 | ip=127.0.0.1 | 650.34ms
2026-08-15T19:01:15 | INFO     | CloudVulnEngine | [01d827a7] GET /api/reports/DEFAULT-001 | status=200 | ip=127.0.0.1 | 25.49ms
2026-08-15T19:01:15 | INFO     | CloudVulnEngine | [ef7d4dca] GET /api/reports/DEFAULT-001 | status=200 | ip=127.0.0.1 | 6.26ms
2026-08-15T19:01:40 | INFO     | CloudVulnEngine | [1ad91dfb] POST /api/analysis/target | status=200 | ip=127.0.0.1 | 8381.25ms
2026-08-15T19:01:40 | INFO     | CloudVulnEngine | Scan created: SCAN-2026-4164 | target=api.production.cloudvuln.io
2026-08-15T19:01:40 | INFO     | CloudVulnEngine | [10d03115] POST /api/scans | status=201 | ip=127.0.0.1 | 309.55ms
2026-08-15T19:01:40 | INFO     | CloudVulnEngine | [3cfb717d] POST /api/analysis/target | status=200 | ip=127.0.0.1 | 8867.16ms
2026-08-15T19:01:40 | INFO     | CloudVulnEngine | Scan created: SCAN-2026-4967 | target=api.production.cloudvuln.io
2026-08-15T19:01:40 | INFO     | CloudVulnEngine | [ad336809] POST /api/scans | status=201 | ip=127.0.0.1 | 54.43ms
2026-08-15T19:08:23 | INFO     | CloudVulnEngine | [eb5223e6] GET /api/dashboard/summary | status=200 | ip=127.0.0.1 | 82.13ms
2026-08-15T19:08:23 | INFO     | CloudVulnEngine | [fdb72354] GET /api/dashboard/risk-statistics | status=200 | ip=127.0.0.1 | 271.09ms
2026-08-15T19:08:23 | INFO     | CloudVulnEngine | [38e1a7ca] GET /api/dashboard/recent-scans | status=200 | ip=127.0.0.1 | 287.88ms
2026-08-15T19:08:23 | INFO     | CloudVulnEngine | [5947a839] GET /api/dashboard/activity | status=200 | ip=127.0.0.1 | 402.05ms
2026-08-15T19:08:24 | INFO     | CloudVulnEngine | [0ff57fa5] GET /api/dashboard/summary | status=200 | ip=127.0.0.1 | 211.87ms
2026-08-15T19:08:24 | INFO     | CloudVulnEngine | [fd45b957] GET /api/dashboard/activity | status=200 | ip=127.0.0.1 | 755.06ms
2026-08-15T19:08:24 | INFO     | CloudVulnEngine | [b32dd41f] GET /api/dashboard/recent-scans | status=200 | ip=127.0.0.1 | 887.44ms
2026-08-15T19:08:24 | INFO     | CloudVulnEngine | [2ba2fc49] GET /api/dashboard/risk-statistics | status=200 | ip=127.0.0.1 | 975.72ms
2026-08-15T19:08:26 | INFO     | CloudVulnEngine | [28863f4f] GET /api/cve/search | status=200 | ip=127.0.0.1 | 2770.07ms
2026-08-15T19:08:27 | INFO     | CloudVulnEngine | [da9d3edd] GET /api/cve/search | status=200 | ip=127.0.0.1 | 1299.34ms
2026-08-15T19:09:46 | INFO     | CloudVulnEngine | [1631b5ba] GET /api/dashboard/summary | status=200 | ip=127.0.0.1 | 22.91ms
2026-08-15T19:09:46 | INFO     | CloudVulnEngine | [a58f714c] GET /api/dashboard/risk-statistics | status=200 | ip=127.0.0.1 | 161.45ms
2026-08-15T19:09:46 | INFO     | CloudVulnEngine | [dc25152f] GET /api/dashboard/activity | status=200 | ip=127.0.0.1 | 156.82ms
2026-08-15T19:09:46 | INFO     | CloudVulnEngine | [d951a3a8] GET /api/dashboard/recent-scans | status=200 | ip=127.0.0.1 | 240.49ms
2026-08-15T19:09:46 | INFO     | CloudVulnEngine | [1b915899] GET /api/dashboard/summary | status=200 | ip=127.0.0.1 | 274.42ms
2026-08-15T19:09:46 | INFO     | CloudVulnEngine | [088440f6] GET /api/dashboard/risk-statistics | status=200 | ip=127.0.0.1 | 116.38ms
2026-08-15T19:09:46 | INFO     | CloudVulnEngine | [c888bde0] GET /api/dashboard/recent-scans | status=200 | ip=127.0.0.1 | 112.5ms
2026-08-15T19:09:46 | INFO     | CloudVulnEngine | [782433db] GET /api/dashboard/activity | status=200 | ip=127.0.0.1 | 169.19ms
2026-08-15T19:10:56 | INFO     | CloudVulnEngine | [adfa075f] GET /api/dashboard/summary | status=200 | ip=127.0.0.1 | 251.81ms
2026-08-15T19:10:56 | INFO     | CloudVulnEngine | [36c470f6] GET /api/dashboard/risk-statistics | status=200 | ip=127.0.0.1 | 774.57ms
2026-08-15T19:10:57 | INFO     | CloudVulnEngine | [d98a43c7] GET /api/dashboard/activity | status=200 | ip=127.0.0.1 | 1097.44ms
2026-08-15T19:10:57 | INFO     | CloudVulnEngine | [5b268d7f] GET /api/dashboard/recent-scans | status=200 | ip=127.0.0.1 | 1219.14ms
2026-08-15T19:10:57 | INFO     | CloudVulnEngine | [65f905a4] GET /api/dashboard/risk-statistics | status=200 | ip=127.0.0.1 | 300.96ms
2026-08-15T19:10:57 | INFO     | CloudVulnEngine | [acd863d6] GET /api/dashboard/summary | status=200 | ip=127.0.0.1 | 658.67ms
2026-08-15T19:10:57 | INFO     | CloudVulnEngine | [4c7281fd] GET /api/dashboard/activity | status=200 | ip=127.0.0.1 | 11.73ms
2026-08-15T19:10:57 | INFO     | CloudVulnEngine | [4cea4e4d] GET /api/dashboard/recent-scans | status=200 | ip=127.0.0.1 | 16.92ms
2026-08-15T19:10:58 | INFO     | CloudVulnEngine | [31e6436f] GET /api/cve/search | status=200 | ip=127.0.0.1 | 2465.26ms
2026-08-15T19:10:59 | INFO     | CloudVulnEngine | [9e4790d3] GET /api/cve/search | status=200 | ip=127.0.0.1 | 1176.41ms
2026-08-17T12:50:00 | INFO     | CloudVulnEngine | [18403705] GET / | status=200 | ip=127.0.0.1 | 3.72ms
2026-08-17T12:50:07 | INFO     | CloudVulnEngine | [626a6d30] GET /api/dashboard/summary | status=200 | ip=127.0.0.1 | 23.85ms
2026-08-17T12:50:07 | INFO     | CloudVulnEngine | [e818828d] GET /api/dashboard/risk-statistics | status=200 | ip=127.0.0.1 | 15.99ms
2026-08-17T12:50:07 | INFO     | CloudVulnEngine | [78a2a726] GET /api/dashboard/activity | status=200 | ip=127.0.0.1 | 17.62ms
2026-08-17T12:50:07 | INFO     | CloudVulnEngine | [1b223f20] GET /api/dashboard/recent-scans | status=200 | ip=127.0.0.1 | 20.03ms
2026-08-17T12:50:07 | INFO     | CloudVulnEngine | [af532717] GET /api/dashboard/summary | status=200 | ip=127.0.0.1 | 4.29ms
2026-08-17T12:50:07 | INFO     | CloudVulnEngine | [9038dabb] GET /api/dashboard/risk-statistics | status=200 | ip=127.0.0.1 | 54.3ms
2026-08-17T12:50:07 | INFO     | CloudVulnEngine | [7f6fc5ac] GET /api/dashboard/activity | status=200 | ip=127.0.0.1 | 42.45ms
2026-08-17T12:50:07 | INFO     | CloudVulnEngine | [cad4f6bf] GET /api/dashboard/recent-scans | status=200 | ip=127.0.0.1 | 44.93ms
2026-08-17T12:50:07 | WARNING  | CloudVulnEngine | [504d30ad] GET /favicon.ico | status=404 | ip=127.0.0.1 | 0.57ms
2026-08-17T12:50:09 | INFO     | CloudVulnEngine | [695b4511] GET /api/cve/search | status=200 | ip=127.0.0.1 | 2497.1ms
2026-08-17T12:50:12 | INFO     | CloudVulnEngine | [1a06e43d] GET /api/cve/search | status=200 | ip=127.0.0.1 | 2376.81ms
2026-08-17T12:50:17 | INFO     | CloudVulnEngine | [91e2687c] POST /api/analysis/target | status=200 | ip=127.0.0.1 | 6038.97ms
2026-08-17T12:50:17 | INFO     | CloudVulnEngine | [50d5fc9c] POST /api/analysis/target | status=200 | ip=127.0.0.1 | 6043.01ms
2026-08-17T12:50:17 | INFO     | CloudVulnEngine | Scan created: SCAN-2026-9912 | target=api.production.cloudvuln.io
2026-08-17T12:50:17 | INFO     | CloudVulnEngine | [69289d87] POST /api/scans | status=201 | ip=127.0.0.1 | 10.51ms
2026-08-17T12:50:17 | INFO     | CloudVulnEngine | Scan created: SCAN-2026-5338 | target=api.production.cloudvuln.io
2026-08-17T12:50:17 | INFO     | CloudVulnEngine | [9153618f] POST /api/scans | status=201 | ip=127.0.0.1 | 8.21ms
2026-08-17T12:50:37 | WARNING  | CloudVulnEngine | HTTP 401 on GET /api/auth/me: Access token has expired. Please refresh your session.
2026-08-17T12:50:37 | WARNING  | CloudVulnEngine | [8b25b62b] GET /api/auth/me | status=401 | ip=127.0.0.1 | 27.8ms
2026-08-17T12:50:37 | WARNING  | CloudVulnEngine | HTTP 401 on GET /api/auth/me: Access token has expired. Please refresh your session.
2026-08-17T12:50:37 | WARNING  | CloudVulnEngine | [9409df42] GET /api/auth/me | status=401 | ip=127.0.0.1 | 7.95ms
2026-08-17T12:50:37 | INFO     | CloudVulnEngine | Token refreshed for: 24219@slcs.edu.in
2026-08-17T12:50:37 | INFO     | CloudVulnEngine | [e457b3ab] POST /api/auth/refresh | status=200 | ip=127.0.0.1 | 11.57ms
2026-08-17T12:50:37 | INFO     | CloudVulnEngine | [329ad29e] GET /api/auth/me | status=200 | ip=127.0.0.1 | 8.29ms
2026-08-17T12:50:37 | INFO     | CloudVulnEngine | [d210e73b] GET /api/auth/me | status=200 | ip=127.0.0.1 | 10.81ms
2026-08-17T12:50:37 | INFO     | CloudVulnEngine | [12a1b37c] GET /api/dashboard/summary | status=200 | ip=127.0.0.1 | 20.36ms
2026-08-17T12:50:37 | INFO     | CloudVulnEngine | [50eebe68] GET /api/dashboard/risk-statistics | status=200 | ip=127.0.0.1 | 33.5ms
2026-08-17T12:50:37 | INFO     | CloudVulnEngine | [ec7a15c5] GET /api/dashboard/summary | status=200 | ip=127.0.0.1 | 9.93ms
2026-08-17T12:50:37 | INFO     | CloudVulnEngine | [c58e49f8] GET /api/dashboard/recent-scans | status=200 | ip=127.0.0.1 | 51.68ms
2026-08-17T12:50:37 | INFO     | CloudVulnEngine | [079d8c94] GET /api/dashboard/activity | status=200 | ip=127.0.0.1 | 52.93ms
2026-08-17T12:50:37 | INFO     | CloudVulnEngine | [476b32a4] GET /api/dashboard/risk-statistics | status=200 | ip=127.0.0.1 | 20.29ms
2026-08-17T12:50:37 | INFO     | CloudVulnEngine | [b308308a] GET /api/dashboard/recent-scans | status=200 | ip=127.0.0.1 | 13.0ms
2026-08-17T12:50:37 | INFO     | CloudVulnEngine | [6f565142] GET /api/dashboard/activity | status=200 | ip=127.0.0.1 | 14.61ms
2026-08-17T12:50:39 | INFO     | CloudVulnEngine | [318ecb7c] GET /api/cve/search | status=200 | ip=127.0.0.1 | 1176.53ms
2026-08-17T12:50:40 | INFO     | CloudVulnEngine | [19a78da3] GET /api/cve/search | status=200 | ip=127.0.0.1 | 1210.36ms
2026-08-17T12:50:46 | INFO     | CloudVulnEngine | [6e0c3eb7] GET /api/auth/me | status=200 | ip=127.0.0.1 | 2.73ms
2026-08-17T12:50:46 | INFO     | CloudVulnEngine | [82b1c416] GET /api/auth/me | status=200 | ip=127.0.0.1 | 2.62ms
2026-08-17T12:50:47 | INFO     | CloudVulnEngine | [8feecf87] GET /api/dashboard/summary | status=200 | ip=127.0.0.1 | 17.05ms
2026-08-17T12:50:47 | INFO     | CloudVulnEngine | [8146de36] GET /api/dashboard/risk-statistics | status=200 | ip=127.0.0.1 | 18.52ms
2026-08-17T12:50:47 | INFO     | CloudVulnEngine | [5c042975] GET /api/dashboard/activity | status=200 | ip=127.0.0.1 | 18.69ms
2026-08-17T12:50:47 | INFO     | CloudVulnEngine | [faa09bd2] GET /api/dashboard/recent-scans | status=200 | ip=127.0.0.1 | 23.2ms
2026-08-17T12:50:47 | INFO     | CloudVulnEngine | [f0828fc1] GET /api/dashboard/summary | status=200 | ip=127.0.0.1 | 24.27ms
2026-08-17T12:50:47 | INFO     | CloudVulnEngine | [d04275ae] GET /api/dashboard/activity | status=200 | ip=127.0.0.1 | 16.47ms
2026-08-17T12:50:47 | INFO     | CloudVulnEngine | [0e0a0041] GET /api/dashboard/risk-statistics | status=200 | ip=127.0.0.1 | 23.18ms
2026-08-17T12:50:47 | INFO     | CloudVulnEngine | [6f8d6c7e] GET /api/dashboard/recent-scans | status=200 | ip=127.0.0.1 | 14.85ms
2026-08-17T12:50:51 | INFO     | CloudVulnEngine | [eaceaadc] GET /api/cve/search | status=200 | ip=127.0.0.1 | 3851.7ms
2026-08-17T12:50:52 | INFO     | CloudVulnEngine | [17c20325] GET /api/cve/search | status=200 | ip=127.0.0.1 | 1206.37ms
2026-08-17T12:51:12 | INFO     | CloudVulnEngine | [f67917df] GET / | status=200 | ip=127.0.0.1 | 3.06ms
2026-08-17T12:51:14 | WARNING  | CloudVulnEngine | [9c18cc5c] GET /favicon.ico | status=404 | ip=127.0.0.1 | 0.96ms
2026-08-17T12:51:27 | INFO     | CloudVulnEngine | User logged out: 24219@slcs.edu.in
2026-08-17T12:51:27 | INFO     | CloudVulnEngine | [ccd84965] POST /api/auth/logout | status=200 | ip=127.0.0.1 | 46.73ms
2026-08-17T12:51:28 | INFO     | CloudVulnEngine | [39e081b3] POST /api/analysis/target | status=200 | ip=127.0.0.1 | 4105.86ms
2026-08-17T12:51:28 | INFO     | CloudVulnEngine | Scan created: SCAN-2026-2683 | target=api.production.cloudvuln.io
2026-08-17T12:51:28 | INFO     | CloudVulnEngine | [2fe1764d] POST /api/scans | status=201 | ip=127.0.0.1 | 12.73ms
2026-08-17T12:51:31 | INFO     | CloudVulnEngine | [5e790e70] POST /api/analysis/target | status=200 | ip=127.0.0.1 | 6627.28ms
2026-08-17T12:51:31 | INFO     | CloudVulnEngine | Scan created: SCAN-2026-1148 | target=api.production.cloudvuln.io
2026-08-17T12:51:31 | INFO     | CloudVulnEngine | [16022cb5] POST /api/scans | status=201 | ip=127.0.0.1 | 5.11ms
2026-08-17T12:52:33 | INFO     | CloudVulnEngine | [d17da397] GET /api/dashboard/summary | status=200 | ip=127.0.0.1 | 400.42ms
2026-08-17T12:52:33 | INFO     | CloudVulnEngine | [f77fe945] GET /api/dashboard/risk-statistics | status=200 | ip=127.0.0.1 | 977.46ms
2026-08-17T12:52:34 | INFO     | CloudVulnEngine | [f03b662f] GET /api/dashboard/activity | status=200 | ip=127.0.0.1 | 1208.18ms
2026-08-17T12:52:34 | INFO     | CloudVulnEngine | [11d86886] GET /api/dashboard/recent-scans | status=200 | ip=127.0.0.1 | 1357.61ms
2026-08-17T12:52:34 | INFO     | CloudVulnEngine | [230dc8dd] GET /api/dashboard/summary | status=200 | ip=127.0.0.1 | 898.69ms
2026-08-17T12:52:35 | INFO     | CloudVulnEngine | [7aadaf1d] GET /api/dashboard/risk-statistics | status=200 | ip=127.0.0.1 | 435.66ms
2026-08-17T12:52:35 | INFO     | CloudVulnEngine | [4a9851ab] GET /api/dashboard/activity | status=200 | ip=127.0.0.1 | 429.67ms
2026-08-17T12:52:35 | INFO     | CloudVulnEngine | [37201ab0] GET /api/dashboard/recent-scans | status=200 | ip=127.0.0.1 | 489.18ms
2026-08-17T12:52:41 | INFO     | CloudVulnEngine | [5f89c7b3] POST /api/analysis/target | status=200 | ip=127.0.0.1 | 4589.49ms
2026-08-17T12:52:42 | INFO     | CloudVulnEngine | Scan created: SCAN-2026-2351 | target=api.production.cloudvuln.io
2026-08-17T12:52:43 | INFO     | CloudVulnEngine | [d5848263] POST /api/scans | status=201 | ip=127.0.0.1 | 1277.17ms
2026-08-17T12:52:43 | INFO     | CloudVulnEngine | [3ba13550] POST /api/analysis/target | status=200 | ip=127.0.0.1 | 6395.67ms
2026-08-17T12:52:44 | INFO     | CloudVulnEngine | Scan created: SCAN-2026-3851 | target=api.production.cloudvuln.io
2026-08-17T12:52:44 | INFO     | CloudVulnEngine | [74dfd268] POST /api/scans | status=201 | ip=127.0.0.1 | 212.23ms
2026-08-17T12:53:06 | INFO     | CloudVulnEngine | [887e0273] POST /api/analysis/target | status=200 | ip=127.0.0.1 | 6979.61ms
2026-08-17T12:53:07 | INFO     | CloudVulnEngine | Scan created: SCAN-2026-6602 | target=www.slcs.edu.on
2026-08-17T12:53:07 | INFO     | CloudVulnEngine | [9e29f68c] POST /api/scans | status=201 | ip=127.0.0.1 | 1164.77ms
2026-08-17T12:53:44 | INFO     | CloudVulnEngine | [656b27da] POST /api/analysis/target | status=200 | ip=127.0.0.1 | 24730.61ms
2026-08-17T12:53:44 | INFO     | CloudVulnEngine | Scan created: SCAN-2026-3083 | target=www.slcs.edu.in
2026-08-17T12:53:44 | INFO     | CloudVulnEngine | [f39e1059] POST /api/scans | status=201 | ip=127.0.0.1 | 108.71ms
2026-08-17T12:56:15 | INFO     | CloudVulnEngine | [416d12a7] GET /api/scans | status=200 | ip=127.0.0.1 | 21.88ms
2026-08-17T12:56:15 | INFO     | CloudVulnEngine | [95c3f13e] GET /api/scans | status=200 | ip=127.0.0.1 | 18.31ms
2026-08-17T12:58:23 | INFO     | CloudVulnEngine | [a0a23c3e] POST /api/analysis/target | status=200 | ip=127.0.0.1 | 4557.82ms
2026-08-17T12:58:23 | INFO     | CloudVulnEngine | Scan created: SCAN-2026-7737 | target=api.production.cloudvuln.io
2026-08-17T12:58:23 | INFO     | CloudVulnEngine | [8b5ad8b6] POST /api/analysis/target | status=200 | ip=127.0.0.1 | 4874.42ms
2026-08-17T12:58:23 | INFO     | CloudVulnEngine | [2d100e79] POST /api/scans | status=201 | ip=127.0.0.1 | 392.62ms
2026-08-17T12:58:23 | INFO     | CloudVulnEngine | Scan created: SCAN-2026-1799 | target=api.production.cloudvuln.io
2026-08-17T12:58:24 | INFO     | CloudVulnEngine | [afb3c705] POST /api/scans | status=201 | ip=127.0.0.1 | 197.5ms
2026-08-17T12:58:51 | INFO     | CloudVulnEngine | [30995295] POST /api/analysis/target | status=200 | ip=127.0.0.1 | 17035.66ms
2026-08-17T12:58:51 | INFO     | CloudVulnEngine | Scan created: SCAN-2026-5359 | target=www.slcs.edu.in
2026-08-17T12:58:51 | INFO     | CloudVulnEngine | [b42936ce] POST /api/scans | status=201 | ip=127.0.0.1 | 157.02ms
2026-08-18T09:17:13 | INFO     | CloudVulnEngine | [258d23a6] GET / | status=200 | ip=127.0.0.1 | 37.99ms
2026-08-18T09:17:13 | WARNING  | CloudVulnEngine | [0d47a415] GET /favicon.ico | status=404 | ip=127.0.0.1 | 1.74ms
2026-08-18T09:17:18 | INFO     | CloudVulnEngine | [117581a2] GET /api/dashboard/risk-statistics | status=200 | ip=127.0.0.1 | 146.98ms
2026-08-18T09:17:18 | INFO     | CloudVulnEngine | [fcb500d8] GET /api/dashboard/summary | status=200 | ip=127.0.0.1 | 201.02ms
2026-08-18T09:17:19 | INFO     | CloudVulnEngine | [9aa2754b] GET /api/dashboard/recent-scans | status=200 | ip=127.0.0.1 | 817.5ms
2026-08-18T09:17:19 | INFO     | CloudVulnEngine | [ac90d774] GET /api/dashboard/activity | status=200 | ip=127.0.0.1 | 834.27ms
2026-08-18T09:17:20 | INFO     | CloudVulnEngine | [bdc49e42] GET /api/dashboard/recent-scans | status=200 | ip=127.0.0.1 | 285.85ms
2026-08-18T09:17:20 | INFO     | CloudVulnEngine | [60ef2f7a] GET /api/dashboard/summary | status=200 | ip=127.0.0.1 | 530.31ms
2026-08-18T09:17:20 | INFO     | CloudVulnEngine | [1ed3ddd4] GET /api/dashboard/risk-statistics | status=200 | ip=127.0.0.1 | 711.55ms
2026-08-18T09:17:20 | INFO     | CloudVulnEngine | [c5c603f7] GET /api/dashboard/activity | status=200 | ip=127.0.0.1 | 175.07ms
2026-08-18T09:17:22 | INFO     | CloudVulnEngine | [6f9e4e25] GET /api/cve/search | status=200 | ip=127.0.0.1 | 3263.8ms
2026-08-18T09:17:23 | INFO     | CloudVulnEngine | [bd0c87fe] GET /api/cve/search | status=200 | ip=127.0.0.1 | 1373.62ms
2026-08-18T09:17:36 | INFO     | CloudVulnEngine | [6dcbaea2] POST /api/analysis/target | status=200 | ip=127.0.0.1 | 4513.04ms
2026-08-18T09:17:36 | INFO     | CloudVulnEngine | Scan created: SCAN-2026-4832 | target=api.production.cloudvuln.io
2026-08-18T09:17:36 | INFO     | CloudVulnEngine | [12c76ef3] POST /api/scans | status=201 | ip=127.0.0.1 | 274.06ms
2026-08-18T09:17:37 | INFO     | CloudVulnEngine | [95363d62] POST /api/analysis/target | status=200 | ip=127.0.0.1 | 5474.33ms
2026-08-18T09:17:37 | INFO     | CloudVulnEngine | Scan created: SCAN-2026-9359 | target=api.production.cloudvuln.io
2026-08-18T09:17:37 | INFO     | CloudVulnEngine | [7c29f0d3] POST /api/scans | status=201 | ip=127.0.0.1 | 35.37ms
2026-08-18T09:24:27 | INFO     | CloudVulnEngine | [10030773] GET /api/scans | status=200 | ip=127.0.0.1 | 21.36ms
2026-08-18T09:24:27 | INFO     | CloudVulnEngine | [c639767b] GET /api/scans | status=200 | ip=127.0.0.1 | 8.04ms
2026-08-18T09:24:34 | INFO     | CloudVulnEngine | [a6f50f64] GET /api/dashboard/recent-scans | status=200 | ip=127.0.0.1 | 17.39ms
2026-08-18T09:24:34 | INFO     | CloudVulnEngine | [074ef633] GET /api/dashboard/risk-statistics | status=200 | ip=127.0.0.1 | 19.83ms
2026-08-18T09:24:34 | INFO     | CloudVulnEngine | [615ded85] GET /api/dashboard/summary | status=200 | ip=127.0.0.1 | 24.3ms
2026-08-18T09:24:34 | INFO     | CloudVulnEngine | [b4997366] GET /api/dashboard/activity | status=200 | ip=127.0.0.1 | 27.38ms
2026-08-18T09:24:34 | INFO     | CloudVulnEngine | [3c7cd2b2] GET /api/dashboard/risk-statistics | status=200 | ip=127.0.0.1 | 23.51ms
2026-08-18T09:24:34 | INFO     | CloudVulnEngine | [8f443d7f] GET /api/dashboard/activity | status=200 | ip=127.0.0.1 | 16.02ms
2026-08-18T09:24:34 | INFO     | CloudVulnEngine | [ced9755a] GET /api/dashboard/recent-scans | status=200 | ip=127.0.0.1 | 30.4ms
2026-08-18T09:24:34 | INFO     | CloudVulnEngine | [66ebefdb] GET /api/dashboard/summary | status=200 | ip=127.0.0.1 | 30.73ms
2026-08-18T09:24:36 | INFO     | CloudVulnEngine | [66d567a9] GET /api/cve/search | status=200 | ip=127.0.0.1 | 2104.09ms
2026-08-18T09:24:38 | INFO     | CloudVulnEngine | [d694ea17] GET /api/cve/search | status=200 | ip=127.0.0.1 | 1965.62ms
2026-08-18T09:24:52 | INFO     | CloudVulnEngine | [f46479e0] GET /api/dashboard/activity | status=200 | ip=127.0.0.1 | 7.89ms
2026-08-18T09:24:52 | INFO     | CloudVulnEngine | [410430f7] GET /api/dashboard/recent-scans | status=200 | ip=127.0.0.1 | 9.95ms
2026-08-18T09:24:52 | INFO     | CloudVulnEngine | [eac13451] GET /api/dashboard/recent-scans | status=200 | ip=127.0.0.1 | 11.7ms
2026-08-18T09:24:52 | INFO     | CloudVulnEngine | [b7fb4699] GET /api/dashboard/activity | status=200 | ip=127.0.0.1 | 31.63ms
2026-08-18T09:25:46 | INFO     | CloudVulnEngine | [b5f4fe4a] GET /api/dashboard/summary | status=200 | ip=127.0.0.1 | 6.21ms
2026-08-18T09:25:46 | INFO     | CloudVulnEngine | [8229f86c] GET /api/dashboard/risk-statistics | status=200 | ip=127.0.0.1 | 10.83ms
2026-08-18T09:25:46 | INFO     | CloudVulnEngine | [a639a7de] GET /api/dashboard/activity | status=200 | ip=127.0.0.1 | 12.64ms
2026-08-18T09:25:46 | INFO     | CloudVulnEngine | [7d94d996] GET /api/dashboard/recent-scans | status=200 | ip=127.0.0.1 | 17.51ms
2026-08-18T09:25:46 | INFO     | CloudVulnEngine | [5bcd83bf] GET /api/dashboard/summary | status=200 | ip=127.0.0.1 | 9.18ms
2026-08-18T09:25:46 | INFO     | CloudVulnEngine | [50c0926a] GET /api/dashboard/risk-statistics | status=200 | ip=127.0.0.1 | 7.54ms
2026-08-18T09:25:46 | INFO     | CloudVulnEngine | [8ee5a1b6] GET /api/dashboard/activity | status=200 | ip=127.0.0.1 | 8.02ms
2026-08-18T09:25:46 | INFO     | CloudVulnEngine | [163b6b62] GET /api/dashboard/recent-scans | status=200 | ip=127.0.0.1 | 7.95ms
2026-08-18T09:27:22 | INFO     | CloudVulnEngine | [91f80bac] GET /api/dashboard/summary | status=200 | ip=127.0.0.1 | 32.22ms
2026-08-18T09:27:22 | INFO     | CloudVulnEngine | [216ad3ca] GET /api/dashboard/risk-statistics | status=200 | ip=127.0.0.1 | 34.87ms
2026-08-18T09:27:22 | INFO     | CloudVulnEngine | [c38bdc9d] GET /api/dashboard/activity | status=200 | ip=127.0.0.1 | 39.1ms
2026-08-18T09:27:22 | INFO     | CloudVulnEngine | [b1eade14] GET /api/dashboard/recent-scans | status=200 | ip=127.0.0.1 | 44.3ms
2026-08-18T09:27:22 | INFO     | CloudVulnEngine | [02a089d2] GET /api/dashboard/summary | status=200 | ip=127.0.0.1 | 18.9ms
2026-08-18T09:27:22 | INFO     | CloudVulnEngine | [bba02648] GET /api/dashboard/risk-statistics | status=200 | ip=127.0.0.1 | 26.92ms
2026-08-18T09:27:22 | INFO     | CloudVulnEngine | [6c44cbc2] GET /api/dashboard/activity | status=200 | ip=127.0.0.1 | 18.22ms
2026-08-18T09:27:22 | INFO     | CloudVulnEngine | [88ae97a9] GET /api/dashboard/recent-scans | status=200 | ip=127.0.0.1 | 23.7ms
2026-08-18T09:27:23 | INFO     | CloudVulnEngine | [c7372cd9] GET /api/cve/search | status=200 | ip=127.0.0.1 | 1226.91ms
2026-08-18T09:27:25 | INFO     | CloudVulnEngine | [bb85587f] GET /api/cve/search | status=200 | ip=127.0.0.1 | 1148.6ms
2026-08-18T09:27:34 | INFO     | CloudVulnEngine | [740efb59] POST /api/analysis/target | status=200 | ip=127.0.0.1 | 6270.93ms
2026-08-18T09:27:34 | INFO     | CloudVulnEngine | [d3313c83] POST /api/analysis/target | status=200 | ip=127.0.0.1 | 6271.3ms
2026-08-18T09:27:34 | INFO     | CloudVulnEngine | Scan created: SCAN-2026-6458 | target=api.production.cloudvuln.io
2026-08-18T09:27:34 | INFO     | CloudVulnEngine | Scan created: SCAN-2026-3149 | target=api.production.cloudvuln.io
2026-08-18T09:27:34 | INFO     | CloudVulnEngine | [cdf82a1b] POST /api/scans | status=201 | ip=127.0.0.1 | 19.02ms
2026-08-18T09:27:35 | INFO     | CloudVulnEngine | [fd107cad] POST /api/scans | status=201 | ip=127.0.0.1 | 19.05ms
2026-08-18T09:27:59 | INFO     | CloudVulnEngine | [30371d78] POST /api/analysis/target | status=200 | ip=127.0.0.1 | 11347.86ms
2026-08-18T09:27:59 | INFO     | CloudVulnEngine | Scan created: SCAN-2026-9851 | target=github.com
2026-08-18T09:27:59 | INFO     | CloudVulnEngine | [4a227c1c] POST /api/scans | status=201 | ip=127.0.0.1 | 33.79ms
2026-08-18T09:29:01 | INFO     | CloudVulnEngine | [21ccf321] GET /api/dashboard/summary | status=200 | ip=127.0.0.1 | 14.57ms
2026-08-18T09:29:01 | INFO     | CloudVulnEngine | [524da58f] GET /api/dashboard/risk-statistics | status=200 | ip=127.0.0.1 | 16.99ms
2026-08-18T09:29:01 | INFO     | CloudVulnEngine | [2a06dd72] GET /api/dashboard/activity | status=200 | ip=127.0.0.1 | 26.43ms
2026-08-18T09:29:01 | INFO     | CloudVulnEngine | [463602da] GET /api/dashboard/recent-scans | status=200 | ip=127.0.0.1 | 33.42ms
2026-08-18T09:29:01 | INFO     | CloudVulnEngine | [a5c4b249] GET /api/dashboard/summary | status=200 | ip=127.0.0.1 | 20.86ms
2026-08-18T09:29:01 | INFO     | CloudVulnEngine | [94ae9bf6] GET /api/dashboard/risk-statistics | status=200 | ip=127.0.0.1 | 28.16ms
2026-08-18T09:29:01 | INFO     | CloudVulnEngine | [4e8aa360] GET /api/dashboard/activity | status=200 | ip=127.0.0.1 | 19.15ms
2026-08-18T09:29:01 | INFO     | CloudVulnEngine | [a196d17f] GET /api/dashboard/recent-scans | status=200 | ip=127.0.0.1 | 20.46ms
2026-08-18T09:29:23 | INFO     | CloudVulnEngine | [af30cec9] GET /api/scans | status=200 | ip=127.0.0.1 | 14.33ms
2026-08-18T09:29:23 | INFO     | CloudVulnEngine | [8e45befc] GET /api/scans | status=200 | ip=127.0.0.1 | 8.65ms
2026-08-18T09:29:25 | INFO     | CloudVulnEngine | [f94b8729] GET /api/reports/DEFAULT-001 | status=200 | ip=127.0.0.1 | 11.01ms
2026-08-18T09:29:25 | INFO     | CloudVulnEngine | [527103c8] GET /api/reports/DEFAULT-001 | status=200 | ip=127.0.0.1 | 5.2ms
2026-08-18T09:29:26 | INFO     | CloudVulnEngine | [29b9c66d] POST /api/analysis/target | status=200 | ip=127.0.0.1 | 4054.09ms
2026-08-18T09:29:26 | INFO     | CloudVulnEngine | [86d95576] POST /api/analysis/target | status=200 | ip=127.0.0.1 | 4072.0ms
2026-08-18T09:29:26 | INFO     | CloudVulnEngine | Scan created: SCAN-2026-6543 | target=api.production.cloudvuln.io
2026-08-18T09:29:26 | INFO     | CloudVulnEngine | [d68c7c5e] POST /api/scans | status=201 | ip=127.0.0.1 | 33.57ms
2026-08-18T09:29:26 | INFO     | CloudVulnEngine | Scan created: SCAN-2026-7295 | target=api.production.cloudvuln.io
2026-08-18T09:29:26 | INFO     | CloudVulnEngine | [686a0f00] POST /api/scans | status=201 | ip=127.0.0.1 | 29.88ms
2026-08-18T09:29:30 | INFO     | CloudVulnEngine | [a83b4221] GET /api/reports/DEFAULT-001 | status=200 | ip=127.0.0.1 | 4.59ms
2026-08-18T09:29:30 | INFO     | CloudVulnEngine | [d2521e35] GET /api/reports/DEFAULT-001 | status=200 | ip=127.0.0.1 | 6.75ms
2026-08-18T09:31:44 | INFO     | CloudVulnEngine | [d1375fa2] GET /api/dashboard/summary | status=200 | ip=127.0.0.1 | 17.8ms
2026-08-18T09:31:44 | INFO     | CloudVulnEngine | [3304049d] GET /api/dashboard/risk-statistics | status=200 | ip=127.0.0.1 | 17.25ms
2026-08-18T09:31:44 | INFO     | CloudVulnEngine | [054d09aa] GET /api/dashboard/recent-scans | status=200 | ip=127.0.0.1 | 22.94ms
2026-08-18T09:31:44 | INFO     | CloudVulnEngine | [45cf6ef1] GET /api/dashboard/activity | status=200 | ip=127.0.0.1 | 24.11ms
2026-08-18T09:31:44 | INFO     | CloudVulnEngine | [39039417] GET /api/dashboard/risk-statistics | status=200 | ip=127.0.0.1 | 20.61ms
2026-08-18T09:31:44 | INFO     | CloudVulnEngine | [929530c7] GET /api/dashboard/summary | status=200 | ip=127.0.0.1 | 43.5ms
2026-08-18T09:31:44 | INFO     | CloudVulnEngine | [5e679db7] GET /api/dashboard/activity | status=200 | ip=127.0.0.1 | 49.0ms
2026-08-18T09:31:44 | INFO     | CloudVulnEngine | [472b5af6] GET /api/dashboard/recent-scans | status=200 | ip=127.0.0.1 | 72.83ms
2026-08-18T09:31:48 | INFO     | CloudVulnEngine | [667d9b33] GET /api/cve/search | status=200 | ip=127.0.0.1 | 4286.91ms
2026-08-18T09:31:52 | INFO     | CloudVulnEngine | [0ee33fe6] GET /api/cve/search | status=200 | ip=127.0.0.1 | 4219.05ms
2026-08-18T09:32:07 | INFO     | CloudVulnEngine | [0a890bbf] POST /api/analysis/target | status=200 | ip=127.0.0.1 | 4010.8ms
2026-08-18T09:32:07 | INFO     | CloudVulnEngine | Scan created: SCAN-2026-3751 | target=api.production.cloudvuln.io
2026-08-18T09:32:07 | INFO     | CloudVulnEngine | [7a349f99] POST /api/scans | status=201 | ip=127.0.0.1 | 14.18ms
2026-08-18T09:32:09 | INFO     | CloudVulnEngine | [1d74dfa4] POST /api/analysis/target | status=200 | ip=127.0.0.1 | 5219.31ms
2026-08-18T09:32:09 | INFO     | CloudVulnEngine | Scan created: SCAN-2026-9848 | target=api.production.cloudvuln.io
2026-08-18T09:32:09 | INFO     | CloudVulnEngine | [9d2a0e19] POST /api/scans | status=201 | ip=127.0.0.1 | 16.29ms
2026-09-01T08:59:38 | INFO     | CloudVulnEngine | [aaa03666] GET / | status=200 | ip=127.0.0.1 | 65.9ms
2026-09-01T08:59:39 | WARNING  | CloudVulnEngine | [b78ac187] GET /favicon.ico | status=404 | ip=127.0.0.1 | 0.51ms
2026-09-01T08:59:42 | INFO     | CloudVulnEngine | [d5622929] GET /api/dashboard/summary | status=200 | ip=127.0.0.1 | 330.98ms
2026-09-01T08:59:42 | INFO     | CloudVulnEngine | [8ceeb8af] GET /api/dashboard/risk-statistics | status=200 | ip=127.0.0.1 | 565.28ms
2026-09-01T08:59:43 | INFO     | CloudVulnEngine | [00a9125c] GET /api/dashboard/recent-scans | status=200 | ip=127.0.0.1 | 883.01ms
2026-09-01T08:59:43 | INFO     | CloudVulnEngine | [df4167fc] GET /api/dashboard/activity | status=200 | ip=127.0.0.1 | 786.72ms
2026-09-01T08:59:43 | INFO     | CloudVulnEngine | [f892730b] GET /api/dashboard/summary | status=200 | ip=127.0.0.1 | 468.16ms
2026-09-01T08:59:43 | INFO     | CloudVulnEngine | [291b0eb0] GET /api/dashboard/risk-statistics | status=200 | ip=127.0.0.1 | 341.89ms
2026-09-01T08:59:43 | INFO     | CloudVulnEngine | [5f1cd7d5] GET /api/dashboard/recent-scans | status=200 | ip=127.0.0.1 | 309.9ms
2026-09-01T08:59:43 | INFO     | CloudVulnEngine | [22912eff] GET /api/dashboard/activity | status=200 | ip=127.0.0.1 | 320.4ms
2026-09-01T08:59:44 | INFO     | CloudVulnEngine | [a16fde78] GET /api/dashboard/summary | status=200 | ip=127.0.0.1 | 138.45ms
2026-09-01T08:59:44 | INFO     | CloudVulnEngine | [61a51a42] GET /api/dashboard/recent-scans | status=200 | ip=127.0.0.1 | 42.29ms
2026-09-01T08:59:44 | INFO     | CloudVulnEngine | [a8329e82] GET /api/dashboard/activity | status=200 | ip=127.0.0.1 | 169.45ms
2026-09-01T08:59:44 | INFO     | CloudVulnEngine | [abd57e4b] GET /api/dashboard/risk-statistics | status=200 | ip=127.0.0.1 | 435.35ms
2026-09-01T08:59:45 | INFO     | CloudVulnEngine | [5d574630] GET /api/dashboard/summary | status=200 | ip=127.0.0.1 | 309.03ms
2026-09-01T08:59:45 | INFO     | CloudVulnEngine | [55b976f6] GET /api/dashboard/recent-scans | status=200 | ip=127.0.0.1 | 168.74ms
2026-09-01T08:59:45 | INFO     | CloudVulnEngine | [a30d96f9] GET /api/dashboard/risk-statistics | status=200 | ip=127.0.0.1 | 253.55ms
2026-09-01T08:59:45 | INFO     | CloudVulnEngine | [d20476a3] GET /api/dashboard/activity | status=200 | ip=127.0.0.1 | 317.7ms
2026-09-01T08:59:47 | INFO     | CloudVulnEngine | [bb653172] GET /api/cve/search | status=200 | ip=127.0.0.1 | 4937.69ms
2026-09-01T08:59:48 | INFO     | CloudVulnEngine | [03ab3029] GET /api/cve/search | status=200 | ip=127.0.0.1 | 4008.76ms
2026-09-01T08:59:52 | INFO     | CloudVulnEngine | [555fef14] GET /api/cve/search | status=200 | ip=127.0.0.1 | 4101.02ms
2026-09-01T08:59:57 | INFO     | CloudVulnEngine | [ef7c204a] GET /api/dashboard/summary | status=200 | ip=127.0.0.1 | 116.25ms
2026-09-01T08:59:58 | INFO     | CloudVulnEngine | [bf6250dc] GET /api/dashboard/risk-statistics | status=200 | ip=127.0.0.1 | 1333.63ms
2026-09-01T08:59:58 | INFO     | CloudVulnEngine | [240654f6] GET /api/dashboard/recent-scans | status=200 | ip=127.0.0.1 | 1462.59ms
2026-09-01T08:59:59 | INFO     | CloudVulnEngine | [9f3116bf] GET /api/dashboard/activity | status=200 | ip=127.0.0.1 | 1998.9ms
2026-09-01T09:00:02 | INFO     | CloudVulnEngine | [5c1f6ead] GET /api/dashboard/summary | status=200 | ip=127.0.0.1 | 3791.7ms
2026-09-01T09:00:04 | INFO     | CloudVulnEngine | [be20476f] GET /api/cve/search | status=200 | ip=127.0.0.1 | 7479.52ms
2026-09-01T09:00:04 | INFO     | CloudVulnEngine | [a99f226c] GET /api/dashboard/risk-statistics | status=200 | ip=127.0.0.1 | 5744.14ms
2026-09-01T09:00:04 | INFO     | CloudVulnEngine | [870eb5d1] GET /api/dashboard/recent-scans | status=200 | ip=127.0.0.1 | 5208.44ms
2026-09-01T09:00:05 | INFO     | CloudVulnEngine | [4194281f] GET /api/dashboard/activity | status=200 | ip=127.0.0.1 | 4952.67ms
2026-09-01T09:00:08 | INFO     | CloudVulnEngine | [84440d91] GET /api/cve/search | status=200 | ip=127.0.0.1 | 3774.8ms
2026-09-01T09:00:32 | INFO     | CloudVulnEngine | [6f135ffa] POST /api/analysis/target | status=200 | ip=127.0.0.1 | 3927.73ms
2026-09-01T09:00:32 | INFO     | CloudVulnEngine | [817c7ef4] POST /api/analysis/target | status=200 | ip=127.0.0.1 | 3970.18ms
2026-09-01T09:00:33 | INFO     | CloudVulnEngine | Scan created: SCAN-2026-6134 | target=api.production.cloudvuln.io
2026-09-01T09:00:33 | INFO     | CloudVulnEngine | Scan created: SCAN-2026-5012 | target=api.production.cloudvuln.io
2026-09-01T09:00:33 | INFO     | CloudVulnEngine | [ce498810] POST /api/scans | status=201 | ip=127.0.0.1 | 140.77ms
2026-09-01T09:00:33 | INFO     | CloudVulnEngine | [48d2cb12] POST /api/scans | status=201 | ip=127.0.0.1 | 203.98ms
2026-09-01T09:00:47 | INFO     | CloudVulnEngine | [3f966b0a] POST /api/analysis/target | status=200 | ip=127.0.0.1 | 12017.32ms
2026-09-01T09:00:48 | INFO     | CloudVulnEngine | [9b128886] POST /api/analysis/target | status=200 | ip=127.0.0.1 | 12512.37ms
2026-09-01T09:00:48 | INFO     | CloudVulnEngine | Scan created: SCAN-2026-1950 | target=api.production.cloudvuln.io
2026-09-01T09:00:48 | INFO     | CloudVulnEngine | Scan created: SCAN-2026-7670 | target=api.production.cloudvuln.io
2026-09-01T09:00:48 | INFO     | CloudVulnEngine | [aa851181] POST /api/scans | status=201 | ip=127.0.0.1 | 335.37ms
2026-09-01T09:00:48 | INFO     | CloudVulnEngine | [d53978d3] POST /api/scans | status=201 | ip=127.0.0.1 | 202.63ms
2026-09-01T09:01:51 | INFO     | CloudVulnEngine | [0f6139de] POST /api/analysis/target | status=200 | ip=127.0.0.1 | 4861.17ms
2026-09-01T09:01:51 | INFO     | CloudVulnEngine | Scan created: SCAN-2026-8272 | target=api.production.cloudvuln.io
2026-09-01T09:01:51 | INFO     | CloudVulnEngine | [2615f94d] POST /api/scans | status=201 | ip=127.0.0.1 | 43.5ms
2026-09-01T09:01:52 | INFO     | CloudVulnEngine | [a115e3a9] POST /api/analysis/target | status=200 | ip=127.0.0.1 | 6044.65ms
2026-09-01T09:01:52 | INFO     | CloudVulnEngine | Scan created: SCAN-2026-5605 | target=api.production.cloudvuln.io
2026-09-01T09:01:52 | INFO     | CloudVulnEngine | [7e89de8b] POST /api/scans | status=201 | ip=127.0.0.1 | 70.6ms
2026-09-01T09:02:09 | INFO     | CloudVulnEngine | [2a2debd1] GET /api/dashboard/activity | status=200 | ip=127.0.0.1 | 67.12ms
2026-09-01T09:02:09 | INFO     | CloudVulnEngine | [e6cc03d6] GET /api/dashboard/risk-statistics | status=200 | ip=127.0.0.1 | 127.02ms
2026-09-01T09:02:09 | INFO     | CloudVulnEngine | [f4fa0933] GET /api/dashboard/summary | status=200 | ip=127.0.0.1 | 159.56ms
2026-09-01T09:02:09 | INFO     | CloudVulnEngine | [1ad5778a] GET /api/dashboard/recent-scans | status=200 | ip=127.0.0.1 | 250.85ms
2026-09-01T09:02:09 | INFO     | CloudVulnEngine | [a419483d] GET /api/dashboard/activity | status=200 | ip=127.0.0.1 | 143.54ms
2026-09-01T09:02:09 | INFO     | CloudVulnEngine | [1a767a38] GET /api/dashboard/summary | status=200 | ip=127.0.0.1 | 82.6ms
2026-09-01T09:02:09 | INFO     | CloudVulnEngine | [1a5ea1f3] GET /api/dashboard/risk-statistics | status=200 | ip=127.0.0.1 | 113.09ms
2026-09-01T09:02:09 | INFO     | CloudVulnEngine | [1ca9f665] GET /api/dashboard/recent-scans | status=200 | ip=127.0.0.1 | 120.76ms
2026-09-01T09:02:10 | INFO     | CloudVulnEngine | [7c40a021] GET /api/cve/search | status=200 | ip=127.0.0.1 | 1405.98ms
2026-09-01T09:02:12 | INFO     | CloudVulnEngine | [8789e1c1] GET /api/cve/search | status=200 | ip=127.0.0.1 | 1558.1ms
2026-09-01T09:03:54 | INFO     | CloudVulnEngine | [8da1ef50] GET /api/dashboard/summary | status=200 | ip=127.0.0.1 | 3.19ms
2026-09-01T09:03:54 | INFO     | CloudVulnEngine | [2f33d139] GET /api/dashboard/risk-statistics | status=200 | ip=127.0.0.1 | 2.1ms
2026-09-01T09:03:54 | INFO     | CloudVulnEngine | [a52f44bc] GET /api/dashboard/activity | status=200 | ip=127.0.0.1 | 70.83ms
2026-09-01T09:03:54 | INFO     | CloudVulnEngine | [00bc40e4] GET /api/dashboard/summary | status=200 | ip=127.0.0.1 | 75.42ms
2026-09-01T09:03:54 | INFO     | CloudVulnEngine | [32d490d3] GET /api/dashboard/risk-statistics | status=200 | ip=127.0.0.1 | 84.02ms
2026-09-01T09:03:54 | INFO     | CloudVulnEngine | [1ea7c7c3] GET /api/dashboard/recent-scans | status=200 | ip=127.0.0.1 | 90.08ms
2026-09-01T09:03:54 | INFO     | CloudVulnEngine | [dd4745bf] GET /api/dashboard/activity | status=200 | ip=127.0.0.1 | 1.76ms
2026-09-01T09:03:54 | INFO     | CloudVulnEngine | [79842ab7] GET /api/dashboard/recent-scans | status=200 | ip=127.0.0.1 | 3.58ms
2026-09-01T09:03:55 | INFO     | CloudVulnEngine | [5e1154a6] GET /api/cve/search | status=200 | ip=127.0.0.1 | 1174.53ms
2026-09-01T09:03:56 | INFO     | CloudVulnEngine | [3bf3c4c9] GET /api/cve/search | status=200 | ip=127.0.0.1 | 1121.8ms
